2026-10-02 14:10:43.977 INFO   Freerouting v2.1.0 (build-date: 2025-04-12)
2026-10-02 14:10:44.048 WARN   No default constructor found for field: currentLocale
2026-10-02 14:10:44.049 INFO   Settings were loaded from freerouting.json
java.util.concurrent.CompletionException: java.lang.NullPointerException: Cannot invoke "com.google.gson.JsonElement.getAsString()" because the return value of "com.google.gson.JsonObject.get(String)" is null
	at java.base/java.util.concurrent.CompletableFuture.encodeThrowable(CompletableFuture.java:315)
	at java.base/java.util.concurrent.CompletableFuture.completeThrowable(CompletableFuture.java:320)
	at java.base/java.util.concurrent.CompletableFuture$UniAccept.tryFire(CompletableFuture.java:722)
	at java.base/java.util.concurrent.CompletableFuture.postComplete(CompletableFuture.java:510)
	at java.base/java.util.concurrent.CompletableFuture.postFire(CompletableFuture.java:614)
	at java.base/java.util.concurrent.CompletableFuture$UniWhenComplete.tryFire(CompletableFuture.java:844)
	at java.base/java.util.concurrent.CompletableFuture$Completion.exec(CompletableFuture.java:483)
	at java.base/java.util.concurrent.ForkJoinTask.doExec(ForkJoinTask.java:387)
	at java.base/java.util.concurrent.ForkJoinPool$WorkQueue.topLevelExec(ForkJoinPool.java:1312)
	at java.base/java.util.concurrent.ForkJoinPool.scan(ForkJoinPool.java:1843)
	at java.base/java.util.concurrent.ForkJoinPool.runWorker(ForkJoinPool.java:1808)
	at java.base/java.util.concurrent.ForkJoinWorkerThread.run(ForkJoinWorkerThread.java:188)
Caused by: java.lang.NullPointerException: Cannot invoke "com.google.gson.JsonElement.getAsString()" because the return value of "com.google.gson.JsonObject.get(String)" is null
	at app.freerouting.management.VersionChecker.processResponse(VersionChecker.java:47)
	at java.base/java.util.concurrent.CompletableFuture$UniAccept.tryFire(CompletableFuture.java:718)
	... 9 more
2026-10-02 14:10:45.421 INFO   [178CA9\2859C6] Job '178CA9\2859C6' started at 2026-10-02T18:10:45.420928092Z
2026-10-02 14:10:46.317 INFO   [178CA9\2859C6] Auto-router pass #1 on board '1fe7b1c73b71852bc4f703ec8457f3c8' was completed in 0.78 seconds with the score of 780.46 (10 unrouted).
2026-10-02 14:10:46.716 INFO   [178CA9\2859C6] Auto-router pass #2 on board '737334e4e96d95909b069b08d61ef76a' was completed in 0.37 seconds with the score of 789.67 (10 unrouted), using 0.96 CPU seconds and 390 MB memory.
2026-10-02 14:10:46.875 INFO   [178CA9\2859C6] Auto-router pass #3 on board 'aa4922d1c5c00dbdad1e9e49d5f32ded' was completed in 0.14 seconds with the score of 789.67 (10 unrouted), using 0.96 CPU seconds and 390 MB memory.
2026-10-02 14:10:47.784 INFO   [178CA9\2859C6] Auto-router pass #4 on board 'aa4922d1c5c00dbdad1e9e49d5f32ded' was completed in 0.90 seconds with the score of 835.94 (10 unrouted), using 2.89 CPU seconds and 941 MB memory.
2026-10-02 14:10:47.923 WARN   ShapeSearchTree45Degree.complete_shape: cannot convert room shape Simplex to IntOctagon
2026-10-02 14:10:47.923 WARN   ShapeSearchTree45Degree.complete_shape: cannot convert room shape Simplex to IntOctagon
2026-10-02 14:10:47.924 WARN   ShapeSearchTree45Degree.complete_shape: cannot convert room shape Simplex to IntOctagon
2026-10-02 14:10:47.924 WARN   ShapeSearchTree45Degree.complete_shape: cannot convert room shape Simplex to IntOctagon
2026-10-02 14:10:47.926 WARN   ShapeSearchTree45Degree.complete_shape: cannot convert room shape Simplex to IntOctagon
2026-10-02 14:10:47.926 WARN   ShapeSearchTree45Degree.complete_shape: cannot convert room shape Simplex to IntOctagon
2026-10-02 14:10:47.926 WARN   ShapeSearchTree45Degree.complete_shape: cannot convert room shape Simplex to IntOctagon
2026-10-02 14:10:47.926 WARN   ShapeSearchTree45Degree.complete_shape: cannot convert room shape Simplex to IntOctagon
2026-10-02 14:10:47.926 WARN   ShapeSearchTree45Degree.complete_shape: cannot convert room shape Simplex to IntOctagon
2026-10-02 14:10:48.026 INFO   [178CA9\2859C6] Auto-router pass #5 on board 'cfe292d276c92f359f98c25a80e73056' was completed in 0.22 seconds with the score of 817.26 (11 unrouted), using 2.89 CPU seconds and 941 MB memory.
2026-10-02 14:10:48.286 INFO   [178CA9\2859C6] Auto-router pass #6 on board 'a959986536e71c99810a6e2e9cd1a240' was completed in 0.24 seconds with the score of 854.42 (10 unrouted), using 2.89 CPU seconds and 941 MB memory.
2026-10-02 14:10:48.485 INFO   [178CA9\2859C6] Auto-router pass #7 on board 'f383437f6b36604c0aa3df68bcc4162c' was completed in 0.18 seconds with the score of 854.42 (10 unrouted), using 5.80 CPU seconds and 1522 MB memory.
2026-10-02 14:10:49.353 INFO   [178CA9\2859C6] Auto-router pass #8 on board 'f383437f6b36604c0aa3df68bcc4162c' was completed in 0.86 seconds with the score of 821.27 (8 unrouted), using 5.80 CPU seconds and 1522 MB memory.
2026-10-02 14:10:49.454 INFO   [178CA9\2859C6] Auto-router pass #9 on board '30fa848b58764fe85ef0a58824878cda' was completed in 0.09 seconds with the score of 817.49 (8 unrouted), using 9.69 CPU seconds and 2190 MB memory.
2026-10-02 14:10:49.564 INFO   [178CA9\2859C6] Auto-router pass #10 on board 'df8f9c83cb7a83a78adf93e5f351cd9d' was completed in 0.10 seconds with the score of 817.49 (8 unrouted), using 9.69 CPU seconds and 2190 MB memory.
2026-10-02 14:10:49.665 INFO   [178CA9\2859C6] Auto-router pass #11 on board 'df8f9c83cb7a83a78adf93e5f351cd9d' was completed in 0.10 seconds with the score of 817.49 (8 unrouted), using 9.69 CPU seconds and 2190 MB memory.
2026-10-02 14:10:50.732 INFO   [178CA9\2859C6] Auto-router pass #12 on board 'df8f9c83cb7a83a78adf93e5f351cd9d' was completed in 1.06 seconds with the score of 889.40 (6 unrouted), using 14.56 CPU seconds and 2900 MB memory.
2026-10-02 14:10:50.824 INFO   [178CA9\2859C6] Auto-router pass #13 on board 'e667e8989c49e06709bedb96c0fec677' was completed in 0.08 seconds with the score of 889.40 (6 unrouted), using 14.56 CPU seconds and 2900 MB memory.
2026-10-02 14:10:50.907 INFO   [178CA9\2859C6] Auto-router pass #14 on board 'e667e8989c49e06709bedb96c0fec677' was completed in 0.08 seconds with the score of 889.40 (6 unrouted), using 14.56 CPU seconds and 2900 MB memory.
2026-10-02 14:10:50.990 INFO   [178CA9\2859C6] Auto-router pass #15 on board 'e667e8989c49e06709bedb96c0fec677' was completed in 0.08 seconds with the score of 889.40 (6 unrouted), using 14.56 CPU seconds and 2900 MB memory.
2026-10-02 14:10:51.619 INFO   [178CA9\2859C6] Auto-router pass #16 on board 'e667e8989c49e06709bedb96c0fec677' was completed in 0.62 seconds with the score of 899.16 (6 unrouted), using 20.41 CPU seconds and 3636 MB memory.
2026-10-02 14:10:51.709 INFO   [178CA9\2859C6] Auto-router pass #17 on board '3afff497eebdcb298b27cff7f18ea29b' was completed in 0.08 seconds with the score of 899.16 (6 unrouted), using 20.41 CPU seconds and 3636 MB memory.
2026-10-02 14:10:51.790 INFO   [178CA9\2859C6] Auto-router pass #18 on board '3afff497eebdcb298b27cff7f18ea29b' was completed in 0.07 seconds with the score of 899.16 (6 unrouted), using 20.41 CPU seconds and 3636 MB memory.
2026-10-02 14:10:51.868 INFO   [178CA9\2859C6] Auto-router pass #19 on board '3afff497eebdcb298b27cff7f18ea29b' was completed in 0.07 seconds with the score of 899.16 (6 unrouted), using 20.41 CPU seconds and 3636 MB memory.
2026-10-02 14:10:51.968 INFO   [178CA9\2859C6] Restoring an earlier board that has the score of 899.16 (6 unrouted).
2026-10-02 14:10:51.968 INFO   [178CA9\2859C6] Auto-router pass #20 on board '3afff497eebdcb298b27cff7f18ea29b' was completed in 0.10 seconds with the score of 899.16 (6 unrouted), using 20.41 CPU seconds and 3636 MB memory.
2026-10-02 14:10:52.110 INFO   [178CA9\2859C6] Auto-router pass #21 on board '3afff497eebdcb298b27cff7f18ea29b' was completed in 0.14 seconds with the score of 899.16 (6 unrouted), using 20.41 CPU seconds and 3636 MB memory.
2026-10-02 14:10:52.188 INFO   [178CA9\2859C6] Auto-router pass #22 on board '3afff497eebdcb298b27cff7f18ea29b' was completed in 0.07 seconds with the score of 899.16 (6 unrouted), using 20.41 CPU seconds and 3636 MB memory.
2026-10-02 14:10:52.263 INFO   [178CA9\2859C6] Auto-router pass #23 on board '3afff497eebdcb298b27cff7f18ea29b' was completed in 0.07 seconds with the score of 899.16 (6 unrouted), using 20.41 CPU seconds and 3636 MB memory.
2026-10-02 14:10:52.911 INFO   [178CA9\2859C6] Auto-router pass #24 on board '3afff497eebdcb298b27cff7f18ea29b' was completed in 0.64 seconds with the score of 950.85 (3 unrouted), using 27.24 CPU seconds and 4471 MB memory.
2026-10-02 14:10:52.946 WARN   ShapeSearchTree45Degree.complete_shape: cannot convert room shape Simplex to IntOctagon
2026-10-02 14:10:52.946 WARN   ShapeSearchTree45Degree.complete_shape: cannot convert room shape Simplex to IntOctagon
2026-10-02 14:10:52.946 WARN   ShapeSearchTree45Degree.complete_shape: cannot convert room shape Simplex to IntOctagon
2026-10-02 14:10:52.946 WARN   ShapeSearchTree45Degree.complete_shape: cannot convert room shape Simplex to IntOctagon
2026-10-02 14:10:52.946 WARN   ShapeSearchTree45Degree.complete_shape: cannot convert room shape Simplex to IntOctagon
2026-10-02 14:10:52.946 WARN   ShapeSearchTree45Degree.complete_shape: cannot convert room shape Simplex to IntOctagon
2026-10-02 14:10:52.946 WARN   ShapeSearchTree45Degree.complete_shape: cannot convert room shape Simplex to IntOctagon
2026-10-02 14:10:52.949 WARN   ShapeSearchTree45Degree.complete_shape: cannot convert room shape Simplex to IntOctagon
2026-10-02 14:10:52.949 WARN   ShapeSearchTree45Degree.complete_shape: cannot convert room shape Simplex to IntOctagon
2026-10-02 14:10:52.949 WARN   ShapeSearchTree45Degree.complete_shape: cannot convert room shape Simplex to IntOctagon
2026-10-02 14:10:52.949 WARN   ShapeSearchTree45Degree.complete_shape: cannot convert room shape Simplex to IntOctagon
2026-10-02 14:10:52.950 WARN   ShapeSearchTree45Degree.complete_shape: cannot convert room shape Simplex to IntOctagon
2026-10-02 14:10:52.950 WARN   ShapeSearchTree45Degree.complete_shape: cannot convert room shape Simplex to IntOctagon
2026-10-02 14:10:52.950 WARN   ShapeSearchTree45Degree.complete_shape: cannot convert room shape Simplex to IntOctagon
2026-10-02 14:10:52.950 WARN   ShapeSearchTree45Degree.complete_shape: cannot convert room shape Simplex to IntOctagon
2026-10-02 14:10:52.950 WARN   ShapeSearchTree45Degree.complete_shape: cannot convert room shape Simplex to IntOctagon
2026-10-02 14:10:52.950 WARN   ShapeSearchTree45Degree.complete_shape: cannot convert room shape Simplex to IntOctagon
2026-10-02 14:10:52.951 WARN   ShapeSearchTree45Degree.complete_shape: cannot convert room shape Simplex to IntOctagon
2026-10-02 14:10:52.951 WARN   ShapeSearchTree45Degree.complete_shape: cannot convert room shape Simplex to IntOctagon
2026-10-02 14:10:52.951 WARN   ShapeSearchTree45Degree.complete_shape: cannot convert room shape Simplex to IntOctagon
2026-10-02 14:10:52.951 WARN   ShapeSearchTree45Degree.complete_shape: cannot convert room shape Simplex to IntOctagon
2026-10-02 14:10:52.951 WARN   ShapeSearchTree45Degree.complete_shape: cannot convert room shape Simplex to IntOctagon
2026-10-02 14:10:52.951 WARN   ShapeSearchTree45Degree.complete_shape: cannot convert room shape Simplex to IntOctagon
2026-10-02 14:10:52.951 WARN   ShapeSearchTree45Degree.complete_shape: cannot convert room shape Simplex to IntOctagon
2026-10-02 14:10:52.951 WARN   ShapeSearchTree45Degree.complete_shape: cannot convert room shape Simplex to IntOctagon
2026-10-02 14:10:52.951 WARN   ShapeSearchTree45Degree.complete_shape: cannot convert room shape Simplex to IntOctagon
2026-10-02 14:10:52.952 WARN   ShapeSearchTree45Degree.complete_shape: cannot convert room shape Simplex to IntOctagon
2026-10-02 14:10:52.952 WARN   ShapeSearchTree45Degree.complete_shape: cannot convert room shape Simplex to IntOctagon
2026-10-02 14:10:52.952 WARN   ShapeSearchTree45Degree.complete_shape: cannot convert room shape Simplex to IntOctagon
2026-10-02 14:10:52.952 WARN   ShapeSearchTree45Degree.complete_shape: cannot convert room shape Simplex to IntOctagon
2026-10-02 14:10:52.952 WARN   ShapeSearchTree45Degree.complete_shape: cannot convert room shape Simplex to IntOctagon
2026-10-02 14:10:52.952 WARN   ShapeSearchTree45Degree.complete_shape: cannot convert room shape Simplex to IntOctagon
2026-10-02 14:10:52.952 WARN   ShapeSearchTree45Degree.complete_shape: cannot convert room shape Simplex to IntOctagon
2026-10-02 14:10:52.952 WARN   ShapeSearchTree45Degree.complete_shape: cannot convert room shape Simplex to IntOctagon
2026-10-02 14:10:52.952 WARN   ShapeSearchTree45Degree.complete_shape: cannot convert room shape Simplex to IntOctagon
2026-10-02 14:10:52.953 WARN   ShapeSearchTree45Degree.complete_shape: cannot convert room shape Simplex to IntOctagon
2026-10-02 14:10:52.953 WARN   ShapeSearchTree45Degree.complete_shape: cannot convert room shape Simplex to IntOctagon
2026-10-02 14:10:52.953 WARN   ShapeSearchTree45Degree.complete_shape: cannot convert room shape Simplex to IntOctagon
2026-10-02 14:10:52.953 WARN   ShapeSearchTree45Degree.complete_shape: cannot convert room shape Simplex to IntOctagon
2026-10-02 14:10:52.953 WARN   ShapeSearchTree45Degree.complete_shape: cannot convert room shape Simplex to IntOctagon
2026-10-02 14:10:52.953 WARN   ShapeSearchTree45Degree.complete_shape: cannot convert room shape Simplex to IntOctagon
2026-10-02 14:10:52.953 WARN   ShapeSearchTree45Degree.complete_shape: cannot convert room shape Simplex to IntOctagon
2026-10-02 14:10:52.956 WARN   ShapeSearchTree45Degree.complete_shape: cannot convert room shape Simplex to IntOctagon
2026-10-02 14:10:52.956 WARN   ShapeSearchTree45Degree.complete_shape: cannot convert room shape Simplex to IntOctagon
2026-10-02 14:10:52.956 WARN   ShapeSearchTree45Degree.complete_shape: cannot convert room shape Simplex to IntOctagon
2026-10-02 14:10:52.956 WARN   ShapeSearchTree45Degree.complete_shape: cannot convert room shape Simplex to IntOctagon
2026-10-02 14:10:52.956 WARN   ShapeSearchTree45Degree.complete_shape: cannot convert room shape Simplex to IntOctagon
2026-10-02 14:10:52.956 WARN   ShapeSearchTree45Degree.complete_shape: cannot convert room shape Simplex to IntOctagon
2026-10-02 14:10:52.956 WARN   ShapeSearchTree45Degree.complete_shape: cannot convert room shape Simplex to IntOctagon
2026-10-02 14:10:52.983 WARN   ShapeSearchTree45Degree.complete_shape: cannot convert room shape Simplex to IntOctagon
2026-10-02 14:10:52.983 WARN   ShapeSearchTree45Degree.complete_shape: cannot convert room shape Simplex to IntOctagon
2026-10-02 14:10:52.984 WARN   ShapeSearchTree45Degree.complete_shape: cannot convert room shape Simplex to IntOctagon
2026-10-02 14:10:52.984 WARN   ShapeSearchTree45Degree.complete_shape: cannot convert room shape Simplex to IntOctagon
2026-10-02 14:10:52.984 WARN   ShapeSearchTree45Degree.complete_shape: cannot convert room shape Simplex to IntOctagon
2026-10-02 14:10:52.984 WARN   ShapeSearchTree45Degree.complete_shape: cannot convert room shape Simplex to IntOctagon
2026-10-02 14:10:52.984 WARN   ShapeSearchTree45Degree.complete_shape: cannot convert room shape Simplex to IntOctagon
2026-10-02 14:10:52.984 WARN   ShapeSearchTree45Degree.complete_shape: cannot convert room shape Simplex to IntOctagon
2026-10-02 14:10:52.984 WARN   ShapeSearchTree45Degree.complete_shape: cannot convert room shape Simplex to IntOctagon
2026-10-02 14:10:52.984 WARN   ShapeSearchTree45Degree.complete_shape: cannot convert room shape Simplex to IntOctagon
2026-10-02 14:10:52.985 WARN   ShapeSearchTree45Degree.complete_shape: cannot convert room shape Simplex to IntOctagon
2026-10-02 14:10:52.985 WARN   ShapeSearchTree45Degree.complete_shape: cannot convert room shape Simplex to IntOctagon
2026-10-02 14:10:52.985 WARN   ShapeSearchTree45Degree.complete_shape: cannot convert room shape Simplex to IntOctagon
2026-10-02 14:10:52.985 WARN   ShapeSearchTree45Degree.complete_shape: cannot convert room shape Simplex to IntOctagon
2026-10-02 14:10:52.985 WARN   ShapeSearchTree45Degree.complete_shape: cannot convert room shape Simplex to IntOctagon
2026-10-02 14:10:52.985 WARN   ShapeSearchTree45Degree.complete_shape: cannot convert room shape Simplex to IntOctagon
2026-10-02 14:10:52.985 WARN   ShapeSearchTree45Degree.complete_shape: cannot convert room shape Simplex to IntOctagon
2026-10-02 14:10:52.985 WARN   ShapeSearchTree45Degree.complete_shape: cannot convert room shape Simplex to IntOctagon
2026-10-02 14:10:52.985 WARN   ShapeSearchTree45Degree.complete_shape: cannot convert room shape Simplex to IntOctagon
2026-10-02 14:10:52.985 WARN   ShapeSearchTree45Degree.complete_shape: cannot convert room shape Simplex to IntOctagon
2026-10-02 14:10:52.986 WARN   ShapeSearchTree45Degree.complete_shape: cannot convert room shape Simplex to IntOctagon
2026-10-02 14:10:52.986 WARN   ShapeSearchTree45Degree.complete_shape: cannot convert room shape Simplex to IntOctagon
2026-10-02 14:10:52.986 WARN   ShapeSearchTree45Degree.complete_shape: cannot convert room shape Simplex to IntOctagon
2026-10-02 14:10:52.986 WARN   ShapeSearchTree45Degree.complete_shape: cannot convert room shape Simplex to IntOctagon
2026-10-02 14:10:52.986 WARN   ShapeSearchTree45Degree.complete_shape: cannot convert room shape Simplex to IntOctagon
2026-10-02 14:10:52.986 WARN   ShapeSearchTree45Degree.complete_shape: cannot convert room shape Simplex to IntOctagon
2026-10-02 14:10:52.986 WARN   ShapeSearchTree45Degree.complete_shape: cannot convert room shape Simplex to IntOctagon
2026-10-02 14:10:52.986 WARN   ShapeSearchTree45Degree.complete_shape: cannot convert room shape Simplex to IntOctagon
2026-10-02 14:10:52.996 WARN   ShapeSearchTree45Degree.complete_shape: cannot convert room shape Simplex to IntOctagon
2026-10-02 14:10:52.996 WARN   ShapeSearchTree45Degree.complete_shape: cannot convert room shape Simplex to IntOctagon
2026-10-02 14:10:52.996 WARN   ShapeSearchTree45Degree.complete_shape: cannot convert room shape Simplex to IntOctagon
2026-10-02 14:10:52.996 WARN   ShapeSearchTree45Degree.complete_shape: cannot convert room shape Simplex to IntOctagon
2026-10-02 14:10:52.996 WARN   ShapeSearchTree45Degree.complete_shape: cannot convert room shape Simplex to IntOctagon
2026-10-02 14:10:52.996 WARN   ShapeSearchTree45Degree.complete_shape: cannot convert room shape Simplex to IntOctagon
2026-10-02 14:10:52.996 WARN   ShapeSearchTree45Degree.complete_shape: cannot convert room shape Simplex to IntOctagon
2026-10-02 14:10:52.997 WARN   ShapeSearchTree45Degree.complete_shape: cannot convert room shape Simplex to IntOctagon
2026-10-02 14:10:52.997 WARN   ShapeSearchTree45Degree.complete_shape: cannot convert room shape Simplex to IntOctagon
2026-10-02 14:10:52.997 WARN   ShapeSearchTree45Degree.complete_shape: cannot convert room shape Simplex to IntOctagon
2026-10-02 14:10:52.997 WARN   ShapeSearchTree45Degree.complete_shape: cannot convert room shape Simplex to IntOctagon
2026-10-02 14:10:52.997 WARN   ShapeSearchTree45Degree.complete_shape: cannot convert room shape Simplex to IntOctagon
2026-10-02 14:10:52.999 WARN   ShapeSearchTree45Degree.complete_shape: cannot convert room shape Simplex to IntOctagon
2026-10-02 14:10:52.999 WARN   ShapeSearchTree45Degree.complete_shape: cannot convert room shape Simplex to IntOctagon
2026-10-02 14:10:52.999 WARN   ShapeSearchTree45Degree.complete_shape: cannot convert room shape Simplex to IntOctagon
2026-10-02 14:10:52.999 WARN   ShapeSearchTree45Degree.complete_shape: cannot convert room shape Simplex to IntOctagon
2026-10-02 14:10:52.999 WARN   ShapeSearchTree45Degree.complete_shape: cannot convert room shape Simplex to IntOctagon
2026-10-02 14:10:53.000 WARN   ShapeSearchTree45Degree.complete_shape: cannot convert room shape Simplex to IntOctagon
2026-10-02 14:10:53.000 WARN   ShapeSearchTree45Degree.complete_shape: cannot convert room shape Simplex to IntOctagon
2026-10-02 14:10:53.000 WARN   ShapeSearchTree45Degree.complete_shape: cannot convert room shape Simplex to IntOctagon
2026-10-02 14:10:53.000 WARN   ShapeSearchTree45Degree.complete_shape: cannot convert room shape Simplex to IntOctagon
2026-10-02 14:10:53.000 WARN   ShapeSearchTree45Degree.complete_shape: cannot convert room shape Simplex to IntOctagon
2026-10-02 14:10:53.010 INFO   [178CA9\2859C6] Auto-router pass #25 on board '958ad4e96c96210dfc4e647c7a4c5ddf' was completed in 0.09 seconds with the score of 950.85 (3 unrouted), using 27.24 CPU seconds and 4471 MB memory.
2026-10-02 14:10:53.061 INFO   [178CA9\2859C6] Auto-router pass #26 on board '958ad4e96c96210dfc4e647c7a4c5ddf' was completed in 0.05 seconds with the score of 950.85 (3 unrouted), using 27.24 CPU seconds and 4471 MB memory.
2026-10-02 14:10:53.113 INFO   [178CA9\2859C6] Auto-router pass #27 on board '958ad4e96c96210dfc4e647c7a4c5ddf' was completed in 0.05 seconds with the score of 950.85 (3 unrouted), using 27.24 CPU seconds and 4471 MB memory.
2026-10-02 14:10:53.792 INFO   [178CA9\2859C6] Restoring an earlier board that has the score of 950.85 (3 unrouted).
2026-10-02 14:10:53.792 INFO   [178CA9\2859C6] Auto-router pass #28 on board '958ad4e96c96210dfc4e647c7a4c5ddf' was completed in 0.67 seconds with the score of 838.99 (8 unrouted), using 35.06 CPU seconds and 5249 MB memory.
2026-10-02 14:10:54.029 INFO   [178CA9\2859C6] Auto-router pass #29 on board '958ad4e96c96210dfc4e647c7a4c5ddf' was completed in 0.23 seconds with the score of 894.08 (6 unrouted), using 35.06 CPU seconds and 5249 MB memory.
2026-10-02 14:10:54.391 INFO   [178CA9\2859C6] Auto-router pass #30 on board 'a3d3dc1202dc75463799dee9fe66ee72' was completed in 0.35 seconds with the score of 840.22 (8 unrouted), using 35.06 CPU seconds and 5249 MB memory.
2026-10-02 14:10:54.562 INFO   [178CA9\2859C6] Auto-router pass #31 on board '098c80e4e71787b649eae58bc82f7755' was completed in 0.16 seconds with the score of 880.85 (7 unrouted), using 43.85 CPU seconds and 6153 MB memory.
2026-10-02 14:10:55.889 INFO   [178CA9\2859C6] Restoring an earlier board that has the score of 950.85 (3 unrouted).
2026-10-02 14:10:55.889 INFO   [178CA9\2859C6] Auto-router pass #32 on board '8ce5f4ab93680b13f1d5e01837a724bf' was completed in 1.32 seconds with the score of 942.62 (4 unrouted), using 53.62 CPU seconds and 6819 MB memory.
2026-10-02 14:10:56.176 INFO   [178CA9\2859C6] Auto-router pass #33 on board '958ad4e96c96210dfc4e647c7a4c5ddf' was completed in 0.28 seconds with the score of 863.94 (7 unrouted), using 53.62 CPU seconds and 6819 MB memory.
2026-10-02 14:10:56.596 INFO   [178CA9\2859C6] Auto-router pass #34 on board 'f943e8828321ac8a2abcd61c269df0c7' was completed in 0.40 seconds with the score of 902.46 (6 unrouted), using 64.36 CPU seconds and 7443 MB memory.
2026-10-02 14:10:57.054 INFO   [178CA9\2859C6] Auto-router pass #35 on board '77120b9c0e12e581c2f9fb98bc5a746d' was completed in 0.44 seconds with the score of 920.55 (5 unrouted), using 64.36 CPU seconds and 7443 MB memory.
2026-10-02 14:10:57.977 INFO   [178CA9\2859C6] Restoring an earlier board that has the score of 950.85 (3 unrouted).
2026-10-02 14:10:57.978 INFO   [178CA9\2859C6] Auto-router pass #36 on board '68f1331bccfa13135b2c18e7b8bc4b8f' was completed in 0.91 seconds with the score of 929.46 (5 unrouted), using 76.09 CPU seconds and 8093 MB memory.
2026-10-02 14:10:58.214 INFO   [178CA9\2859C6] Auto-router pass #37 on board '958ad4e96c96210dfc4e647c7a4c5ddf' was completed in 0.23 seconds with the score of 918.50 (5 unrouted), using 76.09 CPU seconds and 8093 MB memory.
2026-10-02 14:10:58.487 INFO   [178CA9\2859C6] Auto-router pass #38 on board '0b3654ebaa1e6a9acab71249177108d0' was completed in 0.26 seconds with the score of 934.33 (4 unrouted), using 88.80 CPU seconds and 8724 MB memory.
2026-10-02 14:10:58.581 INFO   [178CA9\2859C6] Auto-router pass #39 on board 'cd774acd5de2dbc31ae5617d18994ccf' was completed in 0.08 seconds with the score of 934.33 (4 unrouted), using 88.80 CPU seconds and 8724 MB memory.
2026-10-02 14:10:59.537 INFO   [178CA9\2859C6] Restoring an earlier board that has the score of 950.85 (3 unrouted).
2026-10-02 14:10:59.537 INFO   [178CA9\2859C6] Auto-router pass #40 on board 'cd774acd5de2dbc31ae5617d18994ccf' was completed in 0.95 seconds with the score of 904.51 (6 unrouted), using 102.49 CPU seconds and 9287 MB memory.
2026-10-02 14:10:59.889 INFO   [178CA9\2859C6] Auto-router pass #41 on board '958ad4e96c96210dfc4e647c7a4c5ddf' was completed in 0.34 seconds with the score of 894.08 (6 unrouted), using 102.49 CPU seconds and 9287 MB memory.
2026-10-02 14:11:00.373 INFO   [178CA9\2859C6] Auto-router pass #42 on board 'b47e6244612ad4d518b3dcdc9797e972' was completed in 0.46 seconds with the score of 843.17 (8 unrouted), using 102.49 CPU seconds and 9287 MB memory.
2026-10-02 14:11:01.071 INFO   [178CA9\2859C6] Auto-router pass #43 on board '226f93494dadc03c6f8c6d2c7634f580' was completed in 0.68 seconds with the score of 903.02 (5 unrouted), using 117.16 CPU seconds and 9959 MB memory.
2026-10-02 14:11:02.307 INFO   [178CA9\2859C6] Restoring an earlier board that has the score of 934.33 (4 unrouted).
2026-10-02 14:11:02.307 INFO   [178CA9\2859C6] Auto-router pass #44 on board '13813ff2e16696bfbaee685ee16a74ff' was completed in 1.22 seconds with the score of 932.98 (5 unrouted), using 132.81 CPU seconds and 10587 MB memory.
2026-10-02 14:11:02.628 INFO   [178CA9\2859C6] Auto-router pass #45 on board 'cd774acd5de2dbc31ae5617d18994ccf' was completed in 0.31 seconds with the score of 955.06 (3 unrouted), using 149.45 CPU seconds and 11129 MB memory.
2026-10-02 14:11:02.709 INFO   [178CA9\2859C6] Auto-router pass #46 on board 'd8301d0ca61b8ef826a491ab87f495b4' was completed in 0.06 seconds with the score of 955.06 (3 unrouted), using 149.45 CPU seconds and 11129 MB memory.
2026-10-02 14:11:02.781 INFO   [178CA9\2859C6] Auto-router pass #47 on board 'd8301d0ca61b8ef826a491ab87f495b4' was completed in 0.06 seconds with the score of 955.06 (3 unrouted), using 149.45 CPU seconds and 11129 MB memory.
2026-10-02 14:11:04.078 INFO   [178CA9\2859C6] Restoring an earlier board that has the score of 955.06 (3 unrouted).
2026-10-02 14:11:04.079 INFO   [178CA9\2859C6] Auto-router pass #48 on board 'd8301d0ca61b8ef826a491ab87f495b4' was completed in 1.29 seconds with the score of 865.71 (9 unrouted), using 167.07 CPU seconds and 11720 MB memory.
2026-10-02 14:11:04.310 INFO   [178CA9\2859C6] Auto-router pass #49 on board 'd8301d0ca61b8ef826a491ab87f495b4' was completed in 0.22 seconds with the score of 955.06 (3 unrouted), using 167.07 CPU seconds and 11720 MB memory.
2026-10-02 14:11:04.380 INFO   [178CA9\2859C6] Auto-router pass #50 on board 'd8301d0ca61b8ef826a491ab87f495b4' was completed in 0.06 seconds with the score of 955.06 (3 unrouted), using 167.07 CPU seconds and 11720 MB memory.
2026-10-02 14:11:04.479 INFO   [178CA9\2859C6] Auto-router pass #51 on board 'd8301d0ca61b8ef826a491ab87f495b4' was completed in 0.07 seconds with the score of 955.06 (3 unrouted), using 185.63 CPU seconds and 12283 MB memory.
2026-10-02 14:11:05.006 INFO   [178CA9\2859C6] Restoring an earlier board that has the score of 955.06 (3 unrouted).
2026-10-02 14:11:05.006 INFO   [178CA9\2859C6] Auto-router pass #52 on board 'd8301d0ca61b8ef826a491ab87f495b4' was completed in 0.52 seconds with the score of 906.50 (6 unrouted), using 185.63 CPU seconds and 12283 MB memory.
2026-10-02 14:11:05.166 INFO   [178CA9\2859C6] Auto-router pass #53 on board 'd8301d0ca61b8ef826a491ab87f495b4' was completed in 0.15 seconds with the score of 928.02 (5 unrouted), using 185.63 CPU seconds and 12283 MB memory.
2026-10-02 14:11:05.246 INFO   [178CA9\2859C6] Auto-router pass #54 on board '0ed2d37a0d4f9fad2fabda787960ede9' was completed in 0.07 seconds with the score of 928.02 (5 unrouted), using 185.63 CPU seconds and 12283 MB memory.
2026-10-02 14:11:05.310 INFO   [178CA9\2859C6] Auto-router pass #55 on board '0ed2d37a0d4f9fad2fabda787960ede9' was completed in 0.06 seconds with the score of 928.02 (5 unrouted), using 185.63 CPU seconds and 12283 MB memory.
2026-10-02 14:11:06.135 INFO   [178CA9\2859C6] Restoring an earlier board that has the score of 955.06 (3 unrouted).
2026-10-02 14:11:06.135 INFO   [178CA9\2859C6] Auto-router pass #56 on board '0ed2d37a0d4f9fad2fabda787960ede9' was completed in 0.82 seconds with the score of 891.05 (6 unrouted), using 205.17 CPU seconds and 13138 MB memory.
2026-10-02 14:11:06.330 INFO   [178CA9\2859C6] Auto-router pass #57 on board 'd8301d0ca61b8ef826a491ab87f495b4' was completed in 0.19 seconds with the score of 926.00 (5 unrouted), using 205.17 CPU seconds and 13138 MB memory.
2026-10-02 14:11:06.410 INFO   [178CA9\2859C6] Auto-router pass #58 on board 'b453eb9b9c9375506f57e57217be7a33' was completed in 0.07 seconds with the score of 925.28 (5 unrouted), using 205.17 CPU seconds and 13138 MB memory.
2026-10-02 14:11:06.498 INFO   [178CA9\2859C6] Auto-router pass #59 on board 'a61b9e24d3326e12223b7eb548c40507' was completed in 0.08 seconds with the score of 925.28 (5 unrouted), using 225.69 CPU seconds and 14029 MB memory.
2026-10-02 14:11:07.288 INFO   [178CA9\2859C6] Restoring an earlier board that has the score of 955.06 (3 unrouted).
2026-10-02 14:11:07.288 INFO   [178CA9\2859C6] Auto-router pass #60 on board 'a61b9e24d3326e12223b7eb548c40507' was completed in 0.79 seconds with the score of 918.41 (5 unrouted), using 225.69 CPU seconds and 14029 MB memory.
2026-10-02 14:11:07.459 INFO   [178CA9\2859C6] Auto-router pass #61 on board 'd8301d0ca61b8ef826a491ab87f495b4' was completed in 0.17 seconds with the score of 942.76 (4 unrouted), using 247.19 CPU seconds and 14879 MB memory.
2026-10-02 14:11:07.550 INFO   [178CA9\2859C6] Auto-router pass #62 on board '18c2fcc191207bbc967856431b7495ef' was completed in 0.08 seconds with the score of 942.76 (4 unrouted), using 247.19 CPU seconds and 14879 MB memory.
2026-10-02 14:11:07.617 INFO   [178CA9\2859C6] Auto-router pass #63 on board '18c2fcc191207bbc967856431b7495ef' was completed in 0.06 seconds with the score of 942.76 (4 unrouted), using 247.19 CPU seconds and 14879 MB memory.
2026-10-02 14:11:08.601 INFO   [178CA9\2859C6] Restoring an earlier board that has the score of 942.76 (4 unrouted).
2026-10-02 14:11:08.601 INFO   [178CA9\2859C6] Auto-router pass #64 on board '18c2fcc191207bbc967856431b7495ef' was completed in 0.98 seconds with the score of 868.74 (7 unrouted), using 269.66 CPU seconds and 15685 MB memory.
2026-10-02 14:11:08.879 INFO   [178CA9\2859C6] Auto-router pass #65 on board '18c2fcc191207bbc967856431b7495ef' was completed in 0.27 seconds with the score of 895.11 (6 unrouted), using 269.66 CPU seconds and 15685 MB memory.
2026-10-02 14:11:09.029 INFO   [178CA9\2859C6] Auto-router pass #66 on board '7c645f43149d46ad54902d4f38804d9c' was completed in 0.14 seconds with the score of 893.73 (6 unrouted), using 269.66 CPU seconds and 15685 MB memory.
2026-10-02 14:11:09.108 INFO   [178CA9\2859C6] Auto-router pass #67 on board '68e3c244601febe4f4250f0c2861121d' was completed in 0.07 seconds with the score of 893.73 (6 unrouted), using 269.66 CPU seconds and 15685 MB memory.
2026-10-02 14:11:09.663 INFO   [178CA9\2859C6] Restoring an earlier board that has the score of 942.76 (4 unrouted).
2026-10-02 14:11:09.663 INFO   [178CA9\2859C6] Auto-router pass #68 on board '68e3c244601febe4f4250f0c2861121d' was completed in 0.55 seconds with the score of 915.85 (5 unrouted), using 293.12 CPU seconds and 16531 MB memory.
2026-10-02 14:11:09.935 INFO   [178CA9\2859C6] Auto-router pass #69 on board '18c2fcc191207bbc967856431b7495ef' was completed in 0.27 seconds with the score of 955.81 (3 unrouted), using 293.12 CPU seconds and 16531 MB memory.
2026-10-02 14:11:10.012 INFO   [178CA9\2859C6] Auto-router pass #70 on board '67842b581fd45229612c0f463a9c4980' was completed in 0.07 seconds with the score of 955.81 (3 unrouted), using 293.12 CPU seconds and 16531 MB memory.
2026-10-02 14:11:10.060 INFO   [178CA9\2859C6] Auto-router pass #71 on board '67842b581fd45229612c0f463a9c4980' was completed in 0.04 seconds with the score of 955.81 (3 unrouted), using 293.12 CPU seconds and 16531 MB memory.
2026-10-02 14:11:10.870 INFO   [178CA9\2859C6] Restoring an earlier board that has the score of 955.81 (3 unrouted).
2026-10-02 14:11:10.871 INFO   [178CA9\2859C6] Auto-router pass #72 on board '67842b581fd45229612c0f463a9c4980' was completed in 0.81 seconds with the score of 892.53 (8 unrouted), using 317.56 CPU seconds and 17421 MB memory.
2026-10-02 14:11:11.140 INFO   [178CA9\2859C6] Auto-router pass #73 on board '67842b581fd45229612c0f463a9c4980' was completed in 0.26 seconds with the score of 941.47 (4 unrouted), using 317.56 CPU seconds and 17421 MB memory.
2026-10-02 14:11:11.231 INFO   [178CA9\2859C6] Auto-router pass #74 on board '44273d48c458706cd831cbacb381d86e' was completed in 0.08 seconds with the score of 941.47 (4 unrouted), using 317.56 CPU seconds and 17421 MB memory.
2026-10-02 14:11:11.292 INFO   [178CA9\2859C6] Auto-router pass #75 on board '44273d48c458706cd831cbacb381d86e' was completed in 0.06 seconds with the score of 941.47 (4 unrouted), using 317.56 CPU seconds and 17421 MB memory.
2026-10-02 14:11:12.060 INFO   [178CA9\2859C6] Restoring an earlier board that has the score of 955.81 (3 unrouted).
2026-10-02 14:11:12.060 INFO   [178CA9\2859C6] Auto-router pass #76 on board '44273d48c458706cd831cbacb381d86e' was completed in 0.76 seconds with the score of 876.24 (8 unrouted), using 342.98 CPU seconds and 18329 MB memory.
2026-10-02 14:11:12.294 INFO   [178CA9\2859C6] Auto-router pass #77 on board '67842b581fd45229612c0f463a9c4980' was completed in 0.23 seconds with the score of 955.81 (3 unrouted), using 342.98 CPU seconds and 18329 MB memory.
2026-10-02 14:11:12.370 INFO   [178CA9\2859C6] Auto-router pass #78 on board '67842b581fd45229612c0f463a9c4980' was completed in 0.07 seconds with the score of 955.81 (3 unrouted), using 342.98 CPU seconds and 18329 MB memory.
2026-10-02 14:11:12.444 INFO   [178CA9\2859C6] Auto-router pass #79 on board '67842b581fd45229612c0f463a9c4980' was completed in 0.07 seconds with the score of 955.81 (3 unrouted), using 369.39 CPU seconds and 18939 MB memory.
2026-10-02 14:11:12.890 INFO   [178CA9\2859C6] Restoring an earlier board that has the score of 955.81 (3 unrouted).
2026-10-02 14:11:12.890 INFO   [178CA9\2859C6] Auto-router pass #80 on board '67842b581fd45229612c0f463a9c4980' was completed in 0.44 seconds with the score of 955.81 (3 unrouted), using 369.39 CPU seconds and 18939 MB memory.
2026-10-02 14:11:13.052 INFO   [178CA9\2859C6] Auto-router pass #81 on board '67842b581fd45229612c0f463a9c4980' was completed in 0.16 seconds with the score of 955.81 (3 unrouted), using 369.39 CPU seconds and 18939 MB memory.
2026-10-02 14:11:13.101 INFO   [178CA9\2859C6] Auto-router pass #82 on board '67842b581fd45229612c0f463a9c4980' was completed in 0.04 seconds with the score of 955.81 (3 unrouted), using 369.39 CPU seconds and 18939 MB memory.
2026-10-02 14:11:13.151 INFO   [178CA9\2859C6] Auto-router pass #83 on board '67842b581fd45229612c0f463a9c4980' was completed in 0.04 seconds with the score of 955.81 (3 unrouted), using 369.39 CPU seconds and 18939 MB memory.
2026-10-02 14:11:13.657 INFO   [178CA9\2859C6] Restoring an earlier board that has the score of 955.81 (3 unrouted).
2026-10-02 14:11:13.658 INFO   [178CA9\2859C6] Auto-router pass #84 on board '67842b581fd45229612c0f463a9c4980' was completed in 0.50 seconds with the score of 887.10 (8 unrouted), using 396.78 CPU seconds and 19753 MB memory.
2026-10-02 14:11:13.943 INFO   [178CA9\2859C6] Auto-router pass #85 on board '67842b581fd45229612c0f463a9c4980' was completed in 0.28 seconds with the score of 910.40 (5 unrouted), using 396.78 CPU seconds and 19753 MB memory.
2026-10-02 14:11:14.010 WARN   MazeShoveTraceAlgo.check_shove_trace_line: trace_corner_no to big
2026-10-02 14:11:14.010 WARN   MazeShoveTraceAlgo.check_shove_trace_line: trace_corner_no to big
2026-10-02 14:11:14.049 INFO   [178CA9\2859C6] Auto-router pass #86 on board '6640ff0ad66a1a7a41323f4d76ea1238' was completed in 0.10 seconds with the score of 910.40 (5 unrouted), using 396.78 CPU seconds and 19753 MB memory.
2026-10-02 14:11:14.116 INFO   [178CA9\2859C6] Auto-router pass #87 on board '6640ff0ad66a1a7a41323f4d76ea1238' was completed in 0.06 seconds with the score of 910.40 (5 unrouted), using 396.78 CPU seconds and 19753 MB memory.
2026-10-02 14:11:14.979 INFO   [178CA9\2859C6] Restoring an earlier board that has the score of 942.76 (4 unrouted).
2026-10-02 14:11:14.979 INFO   [178CA9\2859C6] Auto-router pass #88 on board '6640ff0ad66a1a7a41323f4d76ea1238' was completed in 0.86 seconds with the score of 921.80 (5 unrouted), using 425.15 CPU seconds and 20716 MB memory.
2026-10-02 14:11:15.154 INFO   [178CA9\2859C6] Auto-router pass #89 on board '18c2fcc191207bbc967856431b7495ef' was completed in 0.17 seconds with the score of 942.76 (4 unrouted), using 425.15 CPU seconds and 20716 MB memory.
2026-10-02 14:11:15.213 INFO   [178CA9\2859C6] Auto-router pass #90 on board '18c2fcc191207bbc967856431b7495ef' was completed in 0.05 seconds with the score of 942.76 (4 unrouted), using 425.15 CPU seconds and 20716 MB memory.
2026-10-02 14:11:15.276 INFO   [178CA9\2859C6] Auto-router pass #91 on board '18c2fcc191207bbc967856431b7495ef' was completed in 0.06 seconds with the score of 942.76 (4 unrouted), using 425.15 CPU seconds and 20716 MB memory.
2026-10-02 14:11:15.851 INFO   [178CA9\2859C6] Auto-router pass #92 on board '18c2fcc191207bbc967856431b7495ef' was completed in 0.57 seconds with the score of 959.93 (3 unrouted), using 454.51 CPU seconds and 21585 MB memory.
2026-10-02 14:11:15.880 WARN   ShapeSearchTree45Degree.complete_shape: cannot convert room shape Simplex to IntOctagon
2026-10-02 14:11:15.880 WARN   ShapeSearchTree45Degree.complete_shape: cannot convert room shape Simplex to IntOctagon
2026-10-02 14:11:15.880 WARN   ShapeSearchTree45Degree.complete_shape: cannot convert room shape Simplex to IntOctagon
2026-10-02 14:11:15.880 WARN   ShapeSearchTree45Degree.complete_shape: cannot convert room shape Simplex to IntOctagon
2026-10-02 14:11:15.880 WARN   ShapeSearchTree45Degree.complete_shape: cannot convert room shape Simplex to IntOctagon
2026-10-02 14:11:15.881 WARN   ShapeSearchTree45Degree.complete_shape: cannot convert room shape Simplex to IntOctagon
2026-10-02 14:11:15.881 WARN   ShapeSearchTree45Degree.complete_shape: cannot convert room shape Simplex to IntOctagon
2026-10-02 14:11:15.881 WARN   ShapeSearchTree45Degree.complete_shape: cannot convert room shape Simplex to IntOctagon
2026-10-02 14:11:15.881 WARN   ShapeSearchTree45Degree.complete_shape: cannot convert room shape Simplex to IntOctagon
2026-10-02 14:11:15.881 WARN   ShapeSearchTree45Degree.complete_shape: cannot convert room shape Simplex to IntOctagon
2026-10-02 14:11:15.881 WARN   ShapeSearchTree45Degree.complete_shape: cannot convert room shape Simplex to IntOctagon
2026-10-02 14:11:15.882 WARN   ShapeSearchTree45Degree.complete_shape: cannot convert room shape Simplex to IntOctagon
2026-10-02 14:11:15.882 WARN   ShapeSearchTree45Degree.complete_shape: cannot convert room shape Simplex to IntOctagon
2026-10-02 14:11:15.882 WARN   ShapeSearchTree45Degree.complete_shape: cannot convert room shape Simplex to IntOctagon
2026-10-02 14:11:15.882 WARN   ShapeSearchTree45Degree.complete_shape: cannot convert room shape Simplex to IntOctagon
2026-10-02 14:11:15.882 WARN   ShapeSearchTree45Degree.complete_shape: cannot convert room shape Simplex to IntOctagon
2026-10-02 14:11:15.882 WARN   ShapeSearchTree45Degree.complete_shape: cannot convert room shape Simplex to IntOctagon
2026-10-02 14:11:15.882 WARN   ShapeSearchTree45Degree.complete_shape: cannot convert room shape Simplex to IntOctagon
2026-10-02 14:11:15.882 WARN   ShapeSearchTree45Degree.complete_shape: cannot convert room shape Simplex to IntOctagon
2026-10-02 14:11:15.888 WARN   ShapeSearchTree45Degree.complete_shape: cannot convert room shape Simplex to IntOctagon
2026-10-02 14:11:15.888 WARN   ShapeSearchTree45Degree.complete_shape: cannot convert room shape Simplex to IntOctagon
2026-10-02 14:11:15.889 WARN   ShapeSearchTree45Degree.complete_shape: cannot convert room shape Simplex to IntOctagon
2026-10-02 14:11:15.889 WARN   ShapeSearchTree45Degree.complete_shape: cannot convert room shape Simplex to IntOctagon
2026-10-02 14:11:15.889 WARN   ShapeSearchTree45Degree.complete_shape: cannot convert room shape Simplex to IntOctagon
2026-10-02 14:11:15.889 WARN   ShapeSearchTree45Degree.complete_shape: cannot convert room shape Simplex to IntOctagon
2026-10-02 14:11:15.889 WARN   ShapeSearchTree45Degree.complete_shape: cannot convert room shape Simplex to IntOctagon
2026-10-02 14:11:15.889 WARN   ShapeSearchTree45Degree.complete_shape: cannot convert room shape Simplex to IntOctagon
2026-10-02 14:11:15.889 WARN   ShapeSearchTree45Degree.complete_shape: cannot convert room shape Simplex to IntOctagon
2026-10-02 14:11:15.890 WARN   ShapeSearchTree45Degree.complete_shape: cannot convert room shape Simplex to IntOctagon
2026-10-02 14:11:15.890 WARN   ShapeSearchTree45Degree.complete_shape: cannot convert room shape Simplex to IntOctagon
2026-10-02 14:11:15.890 WARN   ShapeSearchTree45Degree.complete_shape: cannot convert room shape Simplex to IntOctagon
2026-10-02 14:11:15.890 WARN   ShapeSearchTree45Degree.complete_shape: cannot convert room shape Simplex to IntOctagon
2026-10-02 14:11:15.890 WARN   ShapeSearchTree45Degree.complete_shape: cannot convert room shape Simplex to IntOctagon
2026-10-02 14:11:15.890 WARN   ShapeSearchTree45Degree.complete_shape: cannot convert room shape Simplex to IntOctagon
2026-10-02 14:11:15.891 WARN   ShapeSearchTree45Degree.complete_shape: cannot convert room shape Simplex to IntOctagon
2026-10-02 14:11:15.891 WARN   ShapeSearchTree45Degree.complete_shape: cannot convert room shape Simplex to IntOctagon
2026-10-02 14:11:15.891 WARN   ShapeSearchTree45Degree.complete_shape: cannot convert room shape Simplex to IntOctagon
2026-10-02 14:11:15.891 WARN   ShapeSearchTree45Degree.complete_shape: cannot convert room shape Simplex to IntOctagon
2026-10-02 14:11:15.891 WARN   ShapeSearchTree45Degree.complete_shape: cannot convert room shape Simplex to IntOctagon
2026-10-02 14:11:15.891 WARN   ShapeSearchTree45Degree.complete_shape: cannot convert room shape Simplex to IntOctagon
2026-10-02 14:11:15.891 WARN   ShapeSearchTree45Degree.complete_shape: cannot convert room shape Simplex to IntOctagon
2026-10-02 14:11:15.891 WARN   ShapeSearchTree45Degree.complete_shape: cannot convert room shape Simplex to IntOctagon
2026-10-02 14:11:15.891 WARN   ShapeSearchTree45Degree.complete_shape: cannot convert room shape Simplex to IntOctagon
2026-10-02 14:11:15.895 WARN   ShapeSearchTree45Degree.complete_shape: cannot convert room shape Simplex to IntOctagon
2026-10-02 14:11:15.895 WARN   ShapeSearchTree45Degree.complete_shape: cannot convert room shape Simplex to IntOctagon
2026-10-02 14:11:15.895 WARN   ShapeSearchTree45Degree.complete_shape: cannot convert room shape Simplex to IntOctagon
2026-10-02 14:11:15.895 WARN   ShapeSearchTree45Degree.complete_shape: cannot convert room shape Simplex to IntOctagon
2026-10-02 14:11:15.896 WARN   ShapeSearchTree45Degree.complete_shape: cannot convert room shape Simplex to IntOctagon
2026-10-02 14:11:15.896 WARN   ShapeSearchTree45Degree.complete_shape: cannot convert room shape Simplex to IntOctagon
2026-10-02 14:11:15.896 WARN   ShapeSearchTree45Degree.complete_shape: cannot convert room shape Simplex to IntOctagon
2026-10-02 14:11:15.896 WARN   ShapeSearchTree45Degree.complete_shape: cannot convert room shape Simplex to IntOctagon
2026-10-02 14:11:15.932 INFO   [178CA9\2859C6] Auto-router pass #93 on board '2650ff4ee4d1beb0c924d0aced22fb2d' was completed in 0.07 seconds with the score of 950.66 (3 unrouted), using 454.51 CPU seconds and 21585 MB memory.
2026-10-02 14:11:15.956 WARN   ShapeSearchTree45Degree.complete_shape: cannot convert room shape Simplex to IntOctagon
2026-10-02 14:11:15.956 WARN   ShapeSearchTree45Degree.complete_shape: cannot convert room shape Simplex to IntOctagon
2026-10-02 14:11:15.956 WARN   ShapeSearchTree45Degree.complete_shape: cannot convert room shape Simplex to IntOctagon
2026-10-02 14:11:15.957 WARN   ShapeSearchTree45Degree.complete_shape: cannot convert room shape Simplex to IntOctagon
2026-10-02 14:11:15.957 WARN   ShapeSearchTree45Degree.complete_shape: cannot convert room shape Simplex to IntOctagon
2026-10-02 14:11:15.957 WARN   ShapeSearchTree45Degree.complete_shape: cannot convert room shape Simplex to IntOctagon
2026-10-02 14:11:15.957 WARN   ShapeSearchTree45Degree.complete_shape: cannot convert room shape Simplex to IntOctagon
2026-10-02 14:11:15.957 WARN   ShapeSearchTree45Degree.complete_shape: cannot convert room shape Simplex to IntOctagon
2026-10-02 14:11:15.957 WARN   ShapeSearchTree45Degree.complete_shape: cannot convert room shape Simplex to IntOctagon
2026-10-02 14:11:15.957 WARN   ShapeSearchTree45Degree.complete_shape: cannot convert room shape Simplex to IntOctagon
2026-10-02 14:11:15.958 WARN   ShapeSearchTree45Degree.complete_shape: cannot convert room shape Simplex to IntOctagon
2026-10-02 14:11:15.958 WARN   ShapeSearchTree45Degree.complete_shape: cannot convert room shape Simplex to IntOctagon
2026-10-02 14:11:15.958 WARN   ShapeSearchTree45Degree.complete_shape: cannot convert room shape Simplex to IntOctagon
2026-10-02 14:11:15.958 WARN   ShapeSearchTree45Degree.complete_shape: cannot convert room shape Simplex to IntOctagon
2026-10-02 14:11:15.958 WARN   ShapeSearchTree45Degree.complete_shape: cannot convert room shape Simplex to IntOctagon
2026-10-02 14:11:15.958 WARN   ShapeSearchTree45Degree.complete_shape: cannot convert room shape Simplex to IntOctagon
2026-10-02 14:11:15.959 WARN   ShapeSearchTree45Degree.complete_shape: cannot convert room shape Simplex to IntOctagon
2026-10-02 14:11:15.959 WARN   ShapeSearchTree45Degree.complete_shape: cannot convert room shape Simplex to IntOctagon
2026-10-02 14:11:15.959 WARN   ShapeSearchTree45Degree.complete_shape: cannot convert room shape Simplex to IntOctagon
2026-10-02 14:11:15.959 WARN   ShapeSearchTree45Degree.complete_shape: cannot convert room shape Simplex to IntOctagon
2026-10-02 14:11:15.959 WARN   ShapeSearchTree45Degree.complete_shape: cannot convert room shape Simplex to IntOctagon
2026-10-02 14:11:15.959 WARN   ShapeSearchTree45Degree.complete_shape: cannot convert room shape Simplex to IntOctagon
2026-10-02 14:11:15.961 WARN   ShapeSearchTree45Degree.complete_shape: cannot convert room shape Simplex to IntOctagon
2026-10-02 14:11:15.961 WARN   ShapeSearchTree45Degree.complete_shape: cannot convert room shape Simplex to IntOctagon
2026-10-02 14:11:15.961 WARN   ShapeSearchTree45Degree.complete_shape: cannot convert room shape Simplex to IntOctagon
2026-10-02 14:11:15.961 WARN   ShapeSearchTree45Degree.complete_shape: cannot convert room shape Simplex to IntOctagon
2026-10-02 14:11:15.961 WARN   ShapeSearchTree45Degree.complete_shape: cannot convert room shape Simplex to IntOctagon
2026-10-02 14:11:15.962 WARN   ShapeSearchTree45Degree.complete_shape: cannot convert room shape Simplex to IntOctagon
2026-10-02 14:11:15.962 WARN   ShapeSearchTree45Degree.complete_shape: cannot convert room shape Simplex to IntOctagon
2026-10-02 14:11:15.962 WARN   ShapeSearchTree45Degree.complete_shape: cannot convert room shape Simplex to IntOctagon
2026-10-02 14:11:15.962 WARN   ShapeSearchTree45Degree.complete_shape: cannot convert room shape Simplex to IntOctagon
2026-10-02 14:11:15.962 WARN   ShapeSearchTree45Degree.complete_shape: cannot convert room shape Simplex to IntOctagon
2026-10-02 14:11:15.962 WARN   ShapeSearchTree45Degree.complete_shape: cannot convert room shape Simplex to IntOctagon
2026-10-02 14:11:15.962 WARN   ShapeSearchTree45Degree.complete_shape: cannot convert room shape Simplex to IntOctagon
2026-10-02 14:11:15.962 WARN   ShapeSearchTree45Degree.complete_shape: cannot convert room shape Simplex to IntOctagon
2026-10-02 14:11:15.963 WARN   ShapeSearchTree45Degree.complete_shape: cannot convert room shape Simplex to IntOctagon
2026-10-02 14:11:15.963 WARN   ShapeSearchTree45Degree.complete_shape: cannot convert room shape Simplex to IntOctagon
2026-10-02 14:11:15.963 WARN   ShapeSearchTree45Degree.complete_shape: cannot convert room shape Simplex to IntOctagon
2026-10-02 14:11:15.963 WARN   ShapeSearchTree45Degree.complete_shape: cannot convert room shape Simplex to IntOctagon
2026-10-02 14:11:15.963 WARN   ShapeSearchTree45Degree.complete_shape: cannot convert room shape Simplex to IntOctagon
2026-10-02 14:11:15.963 WARN   ShapeSearchTree45Degree.complete_shape: cannot convert room shape Simplex to IntOctagon
2026-10-02 14:11:15.963 WARN   ShapeSearchTree45Degree.complete_shape: cannot convert room shape Simplex to IntOctagon
2026-10-02 14:11:15.963 WARN   ShapeSearchTree45Degree.complete_shape: cannot convert room shape Simplex to IntOctagon
2026-10-02 14:11:15.963 WARN   ShapeSearchTree45Degree.complete_shape: cannot convert room shape Simplex to IntOctagon
2026-10-02 14:11:15.963 WARN   ShapeSearchTree45Degree.complete_shape: cannot convert room shape Simplex to IntOctagon
2026-10-02 14:11:15.963 WARN   ShapeSearchTree45Degree.complete_shape: cannot convert room shape Simplex to IntOctagon
2026-10-02 14:11:15.964 WARN   ShapeSearchTree45Degree.complete_shape: cannot convert room shape Simplex to IntOctagon
2026-10-02 14:11:15.964 WARN   ShapeSearchTree45Degree.complete_shape: cannot convert room shape Simplex to IntOctagon
2026-10-02 14:11:15.964 WARN   ShapeSearchTree45Degree.complete_shape: cannot convert room shape Simplex to IntOctagon
2026-10-02 14:11:16.002 INFO   [178CA9\2859C6] Auto-router pass #94 on board '80dadf408bb86620e67ca40c78c3f5d4' was completed in 0.06 seconds with the score of 950.66 (3 unrouted), using 454.51 CPU seconds and 21585 MB memory.
2026-10-02 14:11:16.049 INFO   [178CA9\2859C6] Auto-router pass #95 on board '80dadf408bb86620e67ca40c78c3f5d4' was completed in 0.04 seconds with the score of 950.66 (3 unrouted), using 454.51 CPU seconds and 21585 MB memory.
2026-10-02 14:11:16.166 INFO   [178CA9\2859C6] Restoring an earlier board that has the score of 959.93 (3 unrouted).
2026-10-02 14:11:16.166 INFO   [178CA9\2859C6] Auto-router pass #96 on board '80dadf408bb86620e67ca40c78c3f5d4' was completed in 0.11 seconds with the score of 950.66 (3 unrouted), using 454.51 CPU seconds and 21585 MB memory.
2026-10-02 14:11:16.330 INFO   [178CA9\2859C6] Auto-router pass #97 on board '2650ff4ee4d1beb0c924d0aced22fb2d' was completed in 0.16 seconds with the score of 959.93 (3 unrouted), using 454.51 CPU seconds and 21585 MB memory.
2026-10-02 14:11:16.380 INFO   [178CA9\2859C6] Auto-router pass #98 on board '2650ff4ee4d1beb0c924d0aced22fb2d' was completed in 0.04 seconds with the score of 959.93 (3 unrouted), using 454.51 CPU seconds and 21585 MB memory.
2026-10-02 14:11:16.427 INFO   [178CA9\2859C6] Auto-router pass #99 on board '2650ff4ee4d1beb0c924d0aced22fb2d' was completed in 0.04 seconds with the score of 959.93 (3 unrouted), using 454.51 CPU seconds and 21585 MB memory.
2026-10-02 14:11:17.193 INFO   [178CA9\2859C6] Restoring an earlier board that has the score of 959.93 (3 unrouted).
2026-10-02 14:11:17.194 INFO   [178CA9\2859C6] Auto-router pass #100 on board '2650ff4ee4d1beb0c924d0aced22fb2d' was completed in 0.76 seconds with the score of 895.99 (7 unrouted), using 484.84 CPU seconds and 22525 MB memory.
2026-10-02 14:11:17.442 INFO   [178CA9\2859C6] Auto-router pass #101 on board '2650ff4ee4d1beb0c924d0aced22fb2d' was completed in 0.24 seconds with the score of 957.99 (3 unrouted), using 516.16 CPU seconds and 23384 MB memory.
2026-10-02 14:11:17.524 INFO   [178CA9\2859C6] Auto-router pass #102 on board '3bac64afe8e4433a5d4f5ecf02211a3e' was completed in 0.07 seconds with the score of 957.99 (3 unrouted), using 516.16 CPU seconds and 23384 MB memory.
2026-10-02 14:11:17.575 INFO   [178CA9\2859C6] Auto-router pass #103 on board '3bac64afe8e4433a5d4f5ecf02211a3e' was completed in 0.05 seconds with the score of 957.99 (3 unrouted), using 516.16 CPU seconds and 23384 MB memory.
2026-10-02 14:11:18.276 INFO   [178CA9\2859C6] Restoring an earlier board that has the score of 959.93 (3 unrouted).
2026-10-02 14:11:18.276 INFO   [178CA9\2859C6] Auto-router pass #104 on board '3bac64afe8e4433a5d4f5ecf02211a3e' was completed in 0.70 seconds with the score of 954.54 (3 unrouted), using 516.16 CPU seconds and 23384 MB memory.
2026-10-02 14:11:18.553 INFO   [178CA9\2859C6] Auto-router pass #105 on board '2650ff4ee4d1beb0c924d0aced22fb2d' was completed in 0.27 seconds with the score of 957.09 (3 unrouted), using 548.47 CPU seconds and 24270 MB memory.
2026-10-02 14:11:18.624 INFO   [178CA9\2859C6] Auto-router pass #106 on board 'f6c5e1a455da4924c3059b0ee1947fe2' was completed in 0.06 seconds with the score of 957.09 (3 unrouted), using 548.47 CPU seconds and 24270 MB memory.
2026-10-02 14:11:18.672 INFO   [178CA9\2859C6] Auto-router pass #107 on board 'f6c5e1a455da4924c3059b0ee1947fe2' was completed in 0.04 seconds with the score of 957.09 (3 unrouted), using 548.47 CPU seconds and 24270 MB memory.
2026-10-02 14:11:19.090 INFO   [178CA9\2859C6] Restoring an earlier board that has the score of 959.93 (3 unrouted).
2026-10-02 14:11:19.090 INFO   [178CA9\2859C6] Auto-router pass #108 on board 'f6c5e1a455da4924c3059b0ee1947fe2' was completed in 0.41 seconds with the score of 931.40 (5 unrouted), using 548.47 CPU seconds and 24270 MB memory.
2026-10-02 14:11:19.384 INFO   [178CA9\2859C6] Auto-router pass #109 on board '2650ff4ee4d1beb0c924d0aced22fb2d' was completed in 0.29 seconds with the score of 957.09 (3 unrouted), using 548.47 CPU seconds and 24270 MB memory.
2026-10-02 14:11:19.447 INFO   [178CA9\2859C6] Auto-router pass #110 on board 'f6c5e1a455da4924c3059b0ee1947fe2' was completed in 0.06 seconds with the score of 957.09 (3 unrouted), using 581.75 CPU seconds and 25205 MB memory.
2026-10-02 14:11:19.495 INFO   [178CA9\2859C6] Auto-router pass #111 on board 'f6c5e1a455da4924c3059b0ee1947fe2' was completed in 0.04 seconds with the score of 957.09 (3 unrouted), using 581.75 CPU seconds and 25205 MB memory.
2026-10-02 14:11:19.695 INFO   [178CA9\2859C6] Restoring an earlier board that has the score of 957.99 (3 unrouted).
2026-10-02 14:11:19.695 INFO   [178CA9\2859C6] Auto-router pass #112 on board 'f6c5e1a455da4924c3059b0ee1947fe2' was completed in 0.20 seconds with the score of 899.66 (7 unrouted), using 581.75 CPU seconds and 25205 MB memory.
2026-10-02 14:11:19.875 INFO   [178CA9\2859C6] Auto-router pass #113 on board '3bac64afe8e4433a5d4f5ecf02211a3e' was completed in 0.17 seconds with the score of 957.99 (3 unrouted), using 581.75 CPU seconds and 25205 MB memory.
2026-10-02 14:11:19.923 INFO   [178CA9\2859C6] Auto-router pass #114 on board '3bac64afe8e4433a5d4f5ecf02211a3e' was completed in 0.04 seconds with the score of 957.99 (3 unrouted), using 581.75 CPU seconds and 25205 MB memory.
2026-10-02 14:11:19.970 INFO   [178CA9\2859C6] Auto-router pass #115 on board '3bac64afe8e4433a5d4f5ecf02211a3e' was completed in 0.04 seconds with the score of 957.99 (3 unrouted), using 581.75 CPU seconds and 25205 MB memory.
2026-10-02 14:11:20.212 INFO   [178CA9\2859C6] Restoring an earlier board that has the score of 957.99 (3 unrouted).
2026-10-02 14:11:20.212 INFO   [178CA9\2859C6] Auto-router pass #116 on board '3bac64afe8e4433a5d4f5ecf02211a3e' was completed in 0.24 seconds with the score of 948.61 (3 unrouted), using 581.75 CPU seconds and 25205 MB memory.
2026-10-02 14:11:20.438 INFO   [178CA9\2859C6] Auto-router pass #117 on board '3bac64afe8e4433a5d4f5ecf02211a3e' was completed in 0.22 seconds with the score of 956.34 (3 unrouted), using 581.75 CPU seconds and 25205 MB memory.
2026-10-02 14:11:20.519 INFO   [178CA9\2859C6] Auto-router pass #118 on board 'f7a7ce0d10d373baa201455c26773260' was completed in 0.07 seconds with the score of 956.34 (3 unrouted), using 616.01 CPU seconds and 26183 MB memory.
2026-10-02 14:11:20.567 INFO   [178CA9\2859C6] Auto-router pass #119 on board 'f7a7ce0d10d373baa201455c26773260' was completed in 0.04 seconds with the score of 956.34 (3 unrouted), using 616.01 CPU seconds and 26183 MB memory.
2026-10-02 14:11:21.092 INFO   [178CA9\2859C6] Restoring an earlier board that has the score of 957.99 (3 unrouted).
2026-10-02 14:11:21.093 INFO   [178CA9\2859C6] Auto-router pass #120 on board 'f7a7ce0d10d373baa201455c26773260' was completed in 0.52 seconds with the score of 948.64 (3 unrouted), using 616.01 CPU seconds and 26183 MB memory.
2026-10-02 14:11:21.286 INFO   [178CA9\2859C6] Auto-router pass #121 on board '3bac64afe8e4433a5d4f5ecf02211a3e' was completed in 0.19 seconds with the score of 957.99 (3 unrouted), using 616.01 CPU seconds and 26183 MB memory.
2026-10-02 14:11:21.334 INFO   [178CA9\2859C6] Auto-router pass #122 on board '3bac64afe8e4433a5d4f5ecf02211a3e' was completed in 0.04 seconds with the score of 957.99 (3 unrouted), using 616.01 CPU seconds and 26183 MB memory.
2026-10-02 14:11:21.383 INFO   [178CA9\2859C6] Auto-router pass #123 on board '3bac64afe8e4433a5d4f5ecf02211a3e' was completed in 0.04 seconds with the score of 957.99 (3 unrouted), using 616.01 CPU seconds and 26183 MB memory.
2026-10-02 14:11:21.857 INFO   [178CA9\2859C6] Restoring an earlier board that has the score of 957.99 (3 unrouted).
2026-10-02 14:11:21.857 INFO   [178CA9\2859C6] Auto-router pass #124 on board '3bac64afe8e4433a5d4f5ecf02211a3e' was completed in 0.47 seconds with the score of 935.14 (5 unrouted), using 651.26 CPU seconds and 27063 MB memory.
2026-10-02 14:11:22.031 INFO   [178CA9\2859C6] Auto-router pass #125 on board '3bac64afe8e4433a5d4f5ecf02211a3e' was completed in 0.17 seconds with the score of 967.86 (2 unrouted), using 651.26 CPU seconds and 27063 MB memory.
2026-10-02 14:11:22.073 INFO   [178CA9\2859C6] Auto-router pass #126 on board 'b597e603829d087a644d936edaa1e079' was completed in 0.03 seconds with the score of 967.86 (2 unrouted), using 651.26 CPU seconds and 27063 MB memory.
2026-10-02 14:11:22.110 INFO   [178CA9\2859C6] Auto-router pass #127 on board 'b597e603829d087a644d936edaa1e079' was completed in 0.03 seconds with the score of 967.86 (2 unrouted), using 651.26 CPU seconds and 27063 MB memory.
2026-10-02 14:11:22.418 INFO   [178CA9\2859C6] Restoring an earlier board that has the score of 967.86 (2 unrouted).
2026-10-02 14:11:22.419 INFO   [178CA9\2859C6] Auto-router pass #128 on board 'b597e603829d087a644d936edaa1e079' was completed in 0.30 seconds with the score of 911.47 (7 unrouted), using 651.26 CPU seconds and 27063 MB memory.
2026-10-02 14:11:22.633 INFO   [178CA9\2859C6] Auto-router pass #129 on board 'b597e603829d087a644d936edaa1e079' was completed in 0.21 seconds with the score of 954.54 (3 unrouted), using 687.49 CPU seconds and 27961 MB memory.
2026-10-02 14:11:22.707 INFO   [178CA9\2859C6] Auto-router pass #130 on board '20f31264ffbd8bbaf799dae58c880351' was completed in 0.06 seconds with the score of 954.54 (3 unrouted), using 687.49 CPU seconds and 27961 MB memory.
2026-10-02 14:11:22.754 INFO   [178CA9\2859C6] Auto-router pass #131 on board '20f31264ffbd8bbaf799dae58c880351' was completed in 0.04 seconds with the score of 954.54 (3 unrouted), using 687.49 CPU seconds and 27961 MB memory.
2026-10-02 14:11:23.196 INFO   [178CA9\2859C6] Restoring an earlier board that has the score of 967.86 (2 unrouted).
2026-10-02 14:11:23.196 INFO   [178CA9\2859C6] Auto-router pass #132 on board '20f31264ffbd8bbaf799dae58c880351' was completed in 0.44 seconds with the score of 929.35 (5 unrouted), using 687.49 CPU seconds and 27961 MB memory.
2026-10-02 14:11:23.346 INFO   [178CA9\2859C6] Auto-router pass #133 on board 'b597e603829d087a644d936edaa1e079' was completed in 0.14 seconds with the score of 967.86 (2 unrouted), using 687.49 CPU seconds and 27961 MB memory.
2026-10-02 14:11:23.383 INFO   [178CA9\2859C6] Auto-router pass #134 on board 'b597e603829d087a644d936edaa1e079' was completed in 0.03 seconds with the score of 967.86 (2 unrouted), using 687.49 CPU seconds and 27961 MB memory.
2026-10-02 14:11:23.420 INFO   [178CA9\2859C6] Auto-router pass #135 on board 'b597e603829d087a644d936edaa1e079' was completed in 0.03 seconds with the score of 967.86 (2 unrouted), using 687.49 CPU seconds and 27961 MB memory.
2026-10-02 14:11:23.727 INFO   [178CA9\2859C6] Restoring an earlier board that has the score of 967.86 (2 unrouted).
2026-10-02 14:11:23.728 INFO   [178CA9\2859C6] Auto-router pass #136 on board 'b597e603829d087a644d936edaa1e079' was completed in 0.30 seconds with the score of 911.47 (7 unrouted), using 724.70 CPU seconds and 28935 MB memory.
2026-10-02 14:11:23.942 INFO   [178CA9\2859C6] Auto-router pass #137 on board 'b597e603829d087a644d936edaa1e079' was completed in 0.21 seconds with the score of 954.54 (3 unrouted), using 724.70 CPU seconds and 28935 MB memory.
2026-10-02 14:11:24.006 INFO   [178CA9\2859C6] Auto-router pass #138 on board '20f31264ffbd8bbaf799dae58c880351' was completed in 0.06 seconds with the score of 954.54 (3 unrouted), using 724.70 CPU seconds and 28935 MB memory.
2026-10-02 14:11:24.053 INFO   [178CA9\2859C6] Auto-router pass #139 on board '20f31264ffbd8bbaf799dae58c880351' was completed in 0.04 seconds with the score of 954.54 (3 unrouted), using 724.70 CPU seconds and 28935 MB memory.
2026-10-02 14:11:24.943 INFO   [178CA9\2859C6] Restoring an earlier board that has the score of 967.86 (2 unrouted).
2026-10-02 14:11:24.944 INFO   [178CA9\2859C6] Auto-router pass #140 on board '20f31264ffbd8bbaf799dae58c880351' was completed in 0.89 seconds with the score of 831.40 (11 unrouted), using 762.89 CPU seconds and 29836 MB memory.
2026-10-02 14:11:25.165 INFO   [178CA9\2859C6] Auto-router pass #141 on board 'b597e603829d087a644d936edaa1e079' was completed in 0.22 seconds with the score of 954.54 (3 unrouted), using 762.89 CPU seconds and 29836 MB memory.
2026-10-02 14:11:25.235 INFO   [178CA9\2859C6] Auto-router pass #142 on board '20f31264ffbd8bbaf799dae58c880351' was completed in 0.07 seconds with the score of 954.54 (3 unrouted), using 762.89 CPU seconds and 29836 MB memory.
2026-10-02 14:11:25.282 INFO   [178CA9\2859C6] Auto-router pass #143 on board '20f31264ffbd8bbaf799dae58c880351' was completed in 0.04 seconds with the score of 954.54 (3 unrouted), using 762.89 CPU seconds and 29836 MB memory.
2026-10-02 14:11:25.889 INFO   [178CA9\2859C6] Restoring an earlier board that has the score of 957.09 (3 unrouted).
2026-10-02 14:11:25.889 INFO   [178CA9\2859C6] Auto-router pass #144 on board '20f31264ffbd8bbaf799dae58c880351' was completed in 0.60 seconds with the score of 903.25 (6 unrouted), using 802.06 CPU seconds and 30731 MB memory.
2026-10-02 14:11:26.070 INFO   [178CA9\2859C6] Auto-router pass #145 on board 'f6c5e1a455da4924c3059b0ee1947fe2' was completed in 0.18 seconds with the score of 957.09 (3 unrouted), using 802.06 CPU seconds and 30731 MB memory.
2026-10-02 14:11:26.119 INFO   [178CA9\2859C6] Auto-router pass #146 on board 'f6c5e1a455da4924c3059b0ee1947fe2' was completed in 0.04 seconds with the score of 957.09 (3 unrouted), using 802.06 CPU seconds and 30731 MB memory.
2026-10-02 14:11:26.181 INFO   [178CA9\2859C6] Auto-router pass #147 on board 'f6c5e1a455da4924c3059b0ee1947fe2' was completed in 0.06 seconds with the score of 957.09 (3 unrouted), using 802.06 CPU seconds and 30731 MB memory.
2026-10-02 14:11:26.550 INFO   [178CA9\2859C6] Restoring an earlier board that has the score of 957.09 (3 unrouted).
2026-10-02 14:11:26.551 INFO   [178CA9\2859C6] Auto-router pass #148 on board 'f6c5e1a455da4924c3059b0ee1947fe2' was completed in 0.36 seconds with the score of 957.09 (3 unrouted), using 842.21 CPU seconds and 31611 MB memory.
2026-10-02 14:11:26.771 INFO   [178CA9\2859C6] Auto-router pass #149 on board 'f6c5e1a455da4924c3059b0ee1947fe2' was completed in 0.22 seconds with the score of 935.47 (4 unrouted), using 842.21 CPU seconds and 31611 MB memory.
2026-10-02 14:11:26.862 INFO   [178CA9\2859C6] Auto-router pass #150 on board '8d4b613cf863ae52c6fcfaa92e7fa1c2' was completed in 0.08 seconds with the score of 935.47 (4 unrouted), using 842.21 CPU seconds and 31611 MB memory.
2026-10-02 14:11:26.919 INFO   [178CA9\2859C6] Auto-router pass #151 on board '8d4b613cf863ae52c6fcfaa92e7fa1c2' was completed in 0.05 seconds with the score of 935.47 (4 unrouted), using 842.21 CPU seconds and 31611 MB memory.
2026-10-02 14:11:27.746 INFO   [178CA9\2859C6] Restoring an earlier board that has the score of 957.09 (3 unrouted).
2026-10-02 14:11:27.746 INFO   [178CA9\2859C6] Auto-router pass #152 on board '8d4b613cf863ae52c6fcfaa92e7fa1c2' was completed in 0.82 seconds with the score of 896.07 (6 unrouted), using 883.35 CPU seconds and 32528 MB memory.
2026-10-02 14:11:27.972 INFO   [178CA9\2859C6] Auto-router pass #153 on board 'f6c5e1a455da4924c3059b0ee1947fe2' was completed in 0.22 seconds with the score of 935.47 (4 unrouted), using 883.35 CPU seconds and 32528 MB memory.
2026-10-02 14:11:28.057 INFO   [178CA9\2859C6] Auto-router pass #154 on board '8d4b613cf863ae52c6fcfaa92e7fa1c2' was completed in 0.08 seconds with the score of 935.47 (4 unrouted), using 883.35 CPU seconds and 32528 MB memory.
2026-10-02 14:11:28.119 INFO   [178CA9\2859C6] Auto-router pass #155 on board '8d4b613cf863ae52c6fcfaa92e7fa1c2' was completed in 0.06 seconds with the score of 935.47 (4 unrouted), using 883.35 CPU seconds and 32528 MB memory.
2026-10-02 14:11:28.659 INFO   [178CA9\2859C6] Restoring an earlier board that has the score of 957.09 (3 unrouted).
2026-10-02 14:11:28.659 INFO   [178CA9\2859C6] Auto-router pass #156 on board '8d4b613cf863ae52c6fcfaa92e7fa1c2' was completed in 0.53 seconds with the score of 954.26 (3 unrouted), using 925.46 CPU seconds and 33346 MB memory.
2026-10-02 14:11:28.884 INFO   [178CA9\2859C6] Auto-router pass #157 on board 'f6c5e1a455da4924c3059b0ee1947fe2' was completed in 0.22 seconds with the score of 939.63 (4 unrouted), using 925.46 CPU seconds and 33346 MB memory.
2026-10-02 14:11:28.962 INFO   [178CA9\2859C6] Auto-router pass #158 on board '8818be77da6d6ba5c67efca9211dd93a' was completed in 0.07 seconds with the score of 939.63 (4 unrouted), using 925.46 CPU seconds and 33346 MB memory.
2026-10-02 14:11:29.020 INFO   [178CA9\2859C6] Auto-router pass #159 on board '8818be77da6d6ba5c67efca9211dd93a' was completed in 0.05 seconds with the score of 939.63 (4 unrouted), using 925.46 CPU seconds and 33346 MB memory.
2026-10-02 14:11:29.846 INFO   [178CA9\2859C6] Restoring an earlier board that has the score of 956.34 (3 unrouted).
2026-10-02 14:11:29.846 INFO   [178CA9\2859C6] Auto-router pass #160 on board '8818be77da6d6ba5c67efca9211dd93a' was completed in 0.82 seconds with the score of 763.22 (11 unrouted), using 968.57 CPU seconds and 34223 MB memory.
2026-10-02 14:11:30.078 INFO   [178CA9\2859C6] Auto-router pass #161 on board 'f7a7ce0d10d373baa201455c26773260' was completed in 0.23 seconds with the score of 937.83 (4 unrouted), using 968.57 CPU seconds and 34223 MB memory.
2026-10-02 14:11:30.173 INFO   [178CA9\2859C6] Auto-router pass #162 on board '369d3cf493c1d087292ffa65c7063ac9' was completed in 0.08 seconds with the score of 935.36 (4 unrouted), using 968.57 CPU seconds and 34223 MB memory.
2026-10-02 14:11:30.236 INFO   [178CA9\2859C6] Auto-router pass #163 on board '8171b476307efc3374f64b0987a55154' was completed in 0.05 seconds with the score of 935.36 (4 unrouted), using 968.57 CPU seconds and 34223 MB memory.
2026-10-02 14:11:31.058 INFO   [178CA9\2859C6] Restoring an earlier board that has the score of 956.34 (3 unrouted).
2026-10-02 14:11:31.059 INFO   [178CA9\2859C6] Auto-router pass #164 on board '8171b476307efc3374f64b0987a55154' was completed in 0.82 seconds with the score of 916.47 (7 unrouted), using 1012.65 CPU seconds and 35120 MB memory.
2026-10-02 14:11:31.280 INFO   [178CA9\2859C6] Auto-router pass #165 on board 'f7a7ce0d10d373baa201455c26773260' was completed in 0.22 seconds with the score of 940.29 (4 unrouted), using 1012.65 CPU seconds and 35120 MB memory.
2026-10-02 14:11:31.383 INFO   [178CA9\2859C6] Auto-router pass #166 on board 'a05c9bc1112c26f1f965cf85b676cb86' was completed in 0.09 seconds with the score of 940.29 (4 unrouted), using 1012.65 CPU seconds and 35120 MB memory.
2026-10-02 14:11:31.446 INFO   [178CA9\2859C6] Auto-router pass #167 on board 'a05c9bc1112c26f1f965cf85b676cb86' was completed in 0.06 seconds with the score of 940.29 (4 unrouted), using 1012.65 CPU seconds and 35120 MB memory.
2026-10-02 14:11:31.751 INFO   [178CA9\2859C6] Restoring an earlier board that has the score of 956.34 (3 unrouted).
2026-10-02 14:11:31.751 INFO   [178CA9\2859C6] Auto-router pass #168 on board 'a05c9bc1112c26f1f965cf85b676cb86' was completed in 0.30 seconds with the score of 893.98 (6 unrouted), using 1057.71 CPU seconds and 36031 MB memory.
2026-10-02 14:11:31.974 INFO   [178CA9\2859C6] Auto-router pass #169 on board 'f7a7ce0d10d373baa201455c26773260' was completed in 0.22 seconds with the score of 940.03 (4 unrouted), using 1057.71 CPU seconds and 36031 MB memory.
2026-10-02 14:11:32.063 INFO   [178CA9\2859C6] Auto-router pass #170 on board '1f4b67ea199dcee736bac1c94cea4bb9' was completed in 0.08 seconds with the score of 940.03 (4 unrouted), using 1057.71 CPU seconds and 36031 MB memory.
2026-10-02 14:11:32.123 INFO   [178CA9\2859C6] Auto-router pass #171 on board '1f4b67ea199dcee736bac1c94cea4bb9' was completed in 0.06 seconds with the score of 940.03 (4 unrouted), using 1057.71 CPU seconds and 36031 MB memory.
2026-10-02 14:11:32.540 INFO   [178CA9\2859C6] Auto-router pass #172 on board '1f4b67ea199dcee736bac1c94cea4bb9' was completed in 0.41 seconds with the score of 970.87 (2 unrouted), using 1103.75 CPU seconds and 36911 MB memory.
2026-10-02 14:11:32.582 INFO   [178CA9\2859C6] Auto-router pass #173 on board '8c0d6c3540615e69e7bac709fd9d05a8' was completed in 0.03 seconds with the score of 970.87 (2 unrouted), using 1103.75 CPU seconds and 36911 MB memory.
2026-10-02 14:11:32.619 INFO   [178CA9\2859C6] Auto-router pass #174 on board '8c0d6c3540615e69e7bac709fd9d05a8' was completed in 0.03 seconds with the score of 970.87 (2 unrouted), using 1103.75 CPU seconds and 36911 MB memory.
2026-10-02 14:11:32.655 INFO   [178CA9\2859C6] Auto-router pass #175 on board '8c0d6c3540615e69e7bac709fd9d05a8' was completed in 0.03 seconds with the score of 970.87 (2 unrouted), using 1103.75 CPU seconds and 36911 MB memory.
2026-10-02 14:11:32.699 INFO   [178CA9\2859C6] Restoring an earlier board that has the score of 970.87 (2 unrouted).
2026-10-02 14:11:32.699 INFO   [178CA9\2859C6] Auto-router pass #176 on board '8c0d6c3540615e69e7bac709fd9d05a8' was completed in 0.04 seconds with the score of 970.87 (2 unrouted), using 1103.75 CPU seconds and 36911 MB memory.
2026-10-02 14:11:32.906 INFO   [178CA9\2859C6] Auto-router pass #177 on board '8c0d6c3540615e69e7bac709fd9d05a8' was completed in 0.20 seconds with the score of 959.69 (3 unrouted), using 1103.75 CPU seconds and 36911 MB memory.
2026-10-02 14:11:32.981 INFO   [178CA9\2859C6] Auto-router pass #178 on board '3f3dd3ad5b26ea03ea9d1dcb30391cb7' was completed in 0.06 seconds with the score of 959.69 (3 unrouted), using 1103.75 CPU seconds and 36911 MB memory.
2026-10-02 14:11:33.028 INFO   [178CA9\2859C6] Auto-router pass #179 on board '3f3dd3ad5b26ea03ea9d1dcb30391cb7' was completed in 0.04 seconds with the score of 959.69 (3 unrouted), using 1103.75 CPU seconds and 36911 MB memory.
2026-10-02 14:11:33.349 INFO   [178CA9\2859C6] Restoring an earlier board that has the score of 970.87 (2 unrouted).
2026-10-02 14:11:33.350 INFO   [178CA9\2859C6] Auto-router pass #180 on board '3f3dd3ad5b26ea03ea9d1dcb30391cb7' was completed in 0.32 seconds with the score of 894.66 (8 unrouted), using 1103.75 CPU seconds and 36911 MB memory.
2026-10-02 14:11:33.504 INFO   [178CA9\2859C6] Auto-router pass #181 on board '8c0d6c3540615e69e7bac709fd9d05a8' was completed in 0.15 seconds with the score of 970.87 (2 unrouted), using 1150.77 CPU seconds and 37908 MB memory.
2026-10-02 14:11:33.546 INFO   [178CA9\2859C6] Auto-router pass #182 on board '8c0d6c3540615e69e7bac709fd9d05a8' was completed in 0.04 seconds with the score of 970.87 (2 unrouted), using 1150.77 CPU seconds and 37908 MB memory.
2026-10-02 14:11:33.584 INFO   [178CA9\2859C6] Auto-router pass #183 on board '8c0d6c3540615e69e7bac709fd9d05a8' was completed in 0.03 seconds with the score of 970.87 (2 unrouted), using 1150.77 CPU seconds and 37908 MB memory.
2026-10-02 14:11:34.182 INFO   [178CA9\2859C6] Restoring an earlier board that has the score of 970.87 (2 unrouted).
2026-10-02 14:11:34.183 INFO   [178CA9\2859C6] Auto-router pass #184 on board '8c0d6c3540615e69e7bac709fd9d05a8' was completed in 0.59 seconds with the score of 876.62 (8 unrouted), using 1150.77 CPU seconds and 37908 MB memory.
2026-10-02 14:11:34.393 INFO   [178CA9\2859C6] Auto-router pass #185 on board '8c0d6c3540615e69e7bac709fd9d05a8' was completed in 0.20 seconds with the score of 959.69 (3 unrouted), using 1150.77 CPU seconds and 37908 MB memory.
2026-10-02 14:11:34.462 INFO   [178CA9\2859C6] Auto-router pass #186 on board '3f3dd3ad5b26ea03ea9d1dcb30391cb7' was completed in 0.06 seconds with the score of 959.69 (3 unrouted), using 1198.77 CPU seconds and 38797 MB memory.
2026-10-02 14:11:34.510 INFO   [178CA9\2859C6] Auto-router pass #187 on board '3f3dd3ad5b26ea03ea9d1dcb30391cb7' was completed in 0.04 seconds with the score of 959.69 (3 unrouted), using 1198.77 CPU seconds and 38797 MB memory.
2026-10-02 14:11:35.137 INFO   [178CA9\2859C6] Restoring an earlier board that has the score of 970.87 (2 unrouted).
2026-10-02 14:11:35.137 INFO   [178CA9\2859C6] Auto-router pass #188 on board '3f3dd3ad5b26ea03ea9d1dcb30391cb7' was completed in 0.62 seconds with the score of 909.77 (6 unrouted), using 1198.77 CPU seconds and 38797 MB memory.
2026-10-02 14:11:35.350 INFO   [178CA9\2859C6] Auto-router pass #189 on board '8c0d6c3540615e69e7bac709fd9d05a8' was completed in 0.21 seconds with the score of 959.69 (3 unrouted), using 1198.77 CPU seconds and 38797 MB memory.
2026-10-02 14:11:35.417 INFO   [178CA9\2859C6] Auto-router pass #190 on board '3f3dd3ad5b26ea03ea9d1dcb30391cb7' was completed in 0.06 seconds with the score of 959.69 (3 unrouted), using 1198.77 CPU seconds and 38797 MB memory.
2026-10-02 14:11:35.466 INFO   [178CA9\2859C6] Auto-router pass #191 on board '3f3dd3ad5b26ea03ea9d1dcb30391cb7' was completed in 0.04 seconds with the score of 959.69 (3 unrouted), using 1247.75 CPU seconds and 39714 MB memory.
2026-10-02 14:11:35.954 ERROR  AutorouteEngine.autoroute_connection: Exception in maze_search_algo.find_connection
java.lang.ArrayIndexOutOfBoundsException: Index 6 out of bounds for length 6
	at app.freerouting.autoroute.MazeShoveTraceAlgo.check_shove_trace_line(MazeShoveTraceAlgo.java:123) ~[fr-2.1.0.jar:unspecified]
	at app.freerouting.autoroute.MazeSearchAlgo.shove_trace_room(MazeSearchAlgo.java:1214) ~[fr-2.1.0.jar:unspecified]
	at app.freerouting.autoroute.MazeSearchAlgo.expand_to_room_doors(MazeSearchAlgo.java:443) ~[fr-2.1.0.jar:unspecified]
	at app.freerouting.autoroute.MazeSearchAlgo.occupy_next_element(MazeSearchAlgo.java:286) ~[fr-2.1.0.jar:unspecified]
	at app.freerouting.autoroute.MazeSearchAlgo.find_connection(MazeSearchAlgo.java:206) ~[fr-2.1.0.jar:unspecified]
	at app.freerouting.autoroute.AutorouteEngine.autoroute_connection(AutorouteEngine.java:155) [fr-2.1.0.jar:unspecified]
	at app.freerouting.autoroute.BatchAutorouter.autoroute_item(BatchAutorouter.java:610) [fr-2.1.0.jar:unspecified]
	at app.freerouting.autoroute.BatchAutorouter.autoroute_pass(BatchAutorouter.java:332) [fr-2.1.0.jar:unspecified]
	at app.freerouting.autoroute.BatchAutorouter.runBatchLoop(BatchAutorouter.java:447) [fr-2.1.0.jar:unspecified]
	at app.freerouting.management.RoutingJobSchedulerActionThread.thread_action(RoutingJobSchedulerActionThread.java:131) [fr-2.1.0.jar:unspecified]
	at app.freerouting.core.StoppableThread.run(StoppableThread.java:26) [fr-2.1.0.jar:unspecified]
2026-10-02 14:11:35.954 ERROR  AutorouteEngine.autoroute_connection: Exception in maze_search_algo.find_connection
java.lang.ArrayIndexOutOfBoundsException: Index 6 out of bounds for length 6
	at app.freerouting.autoroute.MazeShoveTraceAlgo.check_shove_trace_line(MazeShoveTraceAlgo.java:123) ~[fr-2.1.0.jar:unspecified]
	at app.freerouting.autoroute.MazeSearchAlgo.shove_trace_room(MazeSearchAlgo.java:1214) ~[fr-2.1.0.jar:unspecified]
	at app.freerouting.autoroute.MazeSearchAlgo.expand_to_room_doors(MazeSearchAlgo.java:443) ~[fr-2.1.0.jar:unspecified]
	at app.freerouting.autoroute.MazeSearchAlgo.occupy_next_element(MazeSearchAlgo.java:286) ~[fr-2.1.0.jar:unspecified]
	at app.freerouting.autoroute.MazeSearchAlgo.find_connection(MazeSearchAlgo.java:206) ~[fr-2.1.0.jar:unspecified]
	at app.freerouting.autoroute.AutorouteEngine.autoroute_connection(AutorouteEngine.java:155) [fr-2.1.0.jar:unspecified]
	at app.freerouting.autoroute.BatchAutorouter.autoroute_item(BatchAutorouter.java:610) [fr-2.1.0.jar:unspecified]
	at app.freerouting.autoroute.BatchAutorouter.autoroute_pass(BatchAutorouter.java:332) [fr-2.1.0.jar:unspecified]
	at app.freerouting.autoroute.BatchAutorouter.runBatchLoop(BatchAutorouter.java:447) [fr-2.1.0.jar:unspecified]
	at app.freerouting.management.RoutingJobSchedulerActionThread.thread_action(RoutingJobSchedulerActionThread.java:131) [fr-2.1.0.jar:unspecified]
	at app.freerouting.core.StoppableThread.run(StoppableThread.java:26) [fr-2.1.0.jar:unspecified]
2026-10-02 14:11:35.983 INFO   [178CA9\2859C6] Restoring an earlier board that has the score of 959.69 (3 unrouted).
2026-10-02 14:11:35.984 INFO   [178CA9\2859C6] Auto-router pass #192 on board '3f3dd3ad5b26ea03ea9d1dcb30391cb7' was completed in 0.51 seconds with the score of 932.72 (5 unrouted), using 1247.75 CPU seconds and 39714 MB memory.
2026-10-02 14:11:36.156 INFO   [178CA9\2859C6] Auto-router pass #193 on board '3f3dd3ad5b26ea03ea9d1dcb30391cb7' was completed in 0.17 seconds with the score of 970.87 (2 unrouted), using 1247.75 CPU seconds and 39714 MB memory.
2026-10-02 14:11:36.200 INFO   [178CA9\2859C6] Auto-router pass #194 on board 'd23584f80d80d9ba8920d13329ab3df8' was completed in 0.03 seconds with the score of 970.87 (2 unrouted), using 1247.75 CPU seconds and 39714 MB memory.
2026-10-02 14:11:36.239 INFO   [178CA9\2859C6] Auto-router pass #195 on board 'd23584f80d80d9ba8920d13329ab3df8' was completed in 0.03 seconds with the score of 970.87 (2 unrouted), using 1247.75 CPU seconds and 39714 MB memory.
2026-10-02 14:11:36.747 INFO   [178CA9\2859C6] Restoring an earlier board that has the score of 970.87 (2 unrouted).
2026-10-02 14:11:36.748 INFO   [178CA9\2859C6] Auto-router pass #196 on board 'd23584f80d80d9ba8920d13329ab3df8' was completed in 0.50 seconds with the score of 845.58 (10 unrouted), using 1297.72 CPU seconds and 40589 MB memory.
2026-10-02 14:11:36.903 INFO   [178CA9\2859C6] Auto-router pass #197 on board 'd23584f80d80d9ba8920d13329ab3df8' was completed in 0.15 seconds with the score of 970.87 (2 unrouted), using 1297.72 CPU seconds and 40589 MB memory.
2026-10-02 14:11:36.939 INFO   [178CA9\2859C6] Auto-router pass #198 on board 'd23584f80d80d9ba8920d13329ab3df8' was completed in 0.03 seconds with the score of 970.87 (2 unrouted), using 1297.72 CPU seconds and 40589 MB memory.
2026-10-02 14:11:36.978 INFO   [178CA9\2859C6] Auto-router pass #199 on board 'd23584f80d80d9ba8920d13329ab3df8' was completed in 0.03 seconds with the score of 970.87 (2 unrouted), using 1297.72 CPU seconds and 40589 MB memory.
2026-10-02 14:11:37.297 INFO   [178CA9\2859C6] Restoring an earlier board that has the score of 970.87 (2 unrouted).
2026-10-02 14:11:37.297 INFO   [178CA9\2859C6] Auto-router pass #200 on board 'd23584f80d80d9ba8920d13329ab3df8' was completed in 0.31 seconds with the score of 917.89 (7 unrouted), using 1297.72 CPU seconds and 40589 MB memory.
2026-10-02 14:11:37.504 INFO   [178CA9\2859C6] Auto-router pass #201 on board 'd23584f80d80d9ba8920d13329ab3df8' was completed in 0.20 seconds with the score of 959.69 (3 unrouted), using 1348.66 CPU seconds and 41501 MB memory.
2026-10-02 14:11:37.579 INFO   [178CA9\2859C6] Auto-router pass #202 on board 'c098a043c9c26bd5fdbbc61e77f21922' was completed in 0.06 seconds with the score of 959.69 (3 unrouted), using 1348.66 CPU seconds and 41501 MB memory.
2026-10-02 14:11:37.628 INFO   [178CA9\2859C6] Auto-router pass #203 on board 'c098a043c9c26bd5fdbbc61e77f21922' was completed in 0.04 seconds with the score of 959.69 (3 unrouted), using 1348.66 CPU seconds and 41501 MB memory.
2026-10-02 14:11:38.308 INFO   [178CA9\2859C6] Restoring an earlier board that has the score of 970.87 (2 unrouted).
2026-10-02 14:11:38.309 INFO   [178CA9\2859C6] Auto-router pass #204 on board 'c098a043c9c26bd5fdbbc61e77f21922' was completed in 0.68 seconds with the score of 886.15 (7 unrouted), using 1348.66 CPU seconds and 41501 MB memory.
2026-10-02 14:11:38.517 INFO   [178CA9\2859C6] Auto-router pass #205 on board 'd23584f80d80d9ba8920d13329ab3df8' was completed in 0.20 seconds with the score of 959.69 (3 unrouted), using 1400.58 CPU seconds and 42386 MB memory.
2026-10-02 14:11:38.584 INFO   [178CA9\2859C6] Auto-router pass #206 on board 'c098a043c9c26bd5fdbbc61e77f21922' was completed in 0.06 seconds with the score of 959.69 (3 unrouted), using 1400.58 CPU seconds and 42386 MB memory.
2026-10-02 14:11:38.631 INFO   [178CA9\2859C6] Auto-router pass #207 on board 'c098a043c9c26bd5fdbbc61e77f21922' was completed in 0.04 seconds with the score of 959.69 (3 unrouted), using 1400.58 CPU seconds and 42386 MB memory.
2026-10-02 14:11:38.978 INFO   [178CA9\2859C6] Restoring an earlier board that has the score of 970.87 (2 unrouted).
2026-10-02 14:11:38.978 INFO   [178CA9\2859C6] Auto-router pass #208 on board 'c098a043c9c26bd5fdbbc61e77f21922' was completed in 0.34 seconds with the score of 878.40 (8 unrouted), using 1400.58 CPU seconds and 42386 MB memory.
2026-10-02 14:11:39.184 INFO   [178CA9\2859C6] Auto-router pass #209 on board 'd23584f80d80d9ba8920d13329ab3df8' was completed in 0.20 seconds with the score of 959.69 (3 unrouted), using 1400.58 CPU seconds and 42386 MB memory.
2026-10-02 14:11:39.252 INFO   [178CA9\2859C6] Auto-router pass #210 on board 'c098a043c9c26bd5fdbbc61e77f21922' was completed in 0.06 seconds with the score of 959.69 (3 unrouted), using 1400.58 CPU seconds and 42386 MB memory.
2026-10-02 14:11:39.299 INFO   [178CA9\2859C6] Auto-router pass #211 on board 'c098a043c9c26bd5fdbbc61e77f21922' was completed in 0.04 seconds with the score of 959.69 (3 unrouted), using 1400.58 CPU seconds and 42386 MB memory.
2026-10-02 14:11:39.715 INFO   [178CA9\2859C6] Restoring an earlier board that has the score of 959.69 (3 unrouted).
2026-10-02 14:11:39.715 INFO   [178CA9\2859C6] Auto-router pass #212 on board 'c098a043c9c26bd5fdbbc61e77f21922' was completed in 0.41 seconds with the score of 937.63 (5 unrouted), using 1453.49 CPU seconds and 43346 MB memory.
2026-10-02 14:11:39.875 INFO   [178CA9\2859C6] Auto-router pass #213 on board 'c098a043c9c26bd5fdbbc61e77f21922' was completed in 0.15 seconds with the score of 959.69 (3 unrouted), using 1453.49 CPU seconds and 43346 MB memory.
2026-10-02 14:11:39.926 INFO   [178CA9\2859C6] Auto-router pass #214 on board 'c098a043c9c26bd5fdbbc61e77f21922' was completed in 0.05 seconds with the score of 959.69 (3 unrouted), using 1453.49 CPU seconds and 43346 MB memory.
2026-10-02 14:11:39.974 INFO   [178CA9\2859C6] Auto-router pass #215 on board 'c098a043c9c26bd5fdbbc61e77f21922' was completed in 0.04 seconds with the score of 959.69 (3 unrouted), using 1453.49 CPU seconds and 43346 MB memory.
2026-10-02 14:11:40.731 INFO   [178CA9\2859C6] Restoring an earlier board that has the score of 959.69 (3 unrouted).
2026-10-02 14:11:40.732 INFO   [178CA9\2859C6] Auto-router pass #216 on board 'c098a043c9c26bd5fdbbc61e77f21922' was completed in 0.75 seconds with the score of 836.34 (10 unrouted), using 1507.37 CPU seconds and 44205 MB memory.
2026-10-02 14:11:41.012 INFO   [178CA9\2859C6] Auto-router pass #217 on board 'c098a043c9c26bd5fdbbc61e77f21922' was completed in 0.27 seconds with the score of 959.69 (3 unrouted), using 1507.37 CPU seconds and 44205 MB memory.
2026-10-02 14:11:41.087 INFO   [178CA9\2859C6] Auto-router pass #218 on board '70717c1b5b7f39ee3c16c1ebb1dee3fe' was completed in 0.06 seconds with the score of 959.69 (3 unrouted), using 1507.37 CPU seconds and 44205 MB memory.
2026-10-02 14:11:41.134 INFO   [178CA9\2859C6] Auto-router pass #219 on board '70717c1b5b7f39ee3c16c1ebb1dee3fe' was completed in 0.04 seconds with the score of 959.69 (3 unrouted), using 1507.37 CPU seconds and 44205 MB memory.
2026-10-02 14:11:41.878 INFO   [178CA9\2859C6] Restoring an earlier board that has the score of 959.69 (3 unrouted).
2026-10-02 14:11:41.879 INFO   [178CA9\2859C6] Auto-router pass #220 on board '70717c1b5b7f39ee3c16c1ebb1dee3fe' was completed in 0.74 seconds with the score of 897.79 (7 unrouted), using 1562.24 CPU seconds and 44970 MB memory.
2026-10-02 14:11:42.064 INFO   [178CA9\2859C6] Auto-router pass #221 on board 'c098a043c9c26bd5fdbbc61e77f21922' was completed in 0.18 seconds with the score of 959.69 (3 unrouted), using 1562.24 CPU seconds and 44970 MB memory.
2026-10-02 14:11:42.115 INFO   [178CA9\2859C6] Auto-router pass #222 on board 'c098a043c9c26bd5fdbbc61e77f21922' was completed in 0.05 seconds with the score of 959.69 (3 unrouted), using 1562.24 CPU seconds and 44970 MB memory.
2026-10-02 14:11:42.169 INFO   [178CA9\2859C6] Auto-router pass #223 on board 'c098a043c9c26bd5fdbbc61e77f21922' was completed in 0.05 seconds with the score of 959.69 (3 unrouted), using 1562.24 CPU seconds and 44970 MB memory.
2026-10-02 14:11:42.637 INFO   [178CA9\2859C6] Restoring an earlier board that has the score of 959.69 (3 unrouted).
2026-10-02 14:11:42.637 INFO   [178CA9\2859C6] Auto-router pass #224 on board 'c098a043c9c26bd5fdbbc61e77f21922' was completed in 0.46 seconds with the score of 941.72 (4 unrouted), using 1618.09 CPU seconds and 45816 MB memory.
2026-10-02 14:11:42.883 INFO   [178CA9\2859C6] Auto-router pass #225 on board 'c098a043c9c26bd5fdbbc61e77f21922' was completed in 0.24 seconds with the score of 948.82 (4 unrouted), using 1618.09 CPU seconds and 45816 MB memory.
2026-10-02 14:11:42.973 INFO   [178CA9\2859C6] Auto-router pass #226 on board '50a7c11f007bc28c94c07b73acb8475c' was completed in 0.08 seconds with the score of 948.82 (4 unrouted), using 1618.09 CPU seconds and 45816 MB memory.
2026-10-02 14:11:43.034 INFO   [178CA9\2859C6] Auto-router pass #227 on board '50a7c11f007bc28c94c07b73acb8475c' was completed in 0.06 seconds with the score of 948.82 (4 unrouted), using 1618.09 CPU seconds and 45816 MB memory.
2026-10-02 14:11:43.350 INFO   [178CA9\2859C6] Restoring an earlier board that has the score of 959.69 (3 unrouted).
2026-10-02 14:11:43.350 INFO   [178CA9\2859C6] Auto-router pass #228 on board '50a7c11f007bc28c94c07b73acb8475c' was completed in 0.31 seconds with the score of 942.90 (4 unrouted), using 1618.09 CPU seconds and 45816 MB memory.
2026-10-02 14:11:43.525 INFO   [178CA9\2859C6] Auto-router pass #229 on board '70717c1b5b7f39ee3c16c1ebb1dee3fe' was completed in 0.17 seconds with the score of 970.87 (2 unrouted), using 1674.92 CPU seconds and 46721 MB memory.
2026-10-02 14:11:43.569 INFO   [178CA9\2859C6] Auto-router pass #230 on board '74bcc8fe91156578d6b2db61da01254a' was completed in 0.03 seconds with the score of 970.87 (2 unrouted), using 1674.92 CPU seconds and 46721 MB memory.
2026-10-02 14:11:43.604 INFO   [178CA9\2859C6] Auto-router pass #231 on board '74bcc8fe91156578d6b2db61da01254a' was completed in 0.03 seconds with the score of 970.87 (2 unrouted), using 1674.92 CPU seconds and 46721 MB memory.
2026-10-02 14:11:44.166 INFO   [178CA9\2859C6] Restoring an earlier board that has the score of 970.87 (2 unrouted).
2026-10-02 14:11:44.166 INFO   [178CA9\2859C6] Auto-router pass #232 on board '74bcc8fe91156578d6b2db61da01254a' was completed in 0.56 seconds with the score of 876.62 (8 unrouted), using 1674.92 CPU seconds and 46721 MB memory.
2026-10-02 14:11:44.316 INFO   [178CA9\2859C6] Auto-router pass #233 on board '74bcc8fe91156578d6b2db61da01254a' was completed in 0.14 seconds with the score of 970.87 (2 unrouted), using 1674.92 CPU seconds and 46721 MB memory.
2026-10-02 14:11:44.357 INFO   [178CA9\2859C6] Auto-router pass #234 on board '74bcc8fe91156578d6b2db61da01254a' was completed in 0.04 seconds with the score of 970.87 (2 unrouted), using 1674.92 CPU seconds and 46721 MB memory.
2026-10-02 14:11:44.395 INFO   [178CA9\2859C6] Auto-router pass #235 on board '74bcc8fe91156578d6b2db61da01254a' was completed in 0.03 seconds with the score of 970.87 (2 unrouted), using 1674.92 CPU seconds and 46721 MB memory.
2026-10-02 14:11:44.650 INFO   [178CA9\2859C6] Restoring an earlier board that has the score of 970.87 (2 unrouted).
2026-10-02 14:11:44.650 INFO   [178CA9\2859C6] Auto-router pass #236 on board '74bcc8fe91156578d6b2db61da01254a' was completed in 0.25 seconds with the score of 900.39 (8 unrouted), using 1732.73 CPU seconds and 47616 MB memory.
2026-10-02 14:11:44.792 INFO   [178CA9\2859C6] Auto-router pass #237 on board '74bcc8fe91156578d6b2db61da01254a' was completed in 0.14 seconds with the score of 970.87 (2 unrouted), using 1732.73 CPU seconds and 47616 MB memory.
2026-10-02 14:11:44.828 INFO   [178CA9\2859C6] Auto-router pass #238 on board '74bcc8fe91156578d6b2db61da01254a' was completed in 0.03 seconds with the score of 970.87 (2 unrouted), using 1732.73 CPU seconds and 47616 MB memory.
2026-10-02 14:11:44.864 INFO   [178CA9\2859C6] Auto-router pass #239 on board '74bcc8fe91156578d6b2db61da01254a' was completed in 0.03 seconds with the score of 970.87 (2 unrouted), using 1732.73 CPU seconds and 47616 MB memory.
2026-10-02 14:11:45.036 INFO   [178CA9\2859C6] Restoring an earlier board that has the score of 970.87 (2 unrouted).
2026-10-02 14:11:45.037 INFO   [178CA9\2859C6] Auto-router pass #240 on board '74bcc8fe91156578d6b2db61da01254a' was completed in 0.17 seconds with the score of 892.63 (9 unrouted), using 1732.73 CPU seconds and 47616 MB memory.
2026-10-02 14:11:45.179 INFO   [178CA9\2859C6] Auto-router pass #241 on board '74bcc8fe91156578d6b2db61da01254a' was completed in 0.14 seconds with the score of 970.87 (2 unrouted), using 1732.73 CPU seconds and 47616 MB memory.
2026-10-02 14:11:45.215 INFO   [178CA9\2859C6] Auto-router pass #242 on board '74bcc8fe91156578d6b2db61da01254a' was completed in 0.03 seconds with the score of 970.87 (2 unrouted), using 1732.73 CPU seconds and 47616 MB memory.
2026-10-02 14:11:45.252 INFO   [178CA9\2859C6] Auto-router pass #243 on board '74bcc8fe91156578d6b2db61da01254a' was completed in 0.03 seconds with the score of 970.87 (2 unrouted), using 1732.73 CPU seconds and 47616 MB memory.
2026-10-02 14:11:45.632 INFO   [178CA9\2859C6] Restoring an earlier board that has the score of 970.87 (2 unrouted).
2026-10-02 14:11:45.632 INFO   [178CA9\2859C6] Auto-router pass #244 on board '74bcc8fe91156578d6b2db61da01254a' was completed in 0.38 seconds with the score of 937.63 (5 unrouted), using 1791.52 CPU seconds and 48583 MB memory.
2026-10-02 14:11:45.773 INFO   [178CA9\2859C6] Auto-router pass #245 on board '74bcc8fe91156578d6b2db61da01254a' was completed in 0.14 seconds with the score of 970.87 (2 unrouted), using 1791.52 CPU seconds and 48583 MB memory.
2026-10-02 14:11:45.811 INFO   [178CA9\2859C6] Auto-router pass #246 on board '74bcc8fe91156578d6b2db61da01254a' was completed in 0.03 seconds with the score of 970.87 (2 unrouted), using 1791.52 CPU seconds and 48583 MB memory.
2026-10-02 14:11:45.848 INFO   [178CA9\2859C6] Auto-router pass #247 on board '74bcc8fe91156578d6b2db61da01254a' was completed in 0.03 seconds with the score of 970.87 (2 unrouted), using 1791.52 CPU seconds and 48583 MB memory.
2026-10-02 14:11:45.989 INFO   [178CA9\2859C6] Restoring an earlier board that has the score of 959.69 (3 unrouted).
2026-10-02 14:11:45.989 INFO   [178CA9\2859C6] Auto-router pass #248 on board '74bcc8fe91156578d6b2db61da01254a' was completed in 0.14 seconds with the score of 917.89 (7 unrouted), using 1791.52 CPU seconds and 48583 MB memory.
2026-10-02 14:11:46.151 INFO   [178CA9\2859C6] Auto-router pass #249 on board '70717c1b5b7f39ee3c16c1ebb1dee3fe' was completed in 0.16 seconds with the score of 959.69 (3 unrouted), using 1791.52 CPU seconds and 48583 MB memory.
2026-10-02 14:11:46.202 INFO   [178CA9\2859C6] Auto-router pass #250 on board '70717c1b5b7f39ee3c16c1ebb1dee3fe' was completed in 0.05 seconds with the score of 959.69 (3 unrouted), using 1791.52 CPU seconds and 48583 MB memory.
2026-10-02 14:11:46.250 INFO   [178CA9\2859C6] Auto-router pass #251 on board '70717c1b5b7f39ee3c16c1ebb1dee3fe' was completed in 0.04 seconds with the score of 959.69 (3 unrouted), using 1791.52 CPU seconds and 48583 MB memory.
2026-10-02 14:11:46.719 INFO   [178CA9\2859C6] Restoring an earlier board that has the score of 959.69 (3 unrouted).
2026-10-02 14:11:46.719 INFO   [178CA9\2859C6] Auto-router pass #252 on board '70717c1b5b7f39ee3c16c1ebb1dee3fe' was completed in 0.47 seconds with the score of 948.82 (4 unrouted), using 1851.29 CPU seconds and 49542 MB memory.
2026-10-02 14:11:46.936 INFO   [178CA9\2859C6] Auto-router pass #253 on board '70717c1b5b7f39ee3c16c1ebb1dee3fe' was completed in 0.21 seconds with the score of 959.69 (3 unrouted), using 1851.29 CPU seconds and 49542 MB memory.
2026-10-02 14:11:47.011 INFO   [178CA9\2859C6] Auto-router pass #254 on board '88f5fd72d2e4182a7c40b8a4e7930895' was completed in 0.06 seconds with the score of 959.69 (3 unrouted), using 1851.29 CPU seconds and 49542 MB memory.
2026-10-02 14:11:47.066 INFO   [178CA9\2859C6] Auto-router pass #255 on board '88f5fd72d2e4182a7c40b8a4e7930895' was completed in 0.05 seconds with the score of 959.69 (3 unrouted), using 1851.29 CPU seconds and 49542 MB memory.
2026-10-02 14:11:47.923 INFO   [178CA9\2859C6] Restoring an earlier board that has the score of 959.69 (3 unrouted).
2026-10-02 14:11:47.923 INFO   [178CA9\2859C6] Auto-router pass #256 on board '88f5fd72d2e4182a7c40b8a4e7930895' was completed in 0.85 seconds with the score of 894.94 (7 unrouted), using 1912.05 CPU seconds and 50341 MB memory.
2026-10-02 14:11:48.197 INFO   [178CA9\2859C6] Auto-router pass #257 on board '70717c1b5b7f39ee3c16c1ebb1dee3fe' was completed in 0.27 seconds with the score of 959.69 (3 unrouted), using 1912.05 CPU seconds and 50341 MB memory.
2026-10-02 14:11:48.279 INFO   [178CA9\2859C6] Auto-router pass #258 on board '88f5fd72d2e4182a7c40b8a4e7930895' was completed in 0.07 seconds with the score of 959.69 (3 unrouted), using 1912.05 CPU seconds and 50341 MB memory.
2026-10-02 14:11:48.331 INFO   [178CA9\2859C6] Auto-router pass #259 on board '88f5fd72d2e4182a7c40b8a4e7930895' was completed in 0.05 seconds with the score of 959.69 (3 unrouted), using 1912.05 CPU seconds and 50341 MB memory.
2026-10-02 14:11:48.771 INFO   [178CA9\2859C6] Restoring an earlier board that has the score of 959.69 (3 unrouted).
2026-10-02 14:11:48.771 INFO   [178CA9\2859C6] Auto-router pass #260 on board '88f5fd72d2e4182a7c40b8a4e7930895' was completed in 0.43 seconds with the score of 959.69 (3 unrouted), using 1973.79 CPU seconds and 51155 MB memory.
2026-10-02 14:11:48.981 INFO   [178CA9\2859C6] Auto-router pass #261 on board '88f5fd72d2e4182a7c40b8a4e7930895' was completed in 0.20 seconds with the score of 960.46 (3 unrouted), using 1973.79 CPU seconds and 51155 MB memory.
2026-10-02 14:11:49.054 INFO   [178CA9\2859C6] Auto-router pass #262 on board '16ea6e8a1232553bc707f2ffd055d8df' was completed in 0.06 seconds with the score of 960.46 (3 unrouted), using 1973.79 CPU seconds and 51155 MB memory.
2026-10-02 14:11:49.101 INFO   [178CA9\2859C6] Auto-router pass #263 on board '16ea6e8a1232553bc707f2ffd055d8df' was completed in 0.04 seconds with the score of 960.46 (3 unrouted), using 1973.79 CPU seconds and 51155 MB memory.
2026-10-02 14:11:49.457 INFO   [178CA9\2859C6] Restoring an earlier board that has the score of 960.46 (3 unrouted).
2026-10-02 14:11:49.457 INFO   [178CA9\2859C6] Auto-router pass #264 on board '16ea6e8a1232553bc707f2ffd055d8df' was completed in 0.35 seconds with the score of 936.48 (4 unrouted), using 2036.51 CPU seconds and 52086 MB memory.
2026-10-02 14:11:49.733 INFO   [178CA9\2859C6] Auto-router pass #265 on board '16ea6e8a1232553bc707f2ffd055d8df' was completed in 0.27 seconds with the score of 939.75 (4 unrouted), using 2036.51 CPU seconds and 52086 MB memory.
2026-10-02 14:11:49.846 INFO   [178CA9\2859C6] Auto-router pass #266 on board '3cd3ce6feba17c0c05bccd6b6be04194' was completed in 0.10 seconds with the score of 939.75 (4 unrouted), using 2036.51 CPU seconds and 52086 MB memory.
2026-10-02 14:11:49.932 INFO   [178CA9\2859C6] Auto-router pass #267 on board '3cd3ce6feba17c0c05bccd6b6be04194' was completed in 0.08 seconds with the score of 939.75 (4 unrouted), using 2036.51 CPU seconds and 52086 MB memory.
2026-10-02 14:11:50.937 INFO   [178CA9\2859C6] Restoring an earlier board that has the score of 960.46 (3 unrouted).
2026-10-02 14:11:50.938 INFO   [178CA9\2859C6] Auto-router pass #268 on board '3cd3ce6feba17c0c05bccd6b6be04194' was completed in 1.00 seconds with the score of 843.84 (8 unrouted), using 2100.21 CPU seconds and 52836 MB memory.
2026-10-02 14:11:51.275 INFO   [178CA9\2859C6] Auto-router pass #269 on board '16ea6e8a1232553bc707f2ffd055d8df' was completed in 0.33 seconds with the score of 947.26 (4 unrouted), using 2100.21 CPU seconds and 52836 MB memory.
2026-10-02 14:11:51.401 INFO   [178CA9\2859C6] Auto-router pass #270 on board '1b50d32d2e84ce1072a47b9bc64b790d' was completed in 0.11 seconds with the score of 947.26 (4 unrouted), using 2100.21 CPU seconds and 52836 MB memory.
2026-10-02 14:11:51.488 INFO   [178CA9\2859C6] Auto-router pass #271 on board '1b50d32d2e84ce1072a47b9bc64b790d' was completed in 0.08 seconds with the score of 947.26 (4 unrouted), using 2164.89 CPU seconds and 53475 MB memory.
2026-10-02 14:11:52.030 WARN   Polyline.corner_approx: p_no must be less than arr.length - 1
2026-10-02 14:11:52.034 ERROR  AutorouteEngine.autoroute_connection: Exception in maze_search_algo.find_connection
java.lang.ArrayIndexOutOfBoundsException: Index 5 out of bounds for length 5
	at app.freerouting.autoroute.MazeShoveTraceAlgo.check_shove_trace_line(MazeShoveTraceAlgo.java:123) ~[fr-2.1.0.jar:unspecified]
	at app.freerouting.autoroute.MazeSearchAlgo.shove_trace_room(MazeSearchAlgo.java:1214) ~[fr-2.1.0.jar:unspecified]
	at app.freerouting.autoroute.MazeSearchAlgo.expand_to_room_doors(MazeSearchAlgo.java:443) ~[fr-2.1.0.jar:unspecified]
	at app.freerouting.autoroute.MazeSearchAlgo.occupy_next_element(MazeSearchAlgo.java:286) ~[fr-2.1.0.jar:unspecified]
	at app.freerouting.autoroute.MazeSearchAlgo.find_connection(MazeSearchAlgo.java:206) ~[fr-2.1.0.jar:unspecified]
	at app.freerouting.autoroute.AutorouteEngine.autoroute_connection(AutorouteEngine.java:155) [fr-2.1.0.jar:unspecified]
	at app.freerouting.autoroute.BatchAutorouter.autoroute_item(BatchAutorouter.java:610) [fr-2.1.0.jar:unspecified]
	at app.freerouting.autoroute.BatchAutorouter.autoroute_pass(BatchAutorouter.java:332) [fr-2.1.0.jar:unspecified]
	at app.freerouting.autoroute.BatchAutorouter.runBatchLoop(BatchAutorouter.java:447) [fr-2.1.0.jar:unspecified]
	at app.freerouting.management.RoutingJobSchedulerActionThread.thread_action(RoutingJobSchedulerActionThread.java:131) [fr-2.1.0.jar:unspecified]
	at app.freerouting.core.StoppableThread.run(StoppableThread.java:26) [fr-2.1.0.jar:unspecified]
2026-10-02 14:11:52.034 ERROR  AutorouteEngine.autoroute_connection: Exception in maze_search_algo.find_connection
java.lang.ArrayIndexOutOfBoundsException: Index 5 out of bounds for length 5
	at app.freerouting.autoroute.MazeShoveTraceAlgo.check_shove_trace_line(MazeShoveTraceAlgo.java:123) ~[fr-2.1.0.jar:unspecified]
	at app.freerouting.autoroute.MazeSearchAlgo.shove_trace_room(MazeSearchAlgo.java:1214) ~[fr-2.1.0.jar:unspecified]
	at app.freerouting.autoroute.MazeSearchAlgo.expand_to_room_doors(MazeSearchAlgo.java:443) ~[fr-2.1.0.jar:unspecified]
	at app.freerouting.autoroute.MazeSearchAlgo.occupy_next_element(MazeSearchAlgo.java:286) ~[fr-2.1.0.jar:unspecified]
	at app.freerouting.autoroute.MazeSearchAlgo.find_connection(MazeSearchAlgo.java:206) ~[fr-2.1.0.jar:unspecified]
	at app.freerouting.autoroute.AutorouteEngine.autoroute_connection(AutorouteEngine.java:155) [fr-2.1.0.jar:unspecified]
	at app.freerouting.autoroute.BatchAutorouter.autoroute_item(BatchAutorouter.java:610) [fr-2.1.0.jar:unspecified]
	at app.freerouting.autoroute.BatchAutorouter.autoroute_pass(BatchAutorouter.java:332) [fr-2.1.0.jar:unspecified]
	at app.freerouting.autoroute.BatchAutorouter.runBatchLoop(BatchAutorouter.java:447) [fr-2.1.0.jar:unspecified]
	at app.freerouting.management.RoutingJobSchedulerActionThread.thread_action(RoutingJobSchedulerActionThread.java:131) [fr-2.1.0.jar:unspecified]
	at app.freerouting.core.StoppableThread.run(StoppableThread.java:26) [fr-2.1.0.jar:unspecified]
2026-10-02 14:11:52.059 INFO   [178CA9\2859C6] Restoring an earlier board that has the score of 960.46 (3 unrouted).
2026-10-02 14:11:52.059 INFO   [178CA9\2859C6] Auto-router pass #272 on board '1b50d32d2e84ce1072a47b9bc64b790d' was completed in 0.56 seconds with the score of 910.10 (5 unrouted), using 2164.89 CPU seconds and 53475 MB memory.
2026-10-02 14:11:52.373 INFO   [178CA9\2859C6] Auto-router pass #273 on board '16ea6e8a1232553bc707f2ffd055d8df' was completed in 0.31 seconds with the score of 942.71 (4 unrouted), using 2164.89 CPU seconds and 53475 MB memory.
2026-10-02 14:11:52.494 INFO   [178CA9\2859C6] Auto-router pass #274 on board '8bf3ce2c33715d938b94f2303fa75111' was completed in 0.10 seconds with the score of 942.71 (4 unrouted), using 2230.56 CPU seconds and 54085 MB memory.
2026-10-02 14:11:52.583 INFO   [178CA9\2859C6] Auto-router pass #275 on board '8bf3ce2c33715d938b94f2303fa75111' was completed in 0.08 seconds with the score of 942.71 (4 unrouted), using 2230.56 CPU seconds and 54085 MB memory.
2026-10-02 14:11:53.285 INFO   [178CA9\2859C6] Restoring an earlier board that has the score of 960.46 (3 unrouted).
2026-10-02 14:11:53.286 INFO   [178CA9\2859C6] Auto-router pass #276 on board '8bf3ce2c33715d938b94f2303fa75111' was completed in 0.70 seconds with the score of 856.73 (7 unrouted), using 2230.56 CPU seconds and 54085 MB memory.
2026-10-02 14:11:53.500 INFO   [178CA9\2859C6] Auto-router pass #277 on board '16ea6e8a1232553bc707f2ffd055d8df' was completed in 0.21 seconds with the score of 940.04 (4 unrouted), using 2297.21 CPU seconds and 54739 MB memory.
2026-10-02 14:11:53.585 INFO   [178CA9\2859C6] Auto-router pass #278 on board 'a21263d2b102be823f235c6f71307875' was completed in 0.07 seconds with the score of 940.04 (4 unrouted), using 2297.21 CPU seconds and 54739 MB memory.
2026-10-02 14:11:53.642 INFO   [178CA9\2859C6] Auto-router pass #279 on board 'a21263d2b102be823f235c6f71307875' was completed in 0.05 seconds with the score of 940.04 (4 unrouted), using 2297.21 CPU seconds and 54739 MB memory.
2026-10-02 14:11:54.028 INFO   [178CA9\2859C6] Restoring an earlier board that has the score of 959.69 (3 unrouted).
2026-10-02 14:11:54.028 INFO   [178CA9\2859C6] Auto-router pass #280 on board 'a21263d2b102be823f235c6f71307875' was completed in 0.38 seconds with the score of 895.24 (6 unrouted), using 2297.21 CPU seconds and 54739 MB memory.
2026-10-02 14:11:54.181 INFO   [178CA9\2859C6] Auto-router pass #281 on board '88f5fd72d2e4182a7c40b8a4e7930895' was completed in 0.15 seconds with the score of 959.69 (3 unrouted), using 2297.21 CPU seconds and 54739 MB memory.
2026-10-02 14:11:54.227 INFO   [178CA9\2859C6] Auto-router pass #282 on board '88f5fd72d2e4182a7c40b8a4e7930895' was completed in 0.04 seconds with the score of 959.69 (3 unrouted), using 2297.21 CPU seconds and 54739 MB memory.
2026-10-02 14:11:54.274 INFO   [178CA9\2859C6] Auto-router pass #283 on board '88f5fd72d2e4182a7c40b8a4e7930895' was completed in 0.04 seconds with the score of 959.69 (3 unrouted), using 2297.21 CPU seconds and 54739 MB memory.
2026-10-02 14:11:54.589 INFO   [178CA9\2859C6] Restoring an earlier board that has the score of 959.69 (3 unrouted).
2026-10-02 14:11:54.589 INFO   [178CA9\2859C6] Auto-router pass #284 on board '88f5fd72d2e4182a7c40b8a4e7930895' was completed in 0.31 seconds with the score of 945.96 (4 unrouted), using 2364.85 CPU seconds and 55725 MB memory.
2026-10-02 14:11:54.845 INFO   [178CA9\2859C6] Auto-router pass #285 on board '88f5fd72d2e4182a7c40b8a4e7930895' was completed in 0.25 seconds with the score of 959.69 (3 unrouted), using 2364.85 CPU seconds and 55725 MB memory.
2026-10-02 14:11:54.918 INFO   [178CA9\2859C6] Auto-router pass #286 on board '5d972a158ce313670a0d7adc43dedb0f' was completed in 0.06 seconds with the score of 959.69 (3 unrouted), using 2364.85 CPU seconds and 55725 MB memory.
2026-10-02 14:11:54.968 INFO   [178CA9\2859C6] Auto-router pass #287 on board '5d972a158ce313670a0d7adc43dedb0f' was completed in 0.04 seconds with the score of 959.69 (3 unrouted), using 2364.85 CPU seconds and 55725 MB memory.
2026-10-02 14:11:55.537 INFO   [178CA9\2859C6] Restoring an earlier board that has the score of 959.69 (3 unrouted).
2026-10-02 14:11:55.537 INFO   [178CA9\2859C6] Auto-router pass #288 on board '5d972a158ce313670a0d7adc43dedb0f' was completed in 0.56 seconds with the score of 847.92 (10 unrouted), using 2433.46 CPU seconds and 56587 MB memory.
2026-10-02 14:11:55.742 INFO   [178CA9\2859C6] Auto-router pass #289 on board '88f5fd72d2e4182a7c40b8a4e7930895' was completed in 0.20 seconds with the score of 959.69 (3 unrouted), using 2433.46 CPU seconds and 56587 MB memory.
2026-10-02 14:11:55.797 INFO   [178CA9\2859C6] Auto-router pass #290 on board '88f5fd72d2e4182a7c40b8a4e7930895' was completed in 0.05 seconds with the score of 959.69 (3 unrouted), using 2433.46 CPU seconds and 56587 MB memory.
2026-10-02 14:11:55.846 INFO   [178CA9\2859C6] Auto-router pass #291 on board '88f5fd72d2e4182a7c40b8a4e7930895' was completed in 0.04 seconds with the score of 959.69 (3 unrouted), using 2433.46 CPU seconds and 56587 MB memory.
2026-10-02 14:11:56.177 INFO   [178CA9\2859C6] Restoring an earlier board that has the score of 959.69 (3 unrouted).
2026-10-02 14:11:56.177 INFO   [178CA9\2859C6] Auto-router pass #292 on board '88f5fd72d2e4182a7c40b8a4e7930895' was completed in 0.33 seconds with the score of 957.56 (3 unrouted), using 2433.46 CPU seconds and 56587 MB memory.
2026-10-02 14:11:56.426 INFO   [178CA9\2859C6] Auto-router pass #293 on board '5d972a158ce313670a0d7adc43dedb0f' was completed in 0.24 seconds with the score of 960.46 (3 unrouted), using 2433.46 CPU seconds and 56587 MB memory.
2026-10-02 14:11:56.503 INFO   [178CA9\2859C6] Auto-router pass #294 on board '2b3bf5b8e83b73659656267d3d771e20' was completed in 0.07 seconds with the score of 960.46 (3 unrouted), using 2503.06 CPU seconds and 57445 MB memory.
2026-10-02 14:11:56.552 INFO   [178CA9\2859C6] Auto-router pass #295 on board '2b3bf5b8e83b73659656267d3d771e20' was completed in 0.04 seconds with the score of 960.46 (3 unrouted), using 2503.06 CPU seconds and 57445 MB memory.
2026-10-02 14:11:57.222 ERROR  AutorouteEngine.autoroute_connection: Exception in maze_search_algo.find_connection
java.lang.ArrayIndexOutOfBoundsException: null
2026-10-02 14:11:57.222 ERROR  AutorouteEngine.autoroute_connection: Exception in maze_search_algo.find_connection
java.lang.ArrayIndexOutOfBoundsException: null
2026-10-02 14:11:57.247 INFO   [178CA9\2859C6] Restoring an earlier board that has the score of 960.46 (3 unrouted).
2026-10-02 14:11:57.248 INFO   [178CA9\2859C6] Auto-router pass #296 on board '2b3bf5b8e83b73659656267d3d771e20' was completed in 0.69 seconds with the score of 958.74 (3 unrouted), using 2503.06 CPU seconds and 57445 MB memory.
2026-10-02 14:11:57.469 INFO   [178CA9\2859C6] Auto-router pass #297 on board '2b3bf5b8e83b73659656267d3d771e20' was completed in 0.22 seconds with the score of 943.96 (4 unrouted), using 2573.64 CPU seconds and 58315 MB memory.
2026-10-02 14:11:57.556 INFO   [178CA9\2859C6] Auto-router pass #298 on board '1b0c438fb2b471dbf8f827eab7760d2e' was completed in 0.08 seconds with the score of 943.96 (4 unrouted), using 2573.64 CPU seconds and 58315 MB memory.
2026-10-02 14:11:57.614 INFO   [178CA9\2859C6] Auto-router pass #299 on board '1b0c438fb2b471dbf8f827eab7760d2e' was completed in 0.05 seconds with the score of 943.96 (4 unrouted), using 2573.64 CPU seconds and 58315 MB memory.
2026-10-02 14:11:58.435 INFO   [178CA9\2859C6] Restoring an earlier board that has the score of 960.46 (3 unrouted).
2026-10-02 14:11:58.436 INFO   [178CA9\2859C6] Auto-router pass #300 on board '1b0c438fb2b471dbf8f827eab7760d2e' was completed in 0.81 seconds with the score of 806.25 (10 unrouted), using 2573.64 CPU seconds and 58315 MB memory.
2026-10-02 14:11:58.616 INFO   [178CA9\2859C6] Auto-router pass #301 on board '2b3bf5b8e83b73659656267d3d771e20' was completed in 0.17 seconds with the score of 954.47 (3 unrouted), using 2645.20 CPU seconds and 59142 MB memory.
2026-10-02 14:11:58.669 INFO   [178CA9\2859C6] Auto-router pass #302 on board 'ad9101956f396bed76efbc38d6bc1a3a' was completed in 0.04 seconds with the score of 953.98 (3 unrouted), using 2645.20 CPU seconds and 59142 MB memory.
2026-10-02 14:11:58.724 INFO   [178CA9\2859C6] Auto-router pass #303 on board 'cf04d0b3a8106417b4cb5bc7cc8bf65d' was completed in 0.04 seconds with the score of 953.98 (3 unrouted), using 2645.20 CPU seconds and 59142 MB memory.
2026-10-02 14:11:59.422 INFO   [178CA9\2859C6] Restoring an earlier board that has the score of 960.46 (3 unrouted).
2026-10-02 14:11:59.422 INFO   [178CA9\2859C6] Auto-router pass #304 on board 'cf04d0b3a8106417b4cb5bc7cc8bf65d' was completed in 0.69 seconds with the score of 891.88 (7 unrouted), using 2645.20 CPU seconds and 59142 MB memory.
2026-10-02 14:11:59.592 INFO   [178CA9\2859C6] Auto-router pass #305 on board '2b3bf5b8e83b73659656267d3d771e20' was completed in 0.17 seconds with the score of 970.57 (2 unrouted), using 2717.75 CPU seconds and 60008 MB memory.
2026-10-02 14:11:59.634 INFO   [178CA9\2859C6] Auto-router pass #306 on board '9cdcd7967c082d9767145bb733350015' was completed in 0.03 seconds with the score of 970.57 (2 unrouted), using 2717.75 CPU seconds and 60008 MB memory.
2026-10-02 14:11:59.675 INFO   [178CA9\2859C6] Auto-router pass #307 on board '9cdcd7967c082d9767145bb733350015' was completed in 0.04 seconds with the score of 970.57 (2 unrouted), using 2717.75 CPU seconds and 60008 MB memory.
2026-10-02 14:12:00.103 INFO   [178CA9\2859C6] Restoring an earlier board that has the score of 970.57 (2 unrouted).
2026-10-02 14:12:00.103 INFO   [178CA9\2859C6] Auto-router pass #308 on board '9cdcd7967c082d9767145bb733350015' was completed in 0.42 seconds with the score of 936.94 (5 unrouted), using 2717.75 CPU seconds and 60008 MB memory.
2026-10-02 14:12:00.361 INFO   [178CA9\2859C6] Auto-router pass #309 on board '9cdcd7967c082d9767145bb733350015' was completed in 0.25 seconds with the score of 959.26 (3 unrouted), using 2717.75 CPU seconds and 60008 MB memory.
2026-10-02 14:12:00.479 INFO   [178CA9\2859C6] Auto-router pass #310 on board '4a052bd71b8088cd14a4362358410d89' was completed in 0.10 seconds with the score of 959.26 (3 unrouted), using 2791.27 CPU seconds and 60876 MB memory.
2026-10-02 14:12:00.555 INFO   [178CA9\2859C6] Auto-router pass #311 on board '4a052bd71b8088cd14a4362358410d89' was completed in 0.07 seconds with the score of 959.26 (3 unrouted), using 2791.27 CPU seconds and 60876 MB memory.
2026-10-02 14:12:01.189 INFO   [178CA9\2859C6] Restoring an earlier board that has the score of 970.57 (2 unrouted).
2026-10-02 14:12:01.190 INFO   [178CA9\2859C6] Auto-router pass #312 on board '4a052bd71b8088cd14a4362358410d89' was completed in 0.63 seconds with the score of 947.97 (4 unrouted), using 2791.27 CPU seconds and 60876 MB memory.
2026-10-02 14:12:01.418 INFO   [178CA9\2859C6] Auto-router pass #313 on board '9cdcd7967c082d9767145bb733350015' was completed in 0.22 seconds with the score of 959.26 (3 unrouted), using 2791.27 CPU seconds and 60876 MB memory.
2026-10-02 14:12:01.494 INFO   [178CA9\2859C6] Auto-router pass #314 on board '4a052bd71b8088cd14a4362358410d89' was completed in 0.07 seconds with the score of 959.26 (3 unrouted), using 2865.77 CPU seconds and 61683 MB memory.
2026-10-02 14:12:01.543 INFO   [178CA9\2859C6] Auto-router pass #315 on board '4a052bd71b8088cd14a4362358410d89' was completed in 0.04 seconds with the score of 959.26 (3 unrouted), using 2865.77 CPU seconds and 61683 MB memory.
2026-10-02 14:12:01.966 INFO   [178CA9\2859C6] Restoring an earlier board that has the score of 970.57 (2 unrouted).
2026-10-02 14:12:01.966 INFO   [178CA9\2859C6] Auto-router pass #316 on board '4a052bd71b8088cd14a4362358410d89' was completed in 0.42 seconds with the score of 936.44 (5 unrouted), using 2865.77 CPU seconds and 61683 MB memory.
2026-10-02 14:12:02.118 INFO   [178CA9\2859C6] Auto-router pass #317 on board '9cdcd7967c082d9767145bb733350015' was completed in 0.14 seconds with the score of 970.57 (2 unrouted), using 2865.77 CPU seconds and 61683 MB memory.
2026-10-02 14:12:02.154 INFO   [178CA9\2859C6] Auto-router pass #318 on board '9cdcd7967c082d9767145bb733350015' was completed in 0.03 seconds with the score of 970.57 (2 unrouted), using 2865.77 CPU seconds and 61683 MB memory.
2026-10-02 14:12:02.192 INFO   [178CA9\2859C6] Auto-router pass #319 on board '9cdcd7967c082d9767145bb733350015' was completed in 0.03 seconds with the score of 970.57 (2 unrouted), using 2865.77 CPU seconds and 61683 MB memory.
2026-10-02 14:12:02.586 ERROR  AutorouteEngine.autoroute_connection: Exception in maze_search_algo.find_connection
java.lang.ArrayIndexOutOfBoundsException: null
2026-10-02 14:12:02.586 ERROR  AutorouteEngine.autoroute_connection: Exception in maze_search_algo.find_connection
java.lang.ArrayIndexOutOfBoundsException: null
2026-10-02 14:12:02.602 INFO   [178CA9\2859C6] Restoring an earlier board that has the score of 970.57 (2 unrouted).
2026-10-02 14:12:02.602 INFO   [178CA9\2859C6] Auto-router pass #320 on board '9cdcd7967c082d9767145bb733350015' was completed in 0.41 seconds with the score of 931.92 (5 unrouted), using 2941.26 CPU seconds and 62578 MB memory.
2026-10-02 14:12:02.812 INFO   [178CA9\2859C6] Auto-router pass #321 on board '9cdcd7967c082d9767145bb733350015' was completed in 0.20 seconds with the score of 959.26 (3 unrouted), using 2941.26 CPU seconds and 62578 MB memory.
2026-10-02 14:12:02.891 INFO   [178CA9\2859C6] Auto-router pass #322 on board '4a052bd71b8088cd14a4362358410d89' was completed in 0.07 seconds with the score of 959.26 (3 unrouted), using 2941.26 CPU seconds and 62578 MB memory.
2026-10-02 14:12:02.944 INFO   [178CA9\2859C6] Auto-router pass #323 on board '4a052bd71b8088cd14a4362358410d89' was completed in 0.05 seconds with the score of 959.26 (3 unrouted), using 2941.26 CPU seconds and 62578 MB memory.
2026-10-02 14:12:03.491 INFO   [178CA9\2859C6] Restoring an earlier board that has the score of 960.46 (3 unrouted).
2026-10-02 14:12:03.491 INFO   [178CA9\2859C6] Auto-router pass #324 on board '4a052bd71b8088cd14a4362358410d89' was completed in 0.54 seconds with the score of 823.12 (11 unrouted), using 3017.73 CPU seconds and 63427 MB memory.
2026-10-02 14:12:03.653 INFO   [178CA9\2859C6] Auto-router pass #325 on board '2b3bf5b8e83b73659656267d3d771e20' was completed in 0.16 seconds with the score of 960.46 (3 unrouted), using 3017.73 CPU seconds and 63427 MB memory.
2026-10-02 14:12:03.705 INFO   [178CA9\2859C6] Auto-router pass #326 on board '2b3bf5b8e83b73659656267d3d771e20' was completed in 0.05 seconds with the score of 960.46 (3 unrouted), using 3017.73 CPU seconds and 63427 MB memory.
2026-10-02 14:12:03.755 INFO   [178CA9\2859C6] Auto-router pass #327 on board '2b3bf5b8e83b73659656267d3d771e20' was completed in 0.04 seconds with the score of 960.46 (3 unrouted), using 3017.73 CPU seconds and 63427 MB memory.
2026-10-02 14:12:03.984 INFO   [178CA9\2859C6] Restoring an earlier board that has the score of 959.69 (3 unrouted).
2026-10-02 14:12:03.984 INFO   [178CA9\2859C6] Auto-router pass #328 on board '2b3bf5b8e83b73659656267d3d771e20' was completed in 0.22 seconds with the score of 960.46 (3 unrouted), using 3017.73 CPU seconds and 63427 MB memory.
2026-10-02 14:12:04.232 INFO   [178CA9\2859C6] Auto-router pass #329 on board '5d972a158ce313670a0d7adc43dedb0f' was completed in 0.24 seconds with the score of 959.69 (3 unrouted), using 3017.73 CPU seconds and 63427 MB memory.
2026-10-02 14:12:04.306 INFO   [178CA9\2859C6] Auto-router pass #330 on board '4ea6e15b010de2fcd8321606df7123bf' was completed in 0.06 seconds with the score of 959.69 (3 unrouted), using 3017.73 CPU seconds and 63427 MB memory.
2026-10-02 14:12:04.357 INFO   [178CA9\2859C6] Auto-router pass #331 on board '4ea6e15b010de2fcd8321606df7123bf' was completed in 0.05 seconds with the score of 959.69 (3 unrouted), using 3017.73 CPU seconds and 63427 MB memory.
2026-10-02 14:12:04.880 INFO   [178CA9\2859C6] Restoring an earlier board that has the score of 959.69 (3 unrouted).
2026-10-02 14:12:04.880 INFO   [178CA9\2859C6] Auto-router pass #332 on board '4ea6e15b010de2fcd8321606df7123bf' was completed in 0.52 seconds with the score of 936.24 (5 unrouted), using 3095.18 CPU seconds and 64402 MB memory.
2026-10-02 14:12:05.046 INFO   [178CA9\2859C6] Auto-router pass #333 on board '5d972a158ce313670a0d7adc43dedb0f' was completed in 0.16 seconds with the score of 959.69 (3 unrouted), using 3095.18 CPU seconds and 64402 MB memory.
2026-10-02 14:12:05.094 INFO   [178CA9\2859C6] Auto-router pass #334 on board '5d972a158ce313670a0d7adc43dedb0f' was completed in 0.04 seconds with the score of 959.69 (3 unrouted), using 3095.18 CPU seconds and 64402 MB memory.
2026-10-02 14:12:05.145 INFO   [178CA9\2859C6] Auto-router pass #335 on board '5d972a158ce313670a0d7adc43dedb0f' was completed in 0.05 seconds with the score of 959.69 (3 unrouted), using 3095.18 CPU seconds and 64402 MB memory.
2026-10-02 14:12:05.350 INFO   [178CA9\2859C6] Restoring an earlier board that has the score of 959.69 (3 unrouted).
2026-10-02 14:12:05.351 INFO   [178CA9\2859C6] Auto-router pass #336 on board '5d972a158ce313670a0d7adc43dedb0f' was completed in 0.20 seconds with the score of 886.63 (8 unrouted), using 3095.18 CPU seconds and 64402 MB memory.
2026-10-02 14:12:05.590 INFO   [178CA9\2859C6] Auto-router pass #337 on board '5d972a158ce313670a0d7adc43dedb0f' was completed in 0.23 seconds with the score of 948.82 (4 unrouted), using 3173.61 CPU seconds and 65303 MB memory.
2026-10-02 14:12:05.684 INFO   [178CA9\2859C6] Auto-router pass #338 on board 'b9c83923783d68da2a923a3ea246a331' was completed in 0.08 seconds with the score of 948.82 (4 unrouted), using 3173.61 CPU seconds and 65303 MB memory.
2026-10-02 14:12:05.744 INFO   [178CA9\2859C6] Auto-router pass #339 on board 'b9c83923783d68da2a923a3ea246a331' was completed in 0.06 seconds with the score of 948.82 (4 unrouted), using 3173.61 CPU seconds and 65303 MB memory.
2026-10-02 14:12:06.670 INFO   [178CA9\2859C6] Restoring an earlier board that has the score of 959.69 (3 unrouted).
2026-10-02 14:12:06.670 INFO   [178CA9\2859C6] Auto-router pass #340 on board 'b9c83923783d68da2a923a3ea246a331' was completed in 0.92 seconds with the score of 916.27 (6 unrouted), using 3253.02 CPU seconds and 66088 MB memory.
2026-10-02 14:12:06.838 INFO   [178CA9\2859C6] Auto-router pass #341 on board '4ea6e15b010de2fcd8321606df7123bf' was completed in 0.16 seconds with the score of 959.69 (3 unrouted), using 3253.02 CPU seconds and 66088 MB memory.
2026-10-02 14:12:06.888 INFO   [178CA9\2859C6] Auto-router pass #342 on board '4ea6e15b010de2fcd8321606df7123bf' was completed in 0.04 seconds with the score of 959.69 (3 unrouted), using 3253.02 CPU seconds and 66088 MB memory.
2026-10-02 14:12:06.938 INFO   [178CA9\2859C6] Auto-router pass #343 on board '4ea6e15b010de2fcd8321606df7123bf' was completed in 0.05 seconds with the score of 959.69 (3 unrouted), using 3253.02 CPU seconds and 66088 MB memory.
2026-10-02 14:12:07.152 INFO   [178CA9\2859C6] Restoring an earlier board that has the score of 959.69 (3 unrouted).
2026-10-02 14:12:07.152 INFO   [178CA9\2859C6] Auto-router pass #344 on board '4ea6e15b010de2fcd8321606df7123bf' was completed in 0.21 seconds with the score of 869.84 (8 unrouted), using 3253.02 CPU seconds and 66088 MB memory.
2026-10-02 14:12:07.402 INFO   [178CA9\2859C6] Auto-router pass #345 on board '4ea6e15b010de2fcd8321606df7123bf' was completed in 0.24 seconds with the score of 948.82 (4 unrouted), using 3253.02 CPU seconds and 66088 MB memory.
2026-10-02 14:12:07.497 INFO   [178CA9\2859C6] Auto-router pass #346 on board 'cb6b5cde4ac10528ed01192837b2529c' was completed in 0.08 seconds with the score of 948.82 (4 unrouted), using 3333.41 CPU seconds and 67000 MB memory.
2026-10-02 14:12:07.562 INFO   [178CA9\2859C6] Auto-router pass #347 on board 'cb6b5cde4ac10528ed01192837b2529c' was completed in 0.06 seconds with the score of 948.82 (4 unrouted), using 3333.41 CPU seconds and 67000 MB memory.
2026-10-02 14:12:08.325 INFO   [178CA9\2859C6] Restoring an earlier board that has the score of 959.69 (3 unrouted).
2026-10-02 14:12:08.325 INFO   [178CA9\2859C6] Auto-router pass #348 on board 'cb6b5cde4ac10528ed01192837b2529c' was completed in 0.76 seconds with the score of 958.37 (3 unrouted), using 3333.41 CPU seconds and 67000 MB memory.
2026-10-02 14:12:08.549 INFO   [178CA9\2859C6] Auto-router pass #349 on board '4ea6e15b010de2fcd8321606df7123bf' was completed in 0.22 seconds with the score of 959.69 (3 unrouted), using 3414.79 CPU seconds and 67685 MB memory.
2026-10-02 14:12:08.623 INFO   [178CA9\2859C6] Auto-router pass #350 on board 'a2be6bda5d5c7ba9de631d324784bb0a' was completed in 0.06 seconds with the score of 959.69 (3 unrouted), using 3414.79 CPU seconds and 67685 MB memory.
2026-10-02 14:12:08.672 INFO   [178CA9\2859C6] Auto-router pass #351 on board 'a2be6bda5d5c7ba9de631d324784bb0a' was completed in 0.04 seconds with the score of 959.69 (3 unrouted), using 3414.79 CPU seconds and 67685 MB memory.
2026-10-02 14:12:08.893 INFO   [178CA9\2859C6] Restoring an earlier board that has the score of 959.69 (3 unrouted).
2026-10-02 14:12:08.893 INFO   [178CA9\2859C6] Auto-router pass #352 on board 'a2be6bda5d5c7ba9de631d324784bb0a' was completed in 0.21 seconds with the score of 857.13 (10 unrouted), using 3414.79 CPU seconds and 67685 MB memory.
2026-10-02 14:12:09.048 INFO   [178CA9\2859C6] Auto-router pass #353 on board '4ea6e15b010de2fcd8321606df7123bf' was completed in 0.15 seconds with the score of 959.69 (3 unrouted), using 3414.79 CPU seconds and 67685 MB memory.
2026-10-02 14:12:09.096 INFO   [178CA9\2859C6] Auto-router pass #354 on board '4ea6e15b010de2fcd8321606df7123bf' was completed in 0.04 seconds with the score of 959.69 (3 unrouted), using 3414.79 CPU seconds and 67685 MB memory.
2026-10-02 14:12:09.145 INFO   [178CA9\2859C6] Auto-router pass #355 on board '4ea6e15b010de2fcd8321606df7123bf' was completed in 0.04 seconds with the score of 959.69 (3 unrouted), using 3414.79 CPU seconds and 67685 MB memory.
2026-10-02 14:12:09.940 INFO   [178CA9\2859C6] Restoring an earlier board that has the score of 959.69 (3 unrouted).
2026-10-02 14:12:09.941 INFO   [178CA9\2859C6] Auto-router pass #356 on board '4ea6e15b010de2fcd8321606df7123bf' was completed in 0.79 seconds with the score of 887.48 (7 unrouted), using 3497.15 CPU seconds and 68626 MB memory.
2026-10-02 14:12:10.101 INFO   [178CA9\2859C6] Auto-router pass #357 on board 'a2be6bda5d5c7ba9de631d324784bb0a' was completed in 0.16 seconds with the score of 970.87 (2 unrouted), using 3497.15 CPU seconds and 68626 MB memory.
2026-10-02 14:12:10.143 INFO   [178CA9\2859C6] Auto-router pass #358 on board 'b9e5b5c9c25342b220aebde0b0948e88' was completed in 0.03 seconds with the score of 970.87 (2 unrouted), using 3497.15 CPU seconds and 68626 MB memory.
2026-10-02 14:12:10.182 INFO   [178CA9\2859C6] Auto-router pass #359 on board 'b9e5b5c9c25342b220aebde0b0948e88' was completed in 0.03 seconds with the score of 970.87 (2 unrouted), using 3497.15 CPU seconds and 68626 MB memory.
2026-10-02 14:12:10.725 INFO   [178CA9\2859C6] Restoring an earlier board that has the score of 970.87 (2 unrouted).
2026-10-02 14:12:10.725 INFO   [178CA9\2859C6] Auto-router pass #360 on board 'b9e5b5c9c25342b220aebde0b0948e88' was completed in 0.54 seconds with the score of 882.98 (8 unrouted), using 3580.49 CPU seconds and 69514 MB memory.
2026-10-02 14:12:10.871 INFO   [178CA9\2859C6] Auto-router pass #361 on board 'b9e5b5c9c25342b220aebde0b0948e88' was completed in 0.14 seconds with the score of 970.87 (2 unrouted), using 3580.49 CPU seconds and 69514 MB memory.
2026-10-02 14:12:10.906 INFO   [178CA9\2859C6] Auto-router pass #362 on board 'b9e5b5c9c25342b220aebde0b0948e88' was completed in 0.03 seconds with the score of 970.87 (2 unrouted), using 3580.49 CPU seconds and 69514 MB memory.
2026-10-02 14:12:10.943 INFO   [178CA9\2859C6] Auto-router pass #363 on board 'b9e5b5c9c25342b220aebde0b0948e88' was completed in 0.03 seconds with the score of 970.87 (2 unrouted), using 3580.49 CPU seconds and 69514 MB memory.
2026-10-02 14:12:11.153 INFO   [178CA9\2859C6] Restoring an earlier board that has the score of 970.87 (2 unrouted).
2026-10-02 14:12:11.153 INFO   [178CA9\2859C6] Auto-router pass #364 on board 'b9e5b5c9c25342b220aebde0b0948e88' was completed in 0.20 seconds with the score of 932.72 (5 unrouted), using 3580.49 CPU seconds and 69514 MB memory.
2026-10-02 14:12:11.349 INFO   [178CA9\2859C6] Auto-router pass #365 on board 'b9e5b5c9c25342b220aebde0b0948e88' was completed in 0.19 seconds with the score of 959.69 (3 unrouted), using 3580.49 CPU seconds and 69514 MB memory.
2026-10-02 14:12:11.423 INFO   [178CA9\2859C6] Auto-router pass #366 on board '496763b42b711d9bc18e5421d68a3489' was completed in 0.06 seconds with the score of 959.69 (3 unrouted), using 3580.49 CPU seconds and 69514 MB memory.
2026-10-02 14:12:11.471 INFO   [178CA9\2859C6] Auto-router pass #367 on board '496763b42b711d9bc18e5421d68a3489' was completed in 0.04 seconds with the score of 959.69 (3 unrouted), using 3664.81 CPU seconds and 70513 MB memory.
2026-10-02 14:12:11.952 INFO   [178CA9\2859C6] Restoring an earlier board that has the score of 970.87 (2 unrouted).
2026-10-02 14:12:11.952 INFO   [178CA9\2859C6] Auto-router pass #368 on board '496763b42b711d9bc18e5421d68a3489' was completed in 0.48 seconds with the score of 945.96 (4 unrouted), using 3664.81 CPU seconds and 70513 MB memory.
2026-10-02 14:12:12.154 INFO   [178CA9\2859C6] Auto-router pass #369 on board 'b9e5b5c9c25342b220aebde0b0948e88' was completed in 0.20 seconds with the score of 959.69 (3 unrouted), using 3664.81 CPU seconds and 70513 MB memory.
2026-10-02 14:12:12.218 INFO   [178CA9\2859C6] Auto-router pass #370 on board '496763b42b711d9bc18e5421d68a3489' was completed in 0.06 seconds with the score of 959.69 (3 unrouted), using 3664.81 CPU seconds and 70513 MB memory.
2026-10-02 14:12:12.266 INFO   [178CA9\2859C6] Auto-router pass #371 on board '496763b42b711d9bc18e5421d68a3489' was completed in 0.04 seconds with the score of 959.69 (3 unrouted), using 3664.81 CPU seconds and 70513 MB memory.
2026-10-02 14:12:12.814 INFO   [178CA9\2859C6] Restoring an earlier board that has the score of 970.87 (2 unrouted).
2026-10-02 14:12:12.814 INFO   [178CA9\2859C6] Auto-router pass #372 on board '496763b42b711d9bc18e5421d68a3489' was completed in 0.54 seconds with the score of 929.95 (6 unrouted), using 3750.11 CPU seconds and 71427 MB memory.
2026-10-02 14:12:12.957 INFO   [178CA9\2859C6] Auto-router pass #373 on board 'b9e5b5c9c25342b220aebde0b0948e88' was completed in 0.14 seconds with the score of 970.87 (2 unrouted), using 3750.11 CPU seconds and 71427 MB memory.
2026-10-02 14:12:12.992 INFO   [178CA9\2859C6] Auto-router pass #374 on board 'b9e5b5c9c25342b220aebde0b0948e88' was completed in 0.03 seconds with the score of 970.87 (2 unrouted), using 3750.11 CPU seconds and 71427 MB memory.
2026-10-02 14:12:13.030 INFO   [178CA9\2859C6] Auto-router pass #375 on board 'b9e5b5c9c25342b220aebde0b0948e88' was completed in 0.03 seconds with the score of 970.87 (2 unrouted), using 3750.11 CPU seconds and 71427 MB memory.
2026-10-02 14:12:13.254 INFO   [178CA9\2859C6] Restoring an earlier board that has the score of 959.69 (3 unrouted).
2026-10-02 14:12:13.255 INFO   [178CA9\2859C6] Auto-router pass #376 on board 'b9e5b5c9c25342b220aebde0b0948e88' was completed in 0.22 seconds with the score of 892.63 (9 unrouted), using 3750.11 CPU seconds and 71427 MB memory.
2026-10-02 14:12:13.518 INFO   [178CA9\2859C6] Auto-router pass #377 on board 'a2be6bda5d5c7ba9de631d324784bb0a' was completed in 0.26 seconds with the score of 959.69 (3 unrouted), using 3836.39 CPU seconds and 72316 MB memory.
2026-10-02 14:12:13.591 INFO   [178CA9\2859C6] Auto-router pass #378 on board '496763b42b711d9bc18e5421d68a3489' was completed in 0.07 seconds with the score of 959.69 (3 unrouted), using 3836.39 CPU seconds and 72316 MB memory.
2026-10-02 14:12:13.641 INFO   [178CA9\2859C6] Auto-router pass #379 on board '496763b42b711d9bc18e5421d68a3489' was completed in 0.04 seconds with the score of 959.69 (3 unrouted), using 3836.39 CPU seconds and 72316 MB memory.
2026-10-02 14:12:14.037 INFO   [178CA9\2859C6] Restoring an earlier board that has the score of 959.69 (3 unrouted).
2026-10-02 14:12:14.038 INFO   [178CA9\2859C6] Auto-router pass #380 on board '496763b42b711d9bc18e5421d68a3489' was completed in 0.39 seconds with the score of 953.53 (3 unrouted), using 3836.39 CPU seconds and 72316 MB memory.
2026-10-02 14:12:14.217 INFO   [178CA9\2859C6] Auto-router pass #381 on board 'a2be6bda5d5c7ba9de631d324784bb0a' was completed in 0.17 seconds with the score of 970.87 (2 unrouted), using 3836.39 CPU seconds and 72316 MB memory.
2026-10-02 14:12:14.258 INFO   [178CA9\2859C6] Auto-router pass #382 on board 'b9e5b5c9c25342b220aebde0b0948e88' was completed in 0.04 seconds with the score of 970.87 (2 unrouted), using 3836.39 CPU seconds and 72316 MB memory.
2026-10-02 14:12:14.294 INFO   [178CA9\2859C6] Auto-router pass #383 on board 'b9e5b5c9c25342b220aebde0b0948e88' was completed in 0.03 seconds with the score of 970.87 (2 unrouted), using 3836.39 CPU seconds and 72316 MB memory.
2026-10-02 14:12:14.680 ERROR  AutorouteEngine.autoroute_connection: Exception in maze_search_algo.find_connection
java.lang.ArrayIndexOutOfBoundsException: null
2026-10-02 14:12:14.680 ERROR  AutorouteEngine.autoroute_connection: Exception in maze_search_algo.find_connection
java.lang.ArrayIndexOutOfBoundsException: null
2026-10-02 14:12:14.697 INFO   [178CA9\2859C6] Restoring an earlier board that has the score of 959.69 (3 unrouted).
2026-10-02 14:12:14.698 INFO   [178CA9\2859C6] Auto-router pass #384 on board 'b9e5b5c9c25342b220aebde0b0948e88' was completed in 0.40 seconds with the score of 932.72 (5 unrouted), using 3923.65 CPU seconds and 73143 MB memory.
2026-10-02 14:12:14.945 INFO   [178CA9\2859C6] Auto-router pass #385 on board 'a2be6bda5d5c7ba9de631d324784bb0a' was completed in 0.24 seconds with the score of 959.69 (3 unrouted), using 3923.65 CPU seconds and 73143 MB memory.
2026-10-02 14:12:15.024 INFO   [178CA9\2859C6] Auto-router pass #386 on board 'a48d6ce7f9e650557b626e34b9b08a5a' was completed in 0.07 seconds with the score of 959.69 (3 unrouted), using 3923.65 CPU seconds and 73143 MB memory.
2026-10-02 14:12:15.074 INFO   [178CA9\2859C6] Auto-router pass #387 on board 'a48d6ce7f9e650557b626e34b9b08a5a' was completed in 0.05 seconds with the score of 959.69 (3 unrouted), using 3923.65 CPU seconds and 73143 MB memory.
2026-10-02 14:12:15.422 INFO   [178CA9\2859C6] Restoring an earlier board that has the score of 959.69 (3 unrouted).
2026-10-02 14:12:15.422 INFO   [178CA9\2859C6] Auto-router pass #388 on board 'a48d6ce7f9e650557b626e34b9b08a5a' was completed in 0.34 seconds with the score of 959.69 (3 unrouted), using 3923.65 CPU seconds and 73143 MB memory.
2026-10-02 14:12:15.587 INFO   [178CA9\2859C6] Auto-router pass #389 on board '496763b42b711d9bc18e5421d68a3489' was completed in 0.16 seconds with the score of 970.87 (2 unrouted), using 4011.89 CPU seconds and 74056 MB memory.
2026-10-02 14:12:15.631 INFO   [178CA9\2859C6] Auto-router pass #390 on board '41c42cf459a73f37cb0373c29786ca2f' was completed in 0.03 seconds with the score of 970.87 (2 unrouted), using 4011.89 CPU seconds and 74056 MB memory.
2026-10-02 14:12:15.669 INFO   [178CA9\2859C6] Auto-router pass #391 on board '41c42cf459a73f37cb0373c29786ca2f' was completed in 0.03 seconds with the score of 970.87 (2 unrouted), using 4011.89 CPU seconds and 74056 MB memory.
2026-10-02 14:12:15.985 INFO   [178CA9\2859C6] Restoring an earlier board that has the score of 970.87 (2 unrouted).
2026-10-02 14:12:15.986 INFO   [178CA9\2859C6] Auto-router pass #392 on board '41c42cf459a73f37cb0373c29786ca2f' was completed in 0.31 seconds with the score of 917.89 (7 unrouted), using 4011.89 CPU seconds and 74056 MB memory.
2026-10-02 14:12:16.194 INFO   [178CA9\2859C6] Auto-router pass #393 on board '41c42cf459a73f37cb0373c29786ca2f' was completed in 0.20 seconds with the score of 959.69 (3 unrouted), using 4011.89 CPU seconds and 74056 MB memory.
2026-10-02 14:12:16.269 INFO   [178CA9\2859C6] Auto-router pass #394 on board 'ae594566a29b2a9c4e1cdac7dec2e06f' was completed in 0.07 seconds with the score of 959.69 (3 unrouted), using 4011.89 CPU seconds and 74056 MB memory.
2026-10-02 14:12:16.318 INFO   [178CA9\2859C6] Auto-router pass #395 on board 'ae594566a29b2a9c4e1cdac7dec2e06f' was completed in 0.04 seconds with the score of 959.69 (3 unrouted), using 4011.89 CPU seconds and 74056 MB memory.
2026-10-02 14:12:16.644 INFO   [178CA9\2859C6] Restoring an earlier board that has the score of 970.87 (2 unrouted).
2026-10-02 14:12:16.644 INFO   [178CA9\2859C6] Auto-router pass #396 on board 'ae594566a29b2a9c4e1cdac7dec2e06f' was completed in 0.32 seconds with the score of 879.92 (8 unrouted), using 4101.11 CPU seconds and 75013 MB memory.
2026-10-02 14:12:16.791 INFO   [178CA9\2859C6] Auto-router pass #397 on board '41c42cf459a73f37cb0373c29786ca2f' was completed in 0.14 seconds with the score of 970.87 (2 unrouted), using 4101.11 CPU seconds and 75013 MB memory.
2026-10-02 14:12:16.829 INFO   [178CA9\2859C6] Auto-router pass #398 on board '41c42cf459a73f37cb0373c29786ca2f' was completed in 0.03 seconds with the score of 970.87 (2 unrouted), using 4101.11 CPU seconds and 75013 MB memory.
2026-10-02 14:12:16.866 INFO   [178CA9\2859C6] Auto-router pass #399 on board '41c42cf459a73f37cb0373c29786ca2f' was completed in 0.03 seconds with the score of 970.87 (2 unrouted), using 4101.11 CPU seconds and 75013 MB memory.
2026-10-02 14:12:17.424 INFO   [178CA9\2859C6] Restoring an earlier board that has the score of 970.87 (2 unrouted).
2026-10-02 14:12:17.424 INFO   [178CA9\2859C6] Auto-router pass #400 on board '41c42cf459a73f37cb0373c29786ca2f' was completed in 0.55 seconds with the score of 845.58 (10 unrouted), using 4101.11 CPU seconds and 75013 MB memory.
2026-10-02 14:12:17.575 INFO   [178CA9\2859C6] Auto-router pass #401 on board '41c42cf459a73f37cb0373c29786ca2f' was completed in 0.15 seconds with the score of 970.87 (2 unrouted), using 4191.31 CPU seconds and 75865 MB memory.
2026-10-02 14:12:17.611 INFO   [178CA9\2859C6] Auto-router pass #402 on board '41c42cf459a73f37cb0373c29786ca2f' was completed in 0.03 seconds with the score of 970.87 (2 unrouted), using 4191.31 CPU seconds and 75865 MB memory.
2026-10-02 14:12:17.649 INFO   [178CA9\2859C6] Auto-router pass #403 on board '41c42cf459a73f37cb0373c29786ca2f' was completed in 0.03 seconds with the score of 970.87 (2 unrouted), using 4191.31 CPU seconds and 75865 MB memory.
2026-10-02 14:12:17.861 INFO   [178CA9\2859C6] Restoring an earlier board that has the score of 970.87 (2 unrouted).
2026-10-02 14:12:17.862 INFO   [178CA9\2859C6] Auto-router pass #404 on board '41c42cf459a73f37cb0373c29786ca2f' was completed in 0.21 seconds with the score of 932.72 (5 unrouted), using 4191.31 CPU seconds and 75865 MB memory.
2026-10-02 14:12:18.010 INFO   [178CA9\2859C6] Auto-router pass #405 on board '41c42cf459a73f37cb0373c29786ca2f' was completed in 0.14 seconds with the score of 970.87 (2 unrouted), using 4191.31 CPU seconds and 75865 MB memory.
2026-10-02 14:12:18.050 INFO   [178CA9\2859C6] Auto-router pass #406 on board '41c42cf459a73f37cb0373c29786ca2f' was completed in 0.04 seconds with the score of 970.87 (2 unrouted), using 4191.31 CPU seconds and 75865 MB memory.
2026-10-02 14:12:18.089 INFO   [178CA9\2859C6] Auto-router pass #407 on board '41c42cf459a73f37cb0373c29786ca2f' was completed in 0.03 seconds with the score of 970.87 (2 unrouted), using 4191.31 CPU seconds and 75865 MB memory.
2026-10-02 14:12:18.416 INFO   [178CA9\2859C6] Restoring an earlier board that has the score of 959.69 (3 unrouted).
2026-10-02 14:12:18.416 INFO   [178CA9\2859C6] Auto-router pass #408 on board '41c42cf459a73f37cb0373c29786ca2f' was completed in 0.32 seconds with the score of 917.89 (7 unrouted), using 4191.31 CPU seconds and 75865 MB memory.
2026-10-02 14:12:18.580 INFO   [178CA9\2859C6] Auto-router pass #409 on board '496763b42b711d9bc18e5421d68a3489' was completed in 0.16 seconds with the score of 959.69 (3 unrouted), using 4282.50 CPU seconds and 76801 MB memory.
2026-10-02 14:12:18.631 INFO   [178CA9\2859C6] Auto-router pass #410 on board '496763b42b711d9bc18e5421d68a3489' was completed in 0.04 seconds with the score of 959.69 (3 unrouted), using 4282.50 CPU seconds and 76801 MB memory.
2026-10-02 14:12:18.678 INFO   [178CA9\2859C6] Auto-router pass #411 on board '496763b42b711d9bc18e5421d68a3489' was completed in 0.04 seconds with the score of 959.69 (3 unrouted), using 4282.50 CPU seconds and 76801 MB memory.
2026-10-02 14:12:19.019 INFO   [178CA9\2859C6] Restoring an earlier board that has the score of 959.69 (3 unrouted).
2026-10-02 14:12:19.019 INFO   [178CA9\2859C6] Auto-router pass #412 on board '496763b42b711d9bc18e5421d68a3489' was completed in 0.34 seconds with the score of 970.87 (2 unrouted), using 4282.50 CPU seconds and 76801 MB memory.
2026-10-02 14:12:19.201 INFO   [178CA9\2859C6] Auto-router pass #413 on board '496763b42b711d9bc18e5421d68a3489' was completed in 0.18 seconds with the score of 959.69 (3 unrouted), using 4282.50 CPU seconds and 76801 MB memory.
2026-10-02 14:12:19.252 INFO   [178CA9\2859C6] Auto-router pass #414 on board '496763b42b711d9bc18e5421d68a3489' was completed in 0.05 seconds with the score of 959.69 (3 unrouted), using 4282.50 CPU seconds and 76801 MB memory.
2026-10-02 14:12:19.302 INFO   [178CA9\2859C6] Auto-router pass #415 on board '496763b42b711d9bc18e5421d68a3489' was completed in 0.04 seconds with the score of 959.69 (3 unrouted), using 4282.50 CPU seconds and 76801 MB memory.
2026-10-02 14:12:19.853 INFO   [178CA9\2859C6] Restoring an earlier board that has the score of 959.69 (3 unrouted).
2026-10-02 14:12:19.853 INFO   [178CA9\2859C6] Auto-router pass #416 on board '496763b42b711d9bc18e5421d68a3489' was completed in 0.55 seconds with the score of 890.75 (7 unrouted), using 4374.66 CPU seconds and 77738 MB memory.
2026-10-02 14:12:20.064 INFO   [178CA9\2859C6] Auto-router pass #417 on board '496763b42b711d9bc18e5421d68a3489' was completed in 0.21 seconds with the score of 960.46 (3 unrouted), using 4374.66 CPU seconds and 77738 MB memory.
2026-10-02 14:12:20.138 INFO   [178CA9\2859C6] Auto-router pass #418 on board 'de8bd0a8fd4707f766fe897dd8344b7d' was completed in 0.06 seconds with the score of 960.46 (3 unrouted), using 4374.66 CPU seconds and 77738 MB memory.
2026-10-02 14:12:20.184 INFO   [178CA9\2859C6] Auto-router pass #419 on board 'de8bd0a8fd4707f766fe897dd8344b7d' was completed in 0.04 seconds with the score of 960.46 (3 unrouted), using 4374.66 CPU seconds and 77738 MB memory.
2026-10-02 14:12:20.403 INFO   [178CA9\2859C6] Restoring an earlier board that has the score of 960.46 (3 unrouted).
2026-10-02 14:12:20.404 INFO   [178CA9\2859C6] Auto-router pass #420 on board 'de8bd0a8fd4707f766fe897dd8344b7d' was completed in 0.21 seconds with the score of 960.46 (3 unrouted), using 4374.66 CPU seconds and 77738 MB memory.
2026-10-02 14:12:20.555 INFO   [178CA9\2859C6] Auto-router pass #421 on board 'de8bd0a8fd4707f766fe897dd8344b7d' was completed in 0.15 seconds with the score of 960.46 (3 unrouted), using 4467.81 CPU seconds and 78679 MB memory.
2026-10-02 14:12:20.604 INFO   [178CA9\2859C6] Auto-router pass #422 on board 'de8bd0a8fd4707f766fe897dd8344b7d' was completed in 0.04 seconds with the score of 960.46 (3 unrouted), using 4467.81 CPU seconds and 78679 MB memory.
2026-10-02 14:12:20.651 INFO   [178CA9\2859C6] Auto-router pass #423 on board 'de8bd0a8fd4707f766fe897dd8344b7d' was completed in 0.04 seconds with the score of 960.46 (3 unrouted), using 4467.81 CPU seconds and 78679 MB memory.
2026-10-02 14:12:21.302 INFO   [178CA9\2859C6] Restoring an earlier board that has the score of 960.46 (3 unrouted).
2026-10-02 14:12:21.303 INFO   [178CA9\2859C6] Auto-router pass #424 on board 'de8bd0a8fd4707f766fe897dd8344b7d' was completed in 0.65 seconds with the score of 874.25 (7 unrouted), using 4467.81 CPU seconds and 78679 MB memory.
2026-10-02 14:12:21.465 INFO   [178CA9\2859C6] Auto-router pass #425 on board 'de8bd0a8fd4707f766fe897dd8344b7d' was completed in 0.16 seconds with the score of 954.47 (3 unrouted), using 4467.81 CPU seconds and 78679 MB memory.
2026-10-02 14:12:21.524 INFO   [178CA9\2859C6] Auto-router pass #426 on board '81e0911a6fa03a5e0b59f1c92527c58c' was completed in 0.05 seconds with the score of 953.98 (3 unrouted), using 4561.94 CPU seconds and 79624 MB memory.
2026-10-02 14:12:21.576 INFO   [178CA9\2859C6] Auto-router pass #427 on board '44c8d3a6d5f8056781fe78aa1506be54' was completed in 0.04 seconds with the score of 953.98 (3 unrouted), using 4561.94 CPU seconds and 79624 MB memory.
2026-10-02 14:12:21.818 INFO   [178CA9\2859C6] Restoring an earlier board that has the score of 960.46 (3 unrouted).
2026-10-02 14:12:21.818 INFO   [178CA9\2859C6] Auto-router pass #428 on board '44c8d3a6d5f8056781fe78aa1506be54' was completed in 0.24 seconds with the score of 953.98 (3 unrouted), using 4561.94 CPU seconds and 79624 MB memory.
2026-10-02 14:12:21.987 INFO   [178CA9\2859C6] Auto-router pass #429 on board 'de8bd0a8fd4707f766fe897dd8344b7d' was completed in 0.16 seconds with the score of 970.57 (2 unrouted), using 4561.94 CPU seconds and 79624 MB memory.
2026-10-02 14:12:22.032 INFO   [178CA9\2859C6] Auto-router pass #430 on board '733edaea1d9d6fb4925371f7a29114b0' was completed in 0.03 seconds with the score of 970.57 (2 unrouted), using 4561.94 CPU seconds and 79624 MB memory.
2026-10-02 14:12:22.068 INFO   [178CA9\2859C6] Auto-router pass #431 on board '733edaea1d9d6fb4925371f7a29114b0' was completed in 0.03 seconds with the score of 970.57 (2 unrouted), using 4561.94 CPU seconds and 79624 MB memory.
2026-10-02 14:12:22.388 INFO   [178CA9\2859C6] Restoring an earlier board that has the score of 970.57 (2 unrouted).
2026-10-02 14:12:22.388 INFO   [178CA9\2859C6] Auto-router pass #432 on board '733edaea1d9d6fb4925371f7a29114b0' was completed in 0.32 seconds with the score of 905.77 (8 unrouted), using 4561.94 CPU seconds and 79624 MB memory.
2026-10-02 14:12:22.603 INFO   [178CA9\2859C6] Auto-router pass #433 on board '733edaea1d9d6fb4925371f7a29114b0' was completed in 0.21 seconds with the score of 959.26 (3 unrouted), using 4657.05 CPU seconds and 80573 MB memory.
2026-10-02 14:12:22.679 INFO   [178CA9\2859C6] Auto-router pass #434 on board '6bf984e0b6e589b9b9c1ecaaaa1d9737' was completed in 0.06 seconds with the score of 959.26 (3 unrouted), using 4657.05 CPU seconds and 80573 MB memory.
2026-10-02 14:12:22.727 INFO   [178CA9\2859C6] Auto-router pass #435 on board '6bf984e0b6e589b9b9c1ecaaaa1d9737' was completed in 0.04 seconds with the score of 959.26 (3 unrouted), using 4657.05 CPU seconds and 80573 MB memory.
2026-10-02 14:12:23.258 INFO   [178CA9\2859C6] Restoring an earlier board that has the score of 970.57 (2 unrouted).
2026-10-02 14:12:23.258 INFO   [178CA9\2859C6] Auto-router pass #436 on board '6bf984e0b6e589b9b9c1ecaaaa1d9737' was completed in 0.53 seconds with the score of 913.96 (7 unrouted), using 4657.05 CPU seconds and 80573 MB memory.
2026-10-02 14:12:23.412 INFO   [178CA9\2859C6] Auto-router pass #437 on board '733edaea1d9d6fb4925371f7a29114b0' was completed in 0.15 seconds with the score of 970.57 (2 unrouted), using 4657.05 CPU seconds and 80573 MB memory.
2026-10-02 14:12:23.451 INFO   [178CA9\2859C6] Auto-router pass #438 on board '733edaea1d9d6fb4925371f7a29114b0' was completed in 0.03 seconds with the score of 970.57 (2 unrouted), using 4657.05 CPU seconds and 80573 MB memory.
2026-10-02 14:12:23.488 INFO   [178CA9\2859C6] Auto-router pass #439 on board '733edaea1d9d6fb4925371f7a29114b0' was completed in 0.03 seconds with the score of 970.57 (2 unrouted), using 4753.14 CPU seconds and 81496 MB memory.
2026-10-02 14:12:23.887 ERROR  AutorouteEngine.autoroute_connection: Exception in maze_search_algo.find_connection
java.lang.ArrayIndexOutOfBoundsException: null
2026-10-02 14:12:23.887 ERROR  AutorouteEngine.autoroute_connection: Exception in maze_search_algo.find_connection
java.lang.ArrayIndexOutOfBoundsException: null
2026-10-02 14:12:23.903 INFO   [178CA9\2859C6] Restoring an earlier board that has the score of 970.57 (2 unrouted).
2026-10-02 14:12:23.903 INFO   [178CA9\2859C6] Auto-router pass #440 on board '733edaea1d9d6fb4925371f7a29114b0' was completed in 0.41 seconds with the score of 931.92 (5 unrouted), using 4753.14 CPU seconds and 81496 MB memory.
2026-10-02 14:12:24.076 INFO   [178CA9\2859C6] Auto-router pass #441 on board '733edaea1d9d6fb4925371f7a29114b0' was completed in 0.17 seconds with the score of 970.57 (2 unrouted), using 4753.14 CPU seconds and 81496 MB memory.
2026-10-02 14:12:24.118 INFO   [178CA9\2859C6] Auto-router pass #442 on board '733edaea1d9d6fb4925371f7a29114b0' was completed in 0.04 seconds with the score of 970.57 (2 unrouted), using 4753.14 CPU seconds and 81496 MB memory.
2026-10-02 14:12:24.162 INFO   [178CA9\2859C6] Auto-router pass #443 on board '733edaea1d9d6fb4925371f7a29114b0' was completed in 0.04 seconds with the score of 970.57 (2 unrouted), using 4753.14 CPU seconds and 81496 MB memory.
2026-10-02 14:12:24.507 INFO   [178CA9\2859C6] Restoring an earlier board that has the score of 970.57 (2 unrouted).
2026-10-02 14:12:24.507 INFO   [178CA9\2859C6] Auto-router pass #444 on board '733edaea1d9d6fb4925371f7a29114b0' was completed in 0.34 seconds with the score of 905.77 (8 unrouted), using 4850.21 CPU seconds and 82348 MB memory.
2026-10-02 14:12:24.764 INFO   [178CA9\2859C6] Auto-router pass #445 on board '733edaea1d9d6fb4925371f7a29114b0' was completed in 0.25 seconds with the score of 959.26 (3 unrouted), using 4850.21 CPU seconds and 82348 MB memory.
2026-10-02 14:12:24.832 INFO   [178CA9\2859C6] Auto-router pass #446 on board '6bf984e0b6e589b9b9c1ecaaaa1d9737' was completed in 0.06 seconds with the score of 959.26 (3 unrouted), using 4850.21 CPU seconds and 82348 MB memory.
2026-10-02 14:12:24.880 INFO   [178CA9\2859C6] Auto-router pass #447 on board '6bf984e0b6e589b9b9c1ecaaaa1d9737' was completed in 0.04 seconds with the score of 959.26 (3 unrouted), using 4850.21 CPU seconds and 82348 MB memory.
2026-10-02 14:12:25.506 INFO   [178CA9\2859C6] Restoring an earlier board that has the score of 960.46 (3 unrouted).
2026-10-02 14:12:25.506 INFO   [178CA9\2859C6] Auto-router pass #448 on board '6bf984e0b6e589b9b9c1ecaaaa1d9737' was completed in 0.62 seconds with the score of 902.81 (8 unrouted), using 4948.27 CPU seconds and 83206 MB memory.
2026-10-02 14:12:25.658 INFO   [178CA9\2859C6] Auto-router pass #449 on board 'de8bd0a8fd4707f766fe897dd8344b7d' was completed in 0.15 seconds with the score of 960.46 (3 unrouted), using 4948.27 CPU seconds and 83206 MB memory.
2026-10-02 14:12:25.705 INFO   [178CA9\2859C6] Auto-router pass #450 on board 'de8bd0a8fd4707f766fe897dd8344b7d' was completed in 0.04 seconds with the score of 960.46 (3 unrouted), using 4948.27 CPU seconds and 83206 MB memory.
2026-10-02 14:12:25.753 INFO   [178CA9\2859C6] Auto-router pass #451 on board 'de8bd0a8fd4707f766fe897dd8344b7d' was completed in 0.04 seconds with the score of 960.46 (3 unrouted), using 4948.27 CPU seconds and 83206 MB memory.
2026-10-02 14:12:26.310 INFO   [178CA9\2859C6] Restoring an earlier board that has the score of 959.69 (3 unrouted).
2026-10-02 14:12:26.310 INFO   [178CA9\2859C6] Auto-router pass #452 on board 'de8bd0a8fd4707f766fe897dd8344b7d' was completed in 0.55 seconds with the score of 877.81 (8 unrouted), using 4948.27 CPU seconds and 83206 MB memory.
2026-10-02 14:12:26.541 INFO   [178CA9\2859C6] Auto-router pass #453 on board 'a48d6ce7f9e650557b626e34b9b08a5a' was completed in 0.23 seconds with the score of 960.46 (3 unrouted), using 5047.30 CPU seconds and 84177 MB memory.
2026-10-02 14:12:26.615 INFO   [178CA9\2859C6] Auto-router pass #454 on board '101fa5f9987eee5f2afd2d80dcedbe96' was completed in 0.06 seconds with the score of 960.46 (3 unrouted), using 5047.30 CPU seconds and 84177 MB memory.
2026-10-02 14:12:26.661 INFO   [178CA9\2859C6] Auto-router pass #455 on board '101fa5f9987eee5f2afd2d80dcedbe96' was completed in 0.04 seconds with the score of 960.46 (3 unrouted), using 5047.30 CPU seconds and 84177 MB memory.
2026-10-02 14:12:27.145 INFO   [178CA9\2859C6] Restoring an earlier board that has the score of 960.46 (3 unrouted).
2026-10-02 14:12:27.145 INFO   [178CA9\2859C6] Auto-router pass #456 on board '101fa5f9987eee5f2afd2d80dcedbe96' was completed in 0.48 seconds with the score of 957.15 (3 unrouted), using 5047.30 CPU seconds and 84177 MB memory.
2026-10-02 14:12:27.323 INFO   [178CA9\2859C6] Auto-router pass #457 on board '101fa5f9987eee5f2afd2d80dcedbe96' was completed in 0.17 seconds with the score of 954.47 (3 unrouted), using 5047.30 CPU seconds and 84177 MB memory.
2026-10-02 14:12:27.377 INFO   [178CA9\2859C6] Auto-router pass #458 on board '7558e4f0673ce0fb291a1bcb6736bce0' was completed in 0.04 seconds with the score of 953.98 (3 unrouted), using 5047.30 CPU seconds and 84177 MB memory.
2026-10-02 14:12:27.429 INFO   [178CA9\2859C6] Auto-router pass #459 on board '4d0e7de21c9acac29f5a89fbb18dd83b' was completed in 0.04 seconds with the score of 953.98 (3 unrouted), using 5047.30 CPU seconds and 84177 MB memory.
2026-10-02 14:12:27.669 INFO   [178CA9\2859C6] Restoring an earlier board that has the score of 960.46 (3 unrouted).
2026-10-02 14:12:27.669 INFO   [178CA9\2859C6] Auto-router pass #460 on board '4d0e7de21c9acac29f5a89fbb18dd83b' was completed in 0.23 seconds with the score of 953.98 (3 unrouted), using 5147.32 CPU seconds and 85128 MB memory.
2026-10-02 14:12:27.827 INFO   [178CA9\2859C6] Auto-router pass #461 on board '101fa5f9987eee5f2afd2d80dcedbe96' was completed in 0.15 seconds with the score of 960.46 (3 unrouted), using 5147.32 CPU seconds and 85128 MB memory.
2026-10-02 14:12:27.877 INFO   [178CA9\2859C6] Auto-router pass #462 on board '101fa5f9987eee5f2afd2d80dcedbe96' was completed in 0.04 seconds with the score of 960.46 (3 unrouted), using 5147.32 CPU seconds and 85128 MB memory.
2026-10-02 14:12:27.928 INFO   [178CA9\2859C6] Auto-router pass #463 on board '101fa5f9987eee5f2afd2d80dcedbe96' was completed in 0.05 seconds with the score of 960.46 (3 unrouted), using 5147.32 CPU seconds and 85128 MB memory.
2026-10-02 14:12:28.639 INFO   [178CA9\2859C6] Restoring an earlier board that has the score of 960.46 (3 unrouted).
2026-10-02 14:12:28.640 INFO   [178CA9\2859C6] Auto-router pass #464 on board '101fa5f9987eee5f2afd2d80dcedbe96' was completed in 0.71 seconds with the score of 877.31 (7 unrouted), using 5248.31 CPU seconds and 86011 MB memory.
2026-10-02 14:12:28.827 INFO   [178CA9\2859C6] Auto-router pass #465 on board '101fa5f9987eee5f2afd2d80dcedbe96' was completed in 0.18 seconds with the score of 954.47 (3 unrouted), using 5248.31 CPU seconds and 86011 MB memory.
2026-10-02 14:12:28.876 INFO   [178CA9\2859C6] Auto-router pass #466 on board '7558e4f0673ce0fb291a1bcb6736bce0' was completed in 0.04 seconds with the score of 953.98 (3 unrouted), using 5248.31 CPU seconds and 86011 MB memory.
2026-10-02 14:12:28.922 INFO   [178CA9\2859C6] Auto-router pass #467 on board '4d0e7de21c9acac29f5a89fbb18dd83b' was completed in 0.04 seconds with the score of 953.98 (3 unrouted), using 5248.31 CPU seconds and 86011 MB memory.
2026-10-02 14:12:29.154 INFO   [178CA9\2859C6] Restoring an earlier board that has the score of 960.46 (3 unrouted).
2026-10-02 14:12:29.155 INFO   [178CA9\2859C6] Auto-router pass #468 on board '4d0e7de21c9acac29f5a89fbb18dd83b' was completed in 0.23 seconds with the score of 953.98 (3 unrouted), using 5248.31 CPU seconds and 86011 MB memory.
2026-10-02 14:12:29.365 INFO   [178CA9\2859C6] Auto-router pass #469 on board '101fa5f9987eee5f2afd2d80dcedbe96' was completed in 0.21 seconds with the score of 942.71 (4 unrouted), using 5248.31 CPU seconds and 86011 MB memory.
2026-10-02 14:12:29.447 INFO   [178CA9\2859C6] Auto-router pass #470 on board '17c07ac3618b4998a13705a1b3f8f6be' was completed in 0.07 seconds with the score of 942.71 (4 unrouted), using 5248.31 CPU seconds and 86011 MB memory.
2026-10-02 14:12:29.505 INFO   [178CA9\2859C6] Auto-router pass #471 on board '17c07ac3618b4998a13705a1b3f8f6be' was completed in 0.05 seconds with the score of 942.71 (4 unrouted), using 5350.29 CPU seconds and 86975 MB memory.
2026-10-02 14:12:30.014 INFO   [178CA9\2859C6] Restoring an earlier board that has the score of 959.69 (3 unrouted).
2026-10-02 14:12:30.014 INFO   [178CA9\2859C6] Auto-router pass #472 on board '17c07ac3618b4998a13705a1b3f8f6be' was completed in 0.51 seconds with the score of 904.01 (6 unrouted), using 5350.29 CPU seconds and 86975 MB memory.
2026-10-02 14:12:30.241 INFO   [178CA9\2859C6] Auto-router pass #473 on board 'a48d6ce7f9e650557b626e34b9b08a5a' was completed in 0.22 seconds with the score of 948.82 (4 unrouted), using 5350.29 CPU seconds and 86975 MB memory.
2026-10-02 14:12:30.328 INFO   [178CA9\2859C6] Auto-router pass #474 on board '19e541c27e09ee4a63105eaf07ddce09' was completed in 0.08 seconds with the score of 948.82 (4 unrouted), using 5350.29 CPU seconds and 86975 MB memory.
2026-10-02 14:12:30.385 INFO   [178CA9\2859C6] Auto-router pass #475 on board '19e541c27e09ee4a63105eaf07ddce09' was completed in 0.05 seconds with the score of 948.82 (4 unrouted), using 5350.29 CPU seconds and 86975 MB memory.
2026-10-02 14:12:31.165 INFO   [178CA9\2859C6] Restoring an earlier board that has the score of 959.69 (3 unrouted).
2026-10-02 14:12:31.166 INFO   [178CA9\2859C6] Auto-router pass #476 on board '19e541c27e09ee4a63105eaf07ddce09' was completed in 0.78 seconds with the score of 906.17 (6 unrouted), using 5453.25 CPU seconds and 87927 MB memory.
2026-10-02 14:12:31.320 INFO   [178CA9\2859C6] Auto-router pass #477 on board 'a48d6ce7f9e650557b626e34b9b08a5a' was completed in 0.15 seconds with the score of 959.69 (3 unrouted), using 5453.25 CPU seconds and 87927 MB memory.
2026-10-02 14:12:31.369 INFO   [178CA9\2859C6] Auto-router pass #478 on board 'a48d6ce7f9e650557b626e34b9b08a5a' was completed in 0.04 seconds with the score of 959.69 (3 unrouted), using 5453.25 CPU seconds and 87927 MB memory.
2026-10-02 14:12:31.420 INFO   [178CA9\2859C6] Auto-router pass #479 on board 'a48d6ce7f9e650557b626e34b9b08a5a' was completed in 0.05 seconds with the score of 959.69 (3 unrouted), using 5453.25 CPU seconds and 87927 MB memory.
2026-10-02 14:12:31.865 INFO   [178CA9\2859C6] Restoring an earlier board that has the score of 959.69 (3 unrouted).
2026-10-02 14:12:31.865 INFO   [178CA9\2859C6] Auto-router pass #480 on board 'a48d6ce7f9e650557b626e34b9b08a5a' was completed in 0.44 seconds with the score of 937.63 (5 unrouted), using 5557.19 CPU seconds and 88766 MB memory.
2026-10-02 14:12:32.124 INFO   [178CA9\2859C6] Auto-router pass #481 on board 'a48d6ce7f9e650557b626e34b9b08a5a' was completed in 0.25 seconds with the score of 959.69 (3 unrouted), using 5557.19 CPU seconds and 88766 MB memory.
2026-10-02 14:12:32.194 INFO   [178CA9\2859C6] Auto-router pass #482 on board '04f1b9418c085a9501771880c0c74503' was completed in 0.06 seconds with the score of 959.69 (3 unrouted), using 5557.19 CPU seconds and 88766 MB memory.
2026-10-02 14:12:32.245 INFO   [178CA9\2859C6] Auto-router pass #483 on board '04f1b9418c085a9501771880c0c74503' was completed in 0.05 seconds with the score of 959.69 (3 unrouted), using 5557.19 CPU seconds and 88766 MB memory.
2026-10-02 14:12:32.665 INFO   [178CA9\2859C6] Restoring an earlier board that has the score of 959.69 (3 unrouted).
2026-10-02 14:12:32.666 INFO   [178CA9\2859C6] Auto-router pass #484 on board '04f1b9418c085a9501771880c0c74503' was completed in 0.41 seconds with the score of 913.54 (6 unrouted), using 5662.11 CPU seconds and 89660 MB memory.
2026-10-02 14:12:32.859 INFO   [178CA9\2859C6] Auto-router pass #485 on board 'ae594566a29b2a9c4e1cdac7dec2e06f' was completed in 0.19 seconds with the score of 959.69 (3 unrouted), using 5662.11 CPU seconds and 89660 MB memory.
2026-10-02 14:12:32.910 INFO   [178CA9\2859C6] Auto-router pass #486 on board 'ae594566a29b2a9c4e1cdac7dec2e06f' was completed in 0.05 seconds with the score of 959.69 (3 unrouted), using 5662.11 CPU seconds and 89660 MB memory.
2026-10-02 14:12:32.959 INFO   [178CA9\2859C6] Auto-router pass #487 on board 'ae594566a29b2a9c4e1cdac7dec2e06f' was completed in 0.04 seconds with the score of 959.69 (3 unrouted), using 5662.11 CPU seconds and 89660 MB memory.
2026-10-02 14:12:33.281 INFO   [178CA9\2859C6] Restoring an earlier board that has the score of 959.69 (3 unrouted).
2026-10-02 14:12:33.281 INFO   [178CA9\2859C6] Auto-router pass #488 on board 'ae594566a29b2a9c4e1cdac7dec2e06f' was completed in 0.32 seconds with the score of 932.73 (5 unrouted), using 5662.11 CPU seconds and 89660 MB memory.
2026-10-02 14:12:33.489 INFO   [178CA9\2859C6] Auto-router pass #489 on board 'ae594566a29b2a9c4e1cdac7dec2e06f' was completed in 0.20 seconds with the score of 960.46 (3 unrouted), using 5768.02 CPU seconds and 90614 MB memory.
2026-10-02 14:12:33.563 INFO   [178CA9\2859C6] Auto-router pass #490 on board '8acde67b5b1af2f023991cd308ecf12f' was completed in 0.06 seconds with the score of 960.46 (3 unrouted), using 5768.02 CPU seconds and 90614 MB memory.
2026-10-02 14:12:33.610 INFO   [178CA9\2859C6] Auto-router pass #491 on board '8acde67b5b1af2f023991cd308ecf12f' was completed in 0.04 seconds with the score of 960.46 (3 unrouted), using 5768.02 CPU seconds and 90614 MB memory.
2026-10-02 14:12:34.204 INFO   [178CA9\2859C6] Restoring an earlier board that has the score of 960.46 (3 unrouted).
2026-10-02 14:12:34.204 INFO   [178CA9\2859C6] Auto-router pass #492 on board '8acde67b5b1af2f023991cd308ecf12f' was completed in 0.59 seconds with the score of 895.35 (7 unrouted), using 5768.02 CPU seconds and 90614 MB memory.
2026-10-02 14:12:34.500 INFO   [178CA9\2859C6] Auto-router pass #493 on board '8acde67b5b1af2f023991cd308ecf12f' was completed in 0.29 seconds with the score of 939.75 (4 unrouted), using 5874.90 CPU seconds and 91558 MB memory.
2026-10-02 14:12:34.598 INFO   [178CA9\2859C6] Auto-router pass #494 on board 'c79c3492b94d5489182638202f9baf09' was completed in 0.09 seconds with the score of 939.75 (4 unrouted), using 5874.90 CPU seconds and 91558 MB memory.
2026-10-02 14:12:34.670 INFO   [178CA9\2859C6] Auto-router pass #495 on board 'c79c3492b94d5489182638202f9baf09' was completed in 0.07 seconds with the score of 939.75 (4 unrouted), using 5874.90 CPU seconds and 91558 MB memory.
2026-10-02 14:12:35.515 INFO   [178CA9\2859C6] Restoring an earlier board that has the score of 960.46 (3 unrouted).
2026-10-02 14:12:35.515 INFO   [178CA9\2859C6] Auto-router pass #496 on board 'c79c3492b94d5489182638202f9baf09' was completed in 0.84 seconds with the score of 939.11 (5 unrouted), using 5982.77 CPU seconds and 92408 MB memory.
2026-10-02 14:12:35.664 INFO   [178CA9\2859C6] Auto-router pass #497 on board '8acde67b5b1af2f023991cd308ecf12f' was completed in 0.14 seconds with the score of 960.46 (3 unrouted), using 5982.77 CPU seconds and 92408 MB memory.
2026-10-02 14:12:35.718 INFO   [178CA9\2859C6] Auto-router pass #498 on board '8acde67b5b1af2f023991cd308ecf12f' was completed in 0.05 seconds with the score of 960.46 (3 unrouted), using 5982.77 CPU seconds and 92408 MB memory.
2026-10-02 14:12:35.766 INFO   [178CA9\2859C6] Auto-router pass #499 on board '8acde67b5b1af2f023991cd308ecf12f' was completed in 0.04 seconds with the score of 960.46 (3 unrouted), using 5982.77 CPU seconds and 92408 MB memory.
2026-10-02 14:12:36.142 INFO   [178CA9\2859C6] Restoring an earlier board that has the score of 960.46 (3 unrouted).
2026-10-02 14:12:36.142 INFO   [178CA9\2859C6] Auto-router pass #500 on board '8acde67b5b1af2f023991cd308ecf12f' was completed in 0.37 seconds with the score of 924.28 (5 unrouted), using 5982.77 CPU seconds and 92408 MB memory.
2026-10-02 14:12:36.299 INFO   [178CA9\2859C6] Auto-router pass #501 on board '8acde67b5b1af2f023991cd308ecf12f' was completed in 0.15 seconds with the score of 960.46 (3 unrouted), using 5982.77 CPU seconds and 92408 MB memory.
2026-10-02 14:12:36.349 INFO   [178CA9\2859C6] Auto-router pass #502 on board '8acde67b5b1af2f023991cd308ecf12f' was completed in 0.04 seconds with the score of 960.46 (3 unrouted), using 5982.77 CPU seconds and 92408 MB memory.
2026-10-02 14:12:36.398 INFO   [178CA9\2859C6] Auto-router pass #503 on board '8acde67b5b1af2f023991cd308ecf12f' was completed in 0.04 seconds with the score of 960.46 (3 unrouted), using 5982.77 CPU seconds and 92408 MB memory.
2026-10-02 14:12:36.623 INFO   [178CA9\2859C6] Restoring an earlier board that has the score of 960.46 (3 unrouted).
2026-10-02 14:12:36.624 INFO   [178CA9\2859C6] Auto-router pass #504 on board '8acde67b5b1af2f023991cd308ecf12f' was completed in 0.22 seconds with the score of 960.46 (3 unrouted), using 6091.63 CPU seconds and 93363 MB memory.
2026-10-02 14:12:36.854 INFO   [178CA9\2859C6] Auto-router pass #505 on board '8acde67b5b1af2f023991cd308ecf12f' was completed in 0.23 seconds with the score of 959.26 (3 unrouted), using 6091.63 CPU seconds and 93363 MB memory.
2026-10-02 14:12:36.930 INFO   [178CA9\2859C6] Auto-router pass #506 on board 'a93937e4602b9e84956f94567fed34c3' was completed in 0.07 seconds with the score of 959.26 (3 unrouted), using 6091.63 CPU seconds and 93363 MB memory.
2026-10-02 14:12:36.978 INFO   [178CA9\2859C6] Auto-router pass #507 on board 'a93937e4602b9e84956f94567fed34c3' was completed in 0.04 seconds with the score of 959.26 (3 unrouted), using 6091.63 CPU seconds and 93363 MB memory.
2026-10-02 14:12:37.637 INFO   [178CA9\2859C6] Restoring an earlier board that has the score of 959.69 (3 unrouted).
2026-10-02 14:12:37.637 INFO   [178CA9\2859C6] Auto-router pass #508 on board 'a93937e4602b9e84956f94567fed34c3' was completed in 0.66 seconds with the score of 862.62 (11 unrouted), using 6201.46 CPU seconds and 94265 MB memory.
2026-10-02 14:12:37.861 INFO   [178CA9\2859C6] Auto-router pass #509 on board 'ae594566a29b2a9c4e1cdac7dec2e06f' was completed in 0.22 seconds with the score of 960.46 (3 unrouted), using 6201.46 CPU seconds and 94265 MB memory.
2026-10-02 14:12:37.932 INFO   [178CA9\2859C6] Auto-router pass #510 on board '8acde67b5b1af2f023991cd308ecf12f' was completed in 0.07 seconds with the score of 960.46 (3 unrouted), using 6201.46 CPU seconds and 94265 MB memory.
2026-10-02 14:12:37.981 INFO   [178CA9\2859C6] Auto-router pass #511 on board '8acde67b5b1af2f023991cd308ecf12f' was completed in 0.04 seconds with the score of 960.46 (3 unrouted), using 6201.46 CPU seconds and 94265 MB memory.
2026-10-02 14:12:38.460 INFO   [178CA9\2859C6] Restoring an earlier board that has the score of 959.69 (3 unrouted).
2026-10-02 14:12:38.460 INFO   [178CA9\2859C6] Auto-router pass #512 on board '8acde67b5b1af2f023991cd308ecf12f' was completed in 0.47 seconds with the score of 961.09 (3 unrouted), using 6201.46 CPU seconds and 94265 MB memory.
2026-10-02 14:12:38.628 INFO   [178CA9\2859C6] Auto-router pass #513 on board 'ae594566a29b2a9c4e1cdac7dec2e06f' was completed in 0.16 seconds with the score of 959.69 (3 unrouted), using 6312.27 CPU seconds and 95186 MB memory.
2026-10-02 14:12:38.677 INFO   [178CA9\2859C6] Auto-router pass #514 on board 'ae594566a29b2a9c4e1cdac7dec2e06f' was completed in 0.04 seconds with the score of 959.69 (3 unrouted), using 6312.27 CPU seconds and 95186 MB memory.
2026-10-02 14:12:38.723 INFO   [178CA9\2859C6] Auto-router pass #515 on board 'ae594566a29b2a9c4e1cdac7dec2e06f' was completed in 0.04 seconds with the score of 959.69 (3 unrouted), using 6312.27 CPU seconds and 95186 MB memory.
2026-10-02 14:12:39.387 INFO   [178CA9\2859C6] Restoring an earlier board that has the score of 959.69 (3 unrouted).
2026-10-02 14:12:39.387 INFO   [178CA9\2859C6] Auto-router pass #516 on board 'ae594566a29b2a9c4e1cdac7dec2e06f' was completed in 0.66 seconds with the score of 877.31 (7 unrouted), using 6312.27 CPU seconds and 95186 MB memory.
2026-10-02 14:12:39.609 INFO   [178CA9\2859C6] Auto-router pass #517 on board '04f1b9418c085a9501771880c0c74503' was completed in 0.22 seconds with the score of 959.69 (3 unrouted), using 6424.07 CPU seconds and 96092 MB memory.
2026-10-02 14:12:39.682 INFO   [178CA9\2859C6] Auto-router pass #518 on board '893f5584dbbc148a3316098c6ead606f' was completed in 0.06 seconds with the score of 959.69 (3 unrouted), using 6424.07 CPU seconds and 96092 MB memory.
2026-10-02 14:12:39.736 INFO   [178CA9\2859C6] Auto-router pass #519 on board '893f5584dbbc148a3316098c6ead606f' was completed in 0.05 seconds with the score of 959.69 (3 unrouted), using 6424.07 CPU seconds and 96092 MB memory.
2026-10-02 14:12:40.269 INFO   [178CA9\2859C6] Restoring an earlier board that has the score of 959.69 (3 unrouted).
2026-10-02 14:12:40.269 INFO   [178CA9\2859C6] Auto-router pass #520 on board '893f5584dbbc148a3316098c6ead606f' was completed in 0.53 seconds with the score of 847.92 (10 unrouted), using 6424.07 CPU seconds and 96092 MB memory.
2026-10-02 14:12:40.488 INFO   [178CA9\2859C6] Auto-router pass #521 on board '04f1b9418c085a9501771880c0c74503' was completed in 0.21 seconds with the score of 948.82 (4 unrouted), using 6536.85 CPU seconds and 97036 MB memory.
2026-10-02 14:12:40.574 INFO   [178CA9\2859C6] Auto-router pass #522 on board '1f77e59b1106fbdd86572607a3e275d6' was completed in 0.07 seconds with the score of 948.82 (4 unrouted), using 6536.85 CPU seconds and 97036 MB memory.
2026-10-02 14:12:40.634 INFO   [178CA9\2859C6] Auto-router pass #523 on board '1f77e59b1106fbdd86572607a3e275d6' was completed in 0.06 seconds with the score of 948.82 (4 unrouted), using 6536.85 CPU seconds and 97036 MB memory.
2026-10-02 14:12:41.192 INFO   [178CA9\2859C6] Restoring an earlier board that has the score of 959.69 (3 unrouted).
2026-10-02 14:12:41.192 INFO   [178CA9\2859C6] Auto-router pass #524 on board '1f77e59b1106fbdd86572607a3e275d6' was completed in 0.55 seconds with the score of 942.71 (4 unrouted), using 6536.85 CPU seconds and 97036 MB memory.
2026-10-02 14:12:41.418 INFO   [178CA9\2859C6] Auto-router pass #525 on board '04f1b9418c085a9501771880c0c74503' was completed in 0.22 seconds with the score of 959.69 (3 unrouted), using 6536.85 CPU seconds and 97036 MB memory.
2026-10-02 14:12:41.486 INFO   [178CA9\2859C6] Auto-router pass #526 on board '893f5584dbbc148a3316098c6ead606f' was completed in 0.06 seconds with the score of 959.69 (3 unrouted), using 6650.61 CPU seconds and 97960 MB memory.
2026-10-02 14:12:41.536 INFO   [178CA9\2859C6] Auto-router pass #527 on board '893f5584dbbc148a3316098c6ead606f' was completed in 0.04 seconds with the score of 959.69 (3 unrouted), using 6650.61 CPU seconds and 97960 MB memory.
2026-10-02 14:12:41.742 INFO   [178CA9\2859C6] Restoring an earlier board that has the score of 959.69 (3 unrouted).
2026-10-02 14:12:41.742 INFO   [178CA9\2859C6] Auto-router pass #528 on board '893f5584dbbc148a3316098c6ead606f' was completed in 0.20 seconds with the score of 873.65 (9 unrouted), using 6650.61 CPU seconds and 97960 MB memory.
2026-10-02 14:12:42.095 INFO   [178CA9\2859C6] Auto-router pass #529 on board '04f1b9418c085a9501771880c0c74503' was completed in 0.35 seconds with the score of 959.69 (3 unrouted), using 6650.61 CPU seconds and 97960 MB memory.
2026-10-02 14:12:42.198 INFO   [178CA9\2859C6] Auto-router pass #530 on board '893f5584dbbc148a3316098c6ead606f' was completed in 0.10 seconds with the score of 959.69 (3 unrouted), using 6650.61 CPU seconds and 97960 MB memory.
2026-10-02 14:12:42.264 INFO   [178CA9\2859C6] Auto-router pass #531 on board '893f5584dbbc148a3316098c6ead606f' was completed in 0.06 seconds with the score of 959.69 (3 unrouted), using 6650.61 CPU seconds and 97960 MB memory.
2026-10-02 14:12:42.963 INFO   [178CA9\2859C6] Restoring an earlier board that has the score of 959.69 (3 unrouted).
2026-10-02 14:12:42.963 INFO   [178CA9\2859C6] Auto-router pass #532 on board '893f5584dbbc148a3316098c6ead606f' was completed in 0.69 seconds with the score of 951.68 (4 unrouted), using 6765.35 CPU seconds and 98717 MB memory.
2026-10-02 14:12:43.256 INFO   [178CA9\2859C6] Auto-router pass #533 on board '893f5584dbbc148a3316098c6ead606f' was completed in 0.29 seconds with the score of 948.82 (4 unrouted), using 6765.35 CPU seconds and 98717 MB memory.
2026-10-02 14:12:43.347 INFO   [178CA9\2859C6] Auto-router pass #534 on board '6c757e64d7ad7504e1b9079d26c7c9be' was completed in 0.08 seconds with the score of 948.82 (4 unrouted), using 6765.35 CPU seconds and 98717 MB memory.
2026-10-02 14:12:43.423 INFO   [178CA9\2859C6] Auto-router pass #535 on board '6c757e64d7ad7504e1b9079d26c7c9be' was completed in 0.07 seconds with the score of 948.82 (4 unrouted), using 6765.35 CPU seconds and 98717 MB memory.
2026-10-02 14:12:43.785 INFO   [178CA9\2859C6] Restoring an earlier board that has the score of 959.69 (3 unrouted).
2026-10-02 14:12:43.786 INFO   [178CA9\2859C6] Auto-router pass #536 on board '6c757e64d7ad7504e1b9079d26c7c9be' was completed in 0.36 seconds with the score of 942.22 (4 unrouted), using 6881.08 CPU seconds and 99456 MB memory.
2026-10-02 14:12:43.954 INFO   [178CA9\2859C6] Auto-router pass #537 on board '893f5584dbbc148a3316098c6ead606f' was completed in 0.16 seconds with the score of 970.87 (2 unrouted), using 6881.08 CPU seconds and 99456 MB memory.
2026-10-02 14:12:43.995 INFO   [178CA9\2859C6] Auto-router pass #538 on board '4f39b6577af7d3d6e827ed11f8031ebd' was completed in 0.03 seconds with the score of 970.87 (2 unrouted), using 6881.08 CPU seconds and 99456 MB memory.
2026-10-02 14:12:44.032 INFO   [178CA9\2859C6] Auto-router pass #539 on board '4f39b6577af7d3d6e827ed11f8031ebd' was completed in 0.03 seconds with the score of 970.87 (2 unrouted), using 6881.08 CPU seconds and 99456 MB memory.
2026-10-02 14:12:44.528 INFO   [178CA9\2859C6] Restoring an earlier board that has the score of 970.87 (2 unrouted).
2026-10-02 14:12:44.529 INFO   [178CA9\2859C6] Auto-router pass #540 on board '4f39b6577af7d3d6e827ed11f8031ebd' was completed in 0.49 seconds with the score of 845.58 (10 unrouted), using 6997.78 CPU seconds and 100367 MB memory.
2026-10-02 14:12:44.690 INFO   [178CA9\2859C6] Auto-router pass #541 on board '4f39b6577af7d3d6e827ed11f8031ebd' was completed in 0.16 seconds with the score of 970.87 (2 unrouted), using 6997.78 CPU seconds and 100367 MB memory.
2026-10-02 14:12:44.730 INFO   [178CA9\2859C6] Auto-router pass #542 on board '4f39b6577af7d3d6e827ed11f8031ebd' was completed in 0.04 seconds with the score of 970.87 (2 unrouted), using 6997.78 CPU seconds and 100367 MB memory.
2026-10-02 14:12:44.766 INFO   [178CA9\2859C6] Auto-router pass #543 on board '4f39b6577af7d3d6e827ed11f8031ebd' was completed in 0.03 seconds with the score of 970.87 (2 unrouted), using 6997.78 CPU seconds and 100367 MB memory.
2026-10-02 14:12:45.316 INFO   [178CA9\2859C6] Restoring an earlier board that has the score of 970.87 (2 unrouted).
2026-10-02 14:12:45.316 INFO   [178CA9\2859C6] Auto-router pass #544 on board '4f39b6577af7d3d6e827ed11f8031ebd' was completed in 0.55 seconds with the score of 876.62 (8 unrouted), using 6997.78 CPU seconds and 100367 MB memory.
2026-10-02 14:12:45.476 INFO   [178CA9\2859C6] Auto-router pass #545 on board '4f39b6577af7d3d6e827ed11f8031ebd' was completed in 0.15 seconds with the score of 970.87 (2 unrouted), using 6997.78 CPU seconds and 100367 MB memory.
2026-10-02 14:12:45.515 INFO   [178CA9\2859C6] Auto-router pass #546 on board '4f39b6577af7d3d6e827ed11f8031ebd' was completed in 0.03 seconds with the score of 970.87 (2 unrouted), using 7115.47 CPU seconds and 101317 MB memory.
2026-10-02 14:12:45.552 INFO   [178CA9\2859C6] Auto-router pass #547 on board '4f39b6577af7d3d6e827ed11f8031ebd' was completed in 0.03 seconds with the score of 970.87 (2 unrouted), using 7115.47 CPU seconds and 101317 MB memory.
2026-10-02 14:12:46.032 INFO   [178CA9\2859C6] Restoring an earlier board that has the score of 970.87 (2 unrouted).
2026-10-02 14:12:46.033 INFO   [178CA9\2859C6] Auto-router pass #548 on board '4f39b6577af7d3d6e827ed11f8031ebd' was completed in 0.48 seconds with the score of 845.58 (10 unrouted), using 7115.47 CPU seconds and 101317 MB memory.
2026-10-02 14:12:46.238 INFO   [178CA9\2859C6] Auto-router pass #549 on board '4f39b6577af7d3d6e827ed11f8031ebd' was completed in 0.20 seconds with the score of 959.69 (3 unrouted), using 7115.47 CPU seconds and 101317 MB memory.
2026-10-02 14:12:46.311 INFO   [178CA9\2859C6] Auto-router pass #550 on board '4f789a79601930022884f89312ca5ca7' was completed in 0.06 seconds with the score of 959.69 (3 unrouted), using 7115.47 CPU seconds and 101317 MB memory.
2026-10-02 14:12:46.357 INFO   [178CA9\2859C6] Auto-router pass #551 on board '4f789a79601930022884f89312ca5ca7' was completed in 0.04 seconds with the score of 959.69 (3 unrouted), using 7115.47 CPU seconds and 101317 MB memory.
2026-10-02 14:12:46.873 INFO   [178CA9\2859C6] Restoring an earlier board that has the score of 970.87 (2 unrouted).
2026-10-02 14:12:46.873 INFO   [178CA9\2859C6] Auto-router pass #552 on board '4f789a79601930022884f89312ca5ca7' was completed in 0.51 seconds with the score of 948.82 (4 unrouted), using 7234.15 CPU seconds and 102281 MB memory.
2026-10-02 14:12:47.031 INFO   [178CA9\2859C6] Auto-router pass #553 on board '4f39b6577af7d3d6e827ed11f8031ebd' was completed in 0.15 seconds with the score of 970.87 (2 unrouted), using 7234.15 CPU seconds and 102281 MB memory.
2026-10-02 14:12:47.069 INFO   [178CA9\2859C6] Auto-router pass #554 on board '4f39b6577af7d3d6e827ed11f8031ebd' was completed in 0.03 seconds with the score of 970.87 (2 unrouted), using 7234.15 CPU seconds and 102281 MB memory.
2026-10-02 14:12:47.104 INFO   [178CA9\2859C6] Auto-router pass #555 on board '4f39b6577af7d3d6e827ed11f8031ebd' was completed in 0.03 seconds with the score of 970.87 (2 unrouted), using 7234.15 CPU seconds and 102281 MB memory.
2026-10-02 14:12:47.598 INFO   [178CA9\2859C6] Restoring an earlier board that has the score of 959.69 (3 unrouted).
2026-10-02 14:12:47.598 INFO   [178CA9\2859C6] Auto-router pass #556 on board '4f39b6577af7d3d6e827ed11f8031ebd' was completed in 0.49 seconds with the score of 845.58 (10 unrouted), using 7353.80 CPU seconds and 103191 MB memory.
2026-10-02 14:12:47.810 INFO   [178CA9\2859C6] Auto-router pass #557 on board '893f5584dbbc148a3316098c6ead606f' was completed in 0.21 seconds with the score of 960.46 (3 unrouted), using 7353.80 CPU seconds and 103191 MB memory.
2026-10-02 14:12:47.884 INFO   [178CA9\2859C6] Auto-router pass #558 on board 'c84b69c58dc8b75fba9345dadf2bee1f' was completed in 0.06 seconds with the score of 960.46 (3 unrouted), using 7353.80 CPU seconds and 103191 MB memory.
2026-10-02 14:12:47.933 INFO   [178CA9\2859C6] Auto-router pass #559 on board 'c84b69c58dc8b75fba9345dadf2bee1f' was completed in 0.04 seconds with the score of 960.46 (3 unrouted), using 7353.80 CPU seconds and 103191 MB memory.
2026-10-02 14:12:48.578 INFO   [178CA9\2859C6] Restoring an earlier board that has the score of 960.46 (3 unrouted).
2026-10-02 14:12:48.578 INFO   [178CA9\2859C6] Auto-router pass #560 on board 'c84b69c58dc8b75fba9345dadf2bee1f' was completed in 0.64 seconds with the score of 917.38 (6 unrouted), using 7474.43 CPU seconds and 104128 MB memory.
2026-10-02 14:12:48.742 INFO   [178CA9\2859C6] Auto-router pass #561 on board 'c84b69c58dc8b75fba9345dadf2bee1f' was completed in 0.16 seconds with the score of 960.46 (3 unrouted), using 7474.43 CPU seconds and 104128 MB memory.
2026-10-02 14:12:48.791 INFO   [178CA9\2859C6] Auto-router pass #562 on board 'c84b69c58dc8b75fba9345dadf2bee1f' was completed in 0.04 seconds with the score of 960.46 (3 unrouted), using 7474.43 CPU seconds and 104128 MB memory.
2026-10-02 14:12:48.837 INFO   [178CA9\2859C6] Auto-router pass #563 on board 'c84b69c58dc8b75fba9345dadf2bee1f' was completed in 0.04 seconds with the score of 960.46 (3 unrouted), using 7474.43 CPU seconds and 104128 MB memory.
2026-10-02 14:12:49.066 INFO   [178CA9\2859C6] Restoring an earlier board that has the score of 960.46 (3 unrouted).
2026-10-02 14:12:49.067 INFO   [178CA9\2859C6] Auto-router pass #564 on board 'c84b69c58dc8b75fba9345dadf2bee1f' was completed in 0.23 seconds with the score of 960.46 (3 unrouted), using 7474.43 CPU seconds and 104128 MB memory.
2026-10-02 14:12:49.353 INFO   [178CA9\2859C6] Auto-router pass #565 on board 'c84b69c58dc8b75fba9345dadf2bee1f' was completed in 0.28 seconds with the score of 913.12 (5 unrouted), using 7474.43 CPU seconds and 104128 MB memory.
2026-10-02 14:12:49.460 INFO   [178CA9\2859C6] Auto-router pass #566 on board '03aed21f1951e671de23ac612b8452be' was completed in 0.10 seconds with the score of 913.12 (5 unrouted), using 7474.43 CPU seconds and 104128 MB memory.
2026-10-02 14:12:49.526 INFO   [178CA9\2859C6] Auto-router pass #567 on board '03aed21f1951e671de23ac612b8452be' was completed in 0.06 seconds with the score of 913.12 (5 unrouted), using 7596.05 CPU seconds and 105134 MB memory.
2026-10-02 14:12:50.330 INFO   [178CA9\2859C6] Restoring an earlier board that has the score of 960.46 (3 unrouted).
2026-10-02 14:12:50.330 INFO   [178CA9\2859C6] Auto-router pass #568 on board '03aed21f1951e671de23ac612b8452be' was completed in 0.80 seconds with the score of 893.39 (7 unrouted), using 7596.05 CPU seconds and 105134 MB memory.
2026-10-02 14:12:50.497 INFO   [178CA9\2859C6] Auto-router pass #569 on board 'c84b69c58dc8b75fba9345dadf2bee1f' was completed in 0.16 seconds with the score of 960.46 (3 unrouted), using 7718.64 CPU seconds and 106015 MB memory.
2026-10-02 14:12:50.553 INFO   [178CA9\2859C6] Auto-router pass #570 on board 'c84b69c58dc8b75fba9345dadf2bee1f' was completed in 0.05 seconds with the score of 960.46 (3 unrouted), using 7718.64 CPU seconds and 106015 MB memory.
2026-10-02 14:12:50.604 INFO   [178CA9\2859C6] Auto-router pass #571 on board 'c84b69c58dc8b75fba9345dadf2bee1f' was completed in 0.04 seconds with the score of 960.46 (3 unrouted), using 7718.64 CPU seconds and 106015 MB memory.
2026-10-02 14:12:50.783 INFO   [178CA9\2859C6] Restoring an earlier board that has the score of 960.46 (3 unrouted).
2026-10-02 14:12:50.783 INFO   [178CA9\2859C6] Auto-router pass #572 on board 'c84b69c58dc8b75fba9345dadf2bee1f' was completed in 0.17 seconds with the score of 938.95 (4 unrouted), using 7718.64 CPU seconds and 106015 MB memory.
2026-10-02 14:12:50.966 INFO   [178CA9\2859C6] Auto-router pass #573 on board 'c84b69c58dc8b75fba9345dadf2bee1f' was completed in 0.18 seconds with the score of 970.57 (2 unrouted), using 7718.64 CPU seconds and 106015 MB memory.
2026-10-02 14:12:51.008 INFO   [178CA9\2859C6] Auto-router pass #574 on board '0b78dc7fb6ac4ba9a2b72d9e2272e7bf' was completed in 0.03 seconds with the score of 970.57 (2 unrouted), using 7718.64 CPU seconds and 106015 MB memory.
2026-10-02 14:12:51.045 INFO   [178CA9\2859C6] Auto-router pass #575 on board '0b78dc7fb6ac4ba9a2b72d9e2272e7bf' was completed in 0.03 seconds with the score of 970.57 (2 unrouted), using 7718.64 CPU seconds and 106015 MB memory.
2026-10-02 14:12:51.378 INFO   [178CA9\2859C6] Restoring an earlier board that has the score of 970.57 (2 unrouted).
2026-10-02 14:12:51.379 INFO   [178CA9\2859C6] Auto-router pass #576 on board '0b78dc7fb6ac4ba9a2b72d9e2272e7bf' was completed in 0.33 seconds with the score of 917.00 (7 unrouted), using 7718.64 CPU seconds and 106015 MB memory.
2026-10-02 14:12:51.546 INFO   [178CA9\2859C6] Auto-router pass #577 on board '0b78dc7fb6ac4ba9a2b72d9e2272e7bf' was completed in 0.16 seconds with the score of 970.57 (2 unrouted), using 7842.22 CPU seconds and 106984 MB memory.
2026-10-02 14:12:51.585 INFO   [178CA9\2859C6] Auto-router pass #578 on board '0b78dc7fb6ac4ba9a2b72d9e2272e7bf' was completed in 0.03 seconds with the score of 970.57 (2 unrouted), using 7842.22 CPU seconds and 106984 MB memory.
2026-10-02 14:12:51.622 INFO   [178CA9\2859C6] Auto-router pass #579 on board '0b78dc7fb6ac4ba9a2b72d9e2272e7bf' was completed in 0.03 seconds with the score of 970.57 (2 unrouted), using 7842.22 CPU seconds and 106984 MB memory.
2026-10-02 14:12:51.883 INFO   [178CA9\2859C6] Restoring an earlier board that has the score of 970.57 (2 unrouted).
2026-10-02 14:12:51.883 INFO   [178CA9\2859C6] Auto-router pass #580 on board '0b78dc7fb6ac4ba9a2b72d9e2272e7bf' was completed in 0.26 seconds with the score of 887.62 (8 unrouted), using 7842.22 CPU seconds and 106984 MB memory.
2026-10-02 14:12:52.046 INFO   [178CA9\2859C6] Auto-router pass #581 on board '0b78dc7fb6ac4ba9a2b72d9e2272e7bf' was completed in 0.16 seconds with the score of 970.57 (2 unrouted), using 7842.22 CPU seconds and 106984 MB memory.
2026-10-02 14:12:52.083 INFO   [178CA9\2859C6] Auto-router pass #582 on board '0b78dc7fb6ac4ba9a2b72d9e2272e7bf' was completed in 0.03 seconds with the score of 970.57 (2 unrouted), using 7842.22 CPU seconds and 106984 MB memory.
2026-10-02 14:12:52.118 INFO   [178CA9\2859C6] Auto-router pass #583 on board '0b78dc7fb6ac4ba9a2b72d9e2272e7bf' was completed in 0.03 seconds with the score of 970.57 (2 unrouted), using 7842.22 CPU seconds and 106984 MB memory.
2026-10-02 14:12:52.371 INFO   [178CA9\2859C6] Restoring an earlier board that has the score of 970.57 (2 unrouted).
2026-10-02 14:12:52.371 INFO   [178CA9\2859C6] Auto-router pass #584 on board '0b78dc7fb6ac4ba9a2b72d9e2272e7bf' was completed in 0.25 seconds with the score of 887.62 (8 unrouted), using 7842.22 CPU seconds and 106984 MB memory.
2026-10-02 14:12:52.588 INFO   [178CA9\2859C6] Auto-router pass #585 on board '0b78dc7fb6ac4ba9a2b72d9e2272e7bf' was completed in 0.21 seconds with the score of 959.26 (3 unrouted), using 7966.77 CPU seconds and 107980 MB memory.
2026-10-02 14:12:52.662 INFO   [178CA9\2859C6] Auto-router pass #586 on board '4741e1ff9bb4bf8bf96ffa7ad4e323cc' was completed in 0.06 seconds with the score of 959.26 (3 unrouted), using 7966.77 CPU seconds and 107980 MB memory.
2026-10-02 14:12:52.708 INFO   [178CA9\2859C6] Auto-router pass #587 on board '4741e1ff9bb4bf8bf96ffa7ad4e323cc' was completed in 0.04 seconds with the score of 959.26 (3 unrouted), using 7966.77 CPU seconds and 107980 MB memory.
2026-10-02 14:12:53.126 INFO   [178CA9\2859C6] Restoring an earlier board that has the score of 970.57 (2 unrouted).
2026-10-02 14:12:53.126 INFO   [178CA9\2859C6] Auto-router pass #588 on board '4741e1ff9bb4bf8bf96ffa7ad4e323cc' was completed in 0.41 seconds with the score of 848.58 (10 unrouted), using 7966.77 CPU seconds and 107980 MB memory.
2026-10-02 14:12:53.287 INFO   [178CA9\2859C6] Auto-router pass #589 on board '0b78dc7fb6ac4ba9a2b72d9e2272e7bf' was completed in 0.16 seconds with the score of 970.57 (2 unrouted), using 7966.77 CPU seconds and 107980 MB memory.
2026-10-02 14:12:53.328 INFO   [178CA9\2859C6] Auto-router pass #590 on board '0b78dc7fb6ac4ba9a2b72d9e2272e7bf' was completed in 0.03 seconds with the score of 970.57 (2 unrouted), using 7966.77 CPU seconds and 107980 MB memory.
2026-10-02 14:12:53.364 INFO   [178CA9\2859C6] Auto-router pass #591 on board '0b78dc7fb6ac4ba9a2b72d9e2272e7bf' was completed in 0.03 seconds with the score of 970.57 (2 unrouted), using 7966.77 CPU seconds and 107980 MB memory.
2026-10-02 14:12:53.808 INFO   [178CA9\2859C6] Restoring an earlier board that has the score of 959.69 (3 unrouted).
2026-10-02 14:12:53.808 INFO   [178CA9\2859C6] Auto-router pass #592 on board '0b78dc7fb6ac4ba9a2b72d9e2272e7bf' was completed in 0.44 seconds with the score of 936.94 (5 unrouted), using 8092.31 CPU seconds and 108940 MB memory.
2026-10-02 14:12:54.006 INFO   [178CA9\2859C6] Auto-router pass #593 on board '893f5584dbbc148a3316098c6ead606f' was completed in 0.19 seconds with the score of 959.69 (3 unrouted), using 8092.31 CPU seconds and 108940 MB memory.
2026-10-02 14:12:54.080 INFO   [178CA9\2859C6] Auto-router pass #594 on board '893f5584dbbc148a3316098c6ead606f' was completed in 0.07 seconds with the score of 959.69 (3 unrouted), using 8092.31 CPU seconds and 108940 MB memory.
2026-10-02 14:12:54.126 INFO   [178CA9\2859C6] Auto-router pass #595 on board '893f5584dbbc148a3316098c6ead606f' was completed in 0.04 seconds with the score of 959.69 (3 unrouted), using 8092.31 CPU seconds and 108940 MB memory.
2026-10-02 14:12:54.762 INFO   [178CA9\2859C6] Restoring an earlier board that has the score of 959.69 (3 unrouted).
2026-10-02 14:12:54.762 INFO   [178CA9\2859C6] Auto-router pass #596 on board '893f5584dbbc148a3316098c6ead606f' was completed in 0.63 seconds with the score of 889.04 (7 unrouted), using 8218.83 CPU seconds and 109793 MB memory.
2026-10-02 14:12:54.925 INFO   [178CA9\2859C6] Auto-router pass #597 on board '4f789a79601930022884f89312ca5ca7' was completed in 0.16 seconds with the score of 959.69 (3 unrouted), using 8218.83 CPU seconds and 109793 MB memory.
2026-10-02 14:12:54.974 INFO   [178CA9\2859C6] Auto-router pass #598 on board '4f789a79601930022884f89312ca5ca7' was completed in 0.04 seconds with the score of 959.69 (3 unrouted), using 8218.83 CPU seconds and 109793 MB memory.
2026-10-02 14:12:55.027 INFO   [178CA9\2859C6] Auto-router pass #599 on board '4f789a79601930022884f89312ca5ca7' was completed in 0.05 seconds with the score of 959.69 (3 unrouted), using 8218.83 CPU seconds and 109793 MB memory.
2026-10-02 14:12:55.935 INFO   [178CA9\2859C6] Restoring an earlier board that has the score of 959.69 (3 unrouted).
2026-10-02 14:12:55.935 INFO   [178CA9\2859C6] Auto-router pass #600 on board '4f789a79601930022884f89312ca5ca7' was completed in 0.90 seconds with the score of 877.31 (7 unrouted), using 8346.34 CPU seconds and 110694 MB memory.
2026-10-02 14:12:56.172 INFO   [178CA9\2859C6] Auto-router pass #601 on board '4f789a79601930022884f89312ca5ca7' was completed in 0.23 seconds with the score of 959.69 (3 unrouted), using 8346.34 CPU seconds and 110694 MB memory.
2026-10-02 14:12:56.237 INFO   [178CA9\2859C6] Auto-router pass #602 on board '4f789a79601930022884f89312ca5ca7' was completed in 0.06 seconds with the score of 959.69 (3 unrouted), using 8346.34 CPU seconds and 110694 MB memory.
2026-10-02 14:12:56.305 INFO   [178CA9\2859C6] Auto-router pass #603 on board '4f789a79601930022884f89312ca5ca7' was completed in 0.06 seconds with the score of 959.69 (3 unrouted), using 8346.34 CPU seconds and 110694 MB memory.
2026-10-02 14:12:57.154 INFO   [178CA9\2859C6] Restoring an earlier board that has the score of 959.69 (3 unrouted).
2026-10-02 14:12:57.154 INFO   [178CA9\2859C6] Auto-router pass #604 on board '4f789a79601930022884f89312ca5ca7' was completed in 0.84 seconds with the score of 889.24 (7 unrouted), using 8474.83 CPU seconds and 111350 MB memory.
2026-10-02 14:12:57.426 INFO   [178CA9\2859C6] Auto-router pass #605 on board '4f789a79601930022884f89312ca5ca7' was completed in 0.27 seconds with the score of 959.69 (3 unrouted), using 8474.83 CPU seconds and 111350 MB memory.
2026-10-02 14:12:57.500 INFO   [178CA9\2859C6] Auto-router pass #606 on board 'e3244e24b063e1400110a7b782373d78' was completed in 0.06 seconds with the score of 959.69 (3 unrouted), using 8604.30 CPU seconds and 112049 MB memory.
2026-10-02 14:12:57.552 INFO   [178CA9\2859C6] Auto-router pass #607 on board 'e3244e24b063e1400110a7b782373d78' was completed in 0.05 seconds with the score of 959.69 (3 unrouted), using 8604.30 CPU seconds and 112049 MB memory.
2026-10-02 14:12:58.002 INFO   [178CA9\2859C6] Restoring an earlier board that has the score of 959.69 (3 unrouted).
2026-10-02 14:12:58.002 INFO   [178CA9\2859C6] Auto-router pass #608 on board 'e3244e24b063e1400110a7b782373d78' was completed in 0.44 seconds with the score of 937.63 (5 unrouted), using 8604.30 CPU seconds and 112049 MB memory.
2026-10-02 14:12:58.181 INFO   [178CA9\2859C6] Auto-router pass #609 on board '4f789a79601930022884f89312ca5ca7' was completed in 0.17 seconds with the score of 959.69 (3 unrouted), using 8604.30 CPU seconds and 112049 MB memory.
2026-10-02 14:12:58.229 INFO   [178CA9\2859C6] Auto-router pass #610 on board '4f789a79601930022884f89312ca5ca7' was completed in 0.04 seconds with the score of 959.69 (3 unrouted), using 8604.30 CPU seconds and 112049 MB memory.
2026-10-02 14:12:58.282 INFO   [178CA9\2859C6] Auto-router pass #611 on board '4f789a79601930022884f89312ca5ca7' was completed in 0.05 seconds with the score of 959.69 (3 unrouted), using 8604.30 CPU seconds and 112049 MB memory.
2026-10-02 14:12:58.787 ERROR  AutorouteEngine.autoroute_connection: Exception in maze_search_algo.find_connection
java.lang.ArrayIndexOutOfBoundsException: null
2026-10-02 14:12:58.787 ERROR  AutorouteEngine.autoroute_connection: Exception in maze_search_algo.find_connection
java.lang.ArrayIndexOutOfBoundsException: null
2026-10-02 14:12:58.811 INFO   [178CA9\2859C6] Restoring an earlier board that has the score of 959.69 (3 unrouted).
2026-10-02 14:12:58.811 INFO   [178CA9\2859C6] Auto-router pass #612 on board '4f789a79601930022884f89312ca5ca7' was completed in 0.52 seconds with the score of 932.72 (5 unrouted), using 8734.76 CPU seconds and 112924 MB memory.
2026-10-02 14:12:59.018 INFO   [178CA9\2859C6] Auto-router pass #613 on board 'e3244e24b063e1400110a7b782373d78' was completed in 0.20 seconds with the score of 970.87 (2 unrouted), using 8734.76 CPU seconds and 112924 MB memory.
2026-10-02 14:12:59.081 INFO   [178CA9\2859C6] Auto-router pass #614 on board '9cf56ba00e27addb33321739768f7185' was completed in 0.05 seconds with the score of 970.87 (2 unrouted), using 8734.76 CPU seconds and 112924 MB memory.
2026-10-02 14:12:59.134 INFO   [178CA9\2859C6] Auto-router pass #615 on board '9cf56ba00e27addb33321739768f7185' was completed in 0.05 seconds with the score of 970.87 (2 unrouted), using 8734.76 CPU seconds and 112924 MB memory.
2026-10-02 14:12:59.391 INFO   [178CA9\2859C6] Restoring an earlier board that has the score of 970.87 (2 unrouted).
2026-10-02 14:12:59.391 INFO   [178CA9\2859C6] Auto-router pass #616 on board '9cf56ba00e27addb33321739768f7185' was completed in 0.25 seconds with the score of 892.63 (9 unrouted), using 8734.76 CPU seconds and 112924 MB memory.
2026-10-02 14:12:59.713 INFO   [178CA9\2859C6] Auto-router pass #617 on board '9cf56ba00e27addb33321739768f7185' was completed in 0.32 seconds with the score of 959.69 (3 unrouted), using 8866.19 CPU seconds and 113690 MB memory.
2026-10-02 14:12:59.822 INFO   [178CA9\2859C6] Auto-router pass #618 on board '49a9ec83ce9ea6e724482eae12597d32' was completed in 0.09 seconds with the score of 959.69 (3 unrouted), using 8866.19 CPU seconds and 113690 MB memory.
2026-10-02 14:12:59.889 INFO   [178CA9\2859C6] Auto-router pass #619 on board '49a9ec83ce9ea6e724482eae12597d32' was completed in 0.06 seconds with the score of 959.69 (3 unrouted), using 8866.19 CPU seconds and 113690 MB memory.
2026-10-02 14:13:00.986 INFO   [178CA9\2859C6] Restoring an earlier board that has the score of 970.87 (2 unrouted).
2026-10-02 14:13:00.986 INFO   [178CA9\2859C6] Auto-router pass #620 on board '49a9ec83ce9ea6e724482eae12597d32' was completed in 1.09 seconds with the score of 903.63 (6 unrouted), using 8998.61 CPU seconds and 114344 MB memory.
2026-10-02 14:13:01.155 INFO   [178CA9\2859C6] Auto-router pass #621 on board '9cf56ba00e27addb33321739768f7185' was completed in 0.16 seconds with the score of 970.87 (2 unrouted), using 8998.61 CPU seconds and 114344 MB memory.
2026-10-02 14:13:01.194 INFO   [178CA9\2859C6] Auto-router pass #622 on board '9cf56ba00e27addb33321739768f7185' was completed in 0.03 seconds with the score of 970.87 (2 unrouted), using 8998.61 CPU seconds and 114344 MB memory.
2026-10-02 14:13:01.232 INFO   [178CA9\2859C6] Auto-router pass #623 on board '9cf56ba00e27addb33321739768f7185' was completed in 0.03 seconds with the score of 970.87 (2 unrouted), using 8998.61 CPU seconds and 114344 MB memory.
2026-10-02 14:13:01.739 INFO   [178CA9\2859C6] Restoring an earlier board that has the score of 970.87 (2 unrouted).
2026-10-02 14:13:01.739 INFO   [178CA9\2859C6] Auto-router pass #624 on board '9cf56ba00e27addb33321739768f7185' was completed in 0.50 seconds with the score of 845.58 (10 unrouted), using 9132.00 CPU seconds and 115073 MB memory.
2026-10-02 14:13:01.896 INFO   [178CA9\2859C6] Auto-router pass #625 on board '9cf56ba00e27addb33321739768f7185' was completed in 0.15 seconds with the score of 970.87 (2 unrouted), using 9132.00 CPU seconds and 115073 MB memory.
2026-10-02 14:13:01.933 INFO   [178CA9\2859C6] Auto-router pass #626 on board '9cf56ba00e27addb33321739768f7185' was completed in 0.03 seconds with the score of 970.87 (2 unrouted), using 9132.00 CPU seconds and 115073 MB memory.
2026-10-02 14:13:01.969 INFO   [178CA9\2859C6] Auto-router pass #627 on board '9cf56ba00e27addb33321739768f7185' was completed in 0.03 seconds with the score of 970.87 (2 unrouted), using 9132.00 CPU seconds and 115073 MB memory.
2026-10-02 14:13:02.188 INFO   [178CA9\2859C6] Restoring an earlier board that has the score of 970.87 (2 unrouted).
2026-10-02 14:13:02.188 INFO   [178CA9\2859C6] Auto-router pass #628 on board '9cf56ba00e27addb33321739768f7185' was completed in 0.21 seconds with the score of 932.72 (5 unrouted), using 9132.00 CPU seconds and 115073 MB memory.
2026-10-02 14:13:02.405 INFO   [178CA9\2859C6] Auto-router pass #629 on board '9cf56ba00e27addb33321739768f7185' was completed in 0.21 seconds with the score of 959.69 (3 unrouted), using 9132.00 CPU seconds and 115073 MB memory.
2026-10-02 14:13:02.471 INFO   [178CA9\2859C6] Auto-router pass #630 on board '49a9ec83ce9ea6e724482eae12597d32' was completed in 0.06 seconds with the score of 959.69 (3 unrouted), using 9132.00 CPU seconds and 115073 MB memory.
2026-10-02 14:13:02.518 INFO   [178CA9\2859C6] Auto-router pass #631 on board '49a9ec83ce9ea6e724482eae12597d32' was completed in 0.04 seconds with the score of 959.69 (3 unrouted), using 9266.37 CPU seconds and 116071 MB memory.
2026-10-02 14:13:02.849 INFO   [178CA9\2859C6] Restoring an earlier board that has the score of 959.69 (3 unrouted).
2026-10-02 14:13:02.849 INFO   [178CA9\2859C6] Auto-router pass #632 on board '49a9ec83ce9ea6e724482eae12597d32' was completed in 0.33 seconds with the score of 879.92 (8 unrouted), using 9266.37 CPU seconds and 116071 MB memory.
2026-10-02 14:13:03.030 INFO   [178CA9\2859C6] Auto-router pass #633 on board 'e3244e24b063e1400110a7b782373d78' was completed in 0.18 seconds with the score of 959.69 (3 unrouted), using 9266.37 CPU seconds and 116071 MB memory.
2026-10-02 14:13:03.079 INFO   [178CA9\2859C6] Auto-router pass #634 on board 'e3244e24b063e1400110a7b782373d78' was completed in 0.04 seconds with the score of 959.69 (3 unrouted), using 9266.37 CPU seconds and 116071 MB memory.
2026-10-02 14:13:03.129 INFO   [178CA9\2859C6] Auto-router pass #635 on board 'e3244e24b063e1400110a7b782373d78' was completed in 0.05 seconds with the score of 959.69 (3 unrouted), using 9266.37 CPU seconds and 116071 MB memory.
2026-10-02 14:13:03.857 INFO   [178CA9\2859C6] Restoring an earlier board that has the score of 959.69 (3 unrouted).
2026-10-02 14:13:03.857 INFO   [178CA9\2859C6] Auto-router pass #636 on board 'e3244e24b063e1400110a7b782373d78' was completed in 0.72 seconds with the score of 900.27 (7 unrouted), using 9401.73 CPU seconds and 116954 MB memory.
2026-10-02 14:13:04.168 INFO   [178CA9\2859C6] Auto-router pass #637 on board 'e3244e24b063e1400110a7b782373d78' was completed in 0.31 seconds with the score of 948.82 (4 unrouted), using 9401.73 CPU seconds and 116954 MB memory.
2026-10-02 14:13:04.261 INFO   [178CA9\2859C6] Auto-router pass #638 on board '7323f3cb92890c29bfff7d62a61f300d' was completed in 0.08 seconds with the score of 948.82 (4 unrouted), using 9401.73 CPU seconds and 116954 MB memory.
2026-10-02 14:13:04.322 INFO   [178CA9\2859C6] Auto-router pass #639 on board '7323f3cb92890c29bfff7d62a61f300d' was completed in 0.06 seconds with the score of 948.82 (4 unrouted), using 9401.73 CPU seconds and 116954 MB memory.
2026-10-02 14:13:04.622 INFO   [178CA9\2859C6] Restoring an earlier board that has the score of 959.69 (3 unrouted).
2026-10-02 14:13:04.622 INFO   [178CA9\2859C6] Auto-router pass #640 on board '7323f3cb92890c29bfff7d62a61f300d' was completed in 0.30 seconds with the score of 948.82 (4 unrouted), using 9538.07 CPU seconds and 117768 MB memory.
2026-10-02 14:13:04.847 INFO   [178CA9\2859C6] Auto-router pass #641 on board 'e3244e24b063e1400110a7b782373d78' was completed in 0.22 seconds with the score of 960.46 (3 unrouted), using 9538.07 CPU seconds and 117768 MB memory.
2026-10-02 14:13:04.925 INFO   [178CA9\2859C6] Auto-router pass #642 on board 'c8eae1ccc5fbe7c617f77977bb8a3817' was completed in 0.07 seconds with the score of 960.46 (3 unrouted), using 9538.07 CPU seconds and 117768 MB memory.
2026-10-02 14:13:04.975 INFO   [178CA9\2859C6] Auto-router pass #643 on board 'c8eae1ccc5fbe7c617f77977bb8a3817' was completed in 0.04 seconds with the score of 960.46 (3 unrouted), using 9538.07 CPU seconds and 117768 MB memory.
2026-10-02 14:13:05.603 INFO   [178CA9\2859C6] Restoring an earlier board that has the score of 960.46 (3 unrouted).
2026-10-02 14:13:05.603 INFO   [178CA9\2859C6] Auto-router pass #644 on board 'c8eae1ccc5fbe7c617f77977bb8a3817' was completed in 0.62 seconds with the score of 912.11 (6 unrouted), using 9675.39 CPU seconds and 118668 MB memory.
2026-10-02 14:13:05.840 INFO   [178CA9\2859C6] Auto-router pass #645 on board 'c8eae1ccc5fbe7c617f77977bb8a3817' was completed in 0.23 seconds with the score of 947.26 (4 unrouted), using 9675.39 CPU seconds and 118668 MB memory.
2026-10-02 14:13:05.930 INFO   [178CA9\2859C6] Auto-router pass #646 on board 'd6b71aa127fe062c4db04f7485b5e0f8' was completed in 0.08 seconds with the score of 947.26 (4 unrouted), using 9675.39 CPU seconds and 118668 MB memory.
2026-10-02 14:13:05.996 INFO   [178CA9\2859C6] Auto-router pass #647 on board 'd6b71aa127fe062c4db04f7485b5e0f8' was completed in 0.06 seconds with the score of 947.26 (4 unrouted), using 9675.39 CPU seconds and 118668 MB memory.
2026-10-02 14:13:07.066 INFO   [178CA9\2859C6] Restoring an earlier board that has the score of 960.46 (3 unrouted).
2026-10-02 14:13:07.066 INFO   [178CA9\2859C6] Auto-router pass #648 on board 'd6b71aa127fe062c4db04f7485b5e0f8' was completed in 1.06 seconds with the score of 856.22 (8 unrouted), using 9813.69 CPU seconds and 119545 MB memory.
2026-10-02 14:13:07.296 INFO   [178CA9\2859C6] Auto-router pass #649 on board 'c8eae1ccc5fbe7c617f77977bb8a3817' was completed in 0.23 seconds with the score of 944.04 (4 unrouted), using 9813.69 CPU seconds and 119545 MB memory.
2026-10-02 14:13:07.388 INFO   [178CA9\2859C6] Auto-router pass #650 on board 'f3063956564ba5ee7ec661dcb2d87ee1' was completed in 0.08 seconds with the score of 944.04 (4 unrouted), using 9813.69 CPU seconds and 119545 MB memory.
2026-10-02 14:13:07.449 INFO   [178CA9\2859C6] Auto-router pass #651 on board 'f3063956564ba5ee7ec661dcb2d87ee1' was completed in 0.06 seconds with the score of 944.04 (4 unrouted), using 9813.69 CPU seconds and 119545 MB memory.
2026-10-02 14:13:08.189 INFO   [178CA9\2859C6] Restoring an earlier board that has the score of 960.46 (3 unrouted).
2026-10-02 14:13:08.189 INFO   [178CA9\2859C6] Auto-router pass #652 on board 'f3063956564ba5ee7ec661dcb2d87ee1' was completed in 0.74 seconds with the score of 902.96 (6 unrouted), using 9952.97 CPU seconds and 120444 MB memory.
2026-10-02 14:13:08.371 INFO   [178CA9\2859C6] Auto-router pass #653 on board 'c8eae1ccc5fbe7c617f77977bb8a3817' was completed in 0.18 seconds with the score of 970.57 (2 unrouted), using 9952.97 CPU seconds and 120444 MB memory.
2026-10-02 14:13:08.417 INFO   [178CA9\2859C6] Auto-router pass #654 on board 'f2c8b01bf4a0e6f6d10853eea7f90639' was completed in 0.04 seconds with the score of 970.57 (2 unrouted), using 9952.97 CPU seconds and 120444 MB memory.
2026-10-02 14:13:08.453 INFO   [178CA9\2859C6] Auto-router pass #655 on board 'f2c8b01bf4a0e6f6d10853eea7f90639' was completed in 0.03 seconds with the score of 970.57 (2 unrouted), using 9952.97 CPU seconds and 120444 MB memory.
2026-10-02 14:13:08.864 INFO   [178CA9\2859C6] Restoring an earlier board that has the score of 970.57 (2 unrouted).
2026-10-02 14:13:08.865 INFO   [178CA9\2859C6] Auto-router pass #656 on board 'f2c8b01bf4a0e6f6d10853eea7f90639' was completed in 0.41 seconds with the score of 919.65 (6 unrouted), using 10093.22 CPU seconds and 121284 MB memory.
2026-10-02 14:13:09.058 INFO   [178CA9\2859C6] Auto-router pass #657 on board 'f2c8b01bf4a0e6f6d10853eea7f90639' was completed in 0.19 seconds with the score of 970.57 (2 unrouted), using 10093.22 CPU seconds and 121284 MB memory.
2026-10-02 14:13:09.095 INFO   [178CA9\2859C6] Auto-router pass #658 on board 'f2c8b01bf4a0e6f6d10853eea7f90639' was completed in 0.03 seconds with the score of 970.57 (2 unrouted), using 10093.22 CPU seconds and 121284 MB memory.
2026-10-02 14:13:09.131 INFO   [178CA9\2859C6] Auto-router pass #659 on board 'f2c8b01bf4a0e6f6d10853eea7f90639' was completed in 0.03 seconds with the score of 970.57 (2 unrouted), using 10093.22 CPU seconds and 121284 MB memory.
2026-10-02 14:13:09.366 INFO   [178CA9\2859C6] Restoring an earlier board that has the score of 970.57 (2 unrouted).
2026-10-02 14:13:09.366 INFO   [178CA9\2859C6] Auto-router pass #660 on board 'f2c8b01bf4a0e6f6d10853eea7f90639' was completed in 0.23 seconds with the score of 931.92 (5 unrouted), using 10093.22 CPU seconds and 121284 MB memory.
2026-10-02 14:13:09.588 INFO   [178CA9\2859C6] Auto-router pass #661 on board 'f2c8b01bf4a0e6f6d10853eea7f90639' was completed in 0.22 seconds with the score of 959.26 (3 unrouted), using 10234.46 CPU seconds and 122176 MB memory.
2026-10-02 14:13:09.664 INFO   [178CA9\2859C6] Auto-router pass #662 on board '1e1dd5bf61960a65df52094bc5a26e41' was completed in 0.07 seconds with the score of 959.26 (3 unrouted), using 10234.46 CPU seconds and 122176 MB memory.
2026-10-02 14:13:09.711 INFO   [178CA9\2859C6] Auto-router pass #663 on board '1e1dd5bf61960a65df52094bc5a26e41' was completed in 0.04 seconds with the score of 959.26 (3 unrouted), using 10234.46 CPU seconds and 122176 MB memory.
2026-10-02 14:13:10.182 INFO   [178CA9\2859C6] Restoring an earlier board that has the score of 970.57 (2 unrouted).
2026-10-02 14:13:10.182 INFO   [178CA9\2859C6] Auto-router pass #664 on board '1e1dd5bf61960a65df52094bc5a26e41' was completed in 0.46 seconds with the score of 921.07 (5 unrouted), using 10234.46 CPU seconds and 122176 MB memory.
2026-10-02 14:13:10.410 INFO   [178CA9\2859C6] Auto-router pass #665 on board 'f2c8b01bf4a0e6f6d10853eea7f90639' was completed in 0.22 seconds with the score of 959.26 (3 unrouted), using 10234.46 CPU seconds and 122176 MB memory.
2026-10-02 14:13:10.498 INFO   [178CA9\2859C6] Auto-router pass #666 on board '1e1dd5bf61960a65df52094bc5a26e41' was completed in 0.08 seconds with the score of 959.26 (3 unrouted), using 10376.68 CPU seconds and 123124 MB memory.
2026-10-02 14:13:10.566 INFO   [178CA9\2859C6] Auto-router pass #667 on board '1e1dd5bf61960a65df52094bc5a26e41' was completed in 0.06 seconds with the score of 959.26 (3 unrouted), using 10376.68 CPU seconds and 123124 MB memory.
2026-10-02 14:13:11.455 INFO   [178CA9\2859C6] Restoring an earlier board that has the score of 970.57 (2 unrouted).
2026-10-02 14:13:11.455 INFO   [178CA9\2859C6] Auto-router pass #668 on board '1e1dd5bf61960a65df52094bc5a26e41' was completed in 0.88 seconds with the score of 916.03 (5 unrouted), using 10376.68 CPU seconds and 123124 MB memory.
2026-10-02 14:13:11.658 INFO   [178CA9\2859C6] Auto-router pass #669 on board 'f2c8b01bf4a0e6f6d10853eea7f90639' was completed in 0.20 seconds with the score of 970.57 (2 unrouted), using 10519.89 CPU seconds and 123777 MB memory.
2026-10-02 14:13:11.695 INFO   [178CA9\2859C6] Auto-router pass #670 on board 'f2c8b01bf4a0e6f6d10853eea7f90639' was completed in 0.03 seconds with the score of 970.57 (2 unrouted), using 10519.89 CPU seconds and 123777 MB memory.
2026-10-02 14:13:11.729 INFO   [178CA9\2859C6] Auto-router pass #671 on board 'f2c8b01bf4a0e6f6d10853eea7f90639' was completed in 0.03 seconds with the score of 970.57 (2 unrouted), using 10519.89 CPU seconds and 123777 MB memory.
2026-10-02 14:13:12.115 ERROR  AutorouteEngine.autoroute_connection: Exception in maze_search_algo.find_connection
java.lang.ArrayIndexOutOfBoundsException: null
2026-10-02 14:13:12.115 ERROR  AutorouteEngine.autoroute_connection: Exception in maze_search_algo.find_connection
java.lang.ArrayIndexOutOfBoundsException: null
2026-10-02 14:13:12.130 INFO   [178CA9\2859C6] Restoring an earlier board that has the score of 960.46 (3 unrouted).
2026-10-02 14:13:12.131 INFO   [178CA9\2859C6] Auto-router pass #672 on board 'f2c8b01bf4a0e6f6d10853eea7f90639' was completed in 0.40 seconds with the score of 931.92 (5 unrouted), using 10519.89 CPU seconds and 123777 MB memory.
2026-10-02 14:13:12.352 INFO   [178CA9\2859C6] Auto-router pass #673 on board 'c8eae1ccc5fbe7c617f77977bb8a3817' was completed in 0.22 seconds with the score of 942.71 (4 unrouted), using 10519.89 CPU seconds and 123777 MB memory.
2026-10-02 14:13:12.434 INFO   [178CA9\2859C6] Auto-router pass #674 on board '99f5dd3d66017861f65e932f35241641' was completed in 0.07 seconds with the score of 942.71 (4 unrouted), using 10519.89 CPU seconds and 123777 MB memory.
2026-10-02 14:13:12.492 INFO   [178CA9\2859C6] Auto-router pass #675 on board '99f5dd3d66017861f65e932f35241641' was completed in 0.05 seconds with the score of 942.71 (4 unrouted), using 10664.07 CPU seconds and 124743 MB memory.
2026-10-02 14:13:12.827 INFO   [178CA9\2859C6] Restoring an earlier board that has the score of 959.69 (3 unrouted).
2026-10-02 14:13:12.828 INFO   [178CA9\2859C6] Auto-router pass #676 on board '99f5dd3d66017861f65e932f35241641' was completed in 0.33 seconds with the score of 921.60 (5 unrouted), using 10664.07 CPU seconds and 124743 MB memory.
2026-10-02 14:13:13.063 INFO   [178CA9\2859C6] Auto-router pass #677 on board '49a9ec83ce9ea6e724482eae12597d32' was completed in 0.23 seconds with the score of 948.82 (4 unrouted), using 10664.07 CPU seconds and 124743 MB memory.
2026-10-02 14:13:13.147 INFO   [178CA9\2859C6] Auto-router pass #678 on board '9b74bb2f78be03e5c63f316b13708129' was completed in 0.07 seconds with the score of 948.82 (4 unrouted), using 10664.07 CPU seconds and 124743 MB memory.
2026-10-02 14:13:13.207 INFO   [178CA9\2859C6] Auto-router pass #679 on board '9b74bb2f78be03e5c63f316b13708129' was completed in 0.06 seconds with the score of 948.82 (4 unrouted), using 10664.07 CPU seconds and 124743 MB memory.
2026-10-02 14:13:13.423 INFO   [178CA9\2859C6] Restoring an earlier board that has the score of 959.69 (3 unrouted).
2026-10-02 14:13:13.423 INFO   [178CA9\2859C6] Auto-router pass #680 on board '9b74bb2f78be03e5c63f316b13708129' was completed in 0.21 seconds with the score of 923.71 (5 unrouted), using 10664.07 CPU seconds and 124743 MB memory.
2026-10-02 14:13:13.674 INFO   [178CA9\2859C6] Auto-router pass #681 on board '49a9ec83ce9ea6e724482eae12597d32' was completed in 0.25 seconds with the score of 970.87 (2 unrouted), using 10809.23 CPU seconds and 125690 MB memory.
2026-10-02 14:13:13.716 INFO   [178CA9\2859C6] Auto-router pass #682 on board 'b2324754885456041a49a2825b5c8ce8' was completed in 0.03 seconds with the score of 970.87 (2 unrouted), using 10809.23 CPU seconds and 125690 MB memory.
2026-10-02 14:13:13.797 INFO   [178CA9\2859C6] Auto-router pass #683 on board 'b2324754885456041a49a2825b5c8ce8' was completed in 0.08 seconds with the score of 970.87 (2 unrouted), using 10809.23 CPU seconds and 125690 MB memory.
2026-10-02 14:13:13.983 INFO   [178CA9\2859C6] Restoring an earlier board that has the score of 970.87 (2 unrouted).
2026-10-02 14:13:13.983 INFO   [178CA9\2859C6] Auto-router pass #684 on board 'b2324754885456041a49a2825b5c8ce8' was completed in 0.18 seconds with the score of 892.63 (9 unrouted), using 10809.23 CPU seconds and 125690 MB memory.
2026-10-02 14:13:14.199 INFO   [178CA9\2859C6] Auto-router pass #685 on board 'b2324754885456041a49a2825b5c8ce8' was completed in 0.21 seconds with the score of 959.69 (3 unrouted), using 10809.23 CPU seconds and 125690 MB memory.
2026-10-02 14:13:14.277 INFO   [178CA9\2859C6] Auto-router pass #686 on board 'b3948285246ecb948bb3079f0626b1da' was completed in 0.07 seconds with the score of 959.69 (3 unrouted), using 10809.23 CPU seconds and 125690 MB memory.
2026-10-02 14:13:14.329 INFO   [178CA9\2859C6] Auto-router pass #687 on board 'b3948285246ecb948bb3079f0626b1da' was completed in 0.05 seconds with the score of 959.69 (3 unrouted), using 10809.23 CPU seconds and 125690 MB memory.
2026-10-02 14:13:14.892 WARN   LocateFoundConnectionAlgo45Degree.calculate_next_trace_corners: next_room is null
2026-10-02 14:13:14.933 INFO   [178CA9\2859C6] Restoring an earlier board that has the score of 970.87 (2 unrouted).
2026-10-02 14:13:14.933 INFO   [178CA9\2859C6] Auto-router pass #688 on board 'b3948285246ecb948bb3079f0626b1da' was completed in 0.60 seconds with the score of 886.54 (6 unrouted), using 10955.28 CPU seconds and 126581 MB memory.
2026-10-02 14:13:15.170 INFO   [178CA9\2859C6] Auto-router pass #689 on board 'b2324754885456041a49a2825b5c8ce8' was completed in 0.23 seconds with the score of 959.69 (3 unrouted), using 10955.28 CPU seconds and 126581 MB memory.
2026-10-02 14:13:15.240 INFO   [178CA9\2859C6] Auto-router pass #690 on board 'b3948285246ecb948bb3079f0626b1da' was completed in 0.07 seconds with the score of 959.69 (3 unrouted), using 10955.28 CPU seconds and 126581 MB memory.
2026-10-02 14:13:15.289 INFO   [178CA9\2859C6] Auto-router pass #691 on board 'b3948285246ecb948bb3079f0626b1da' was completed in 0.04 seconds with the score of 959.69 (3 unrouted), using 10955.28 CPU seconds and 126581 MB memory.
2026-10-02 14:13:15.894 INFO   [178CA9\2859C6] Restoring an earlier board that has the score of 970.87 (2 unrouted).
2026-10-02 14:13:15.895 INFO   [178CA9\2859C6] Auto-router pass #692 on board 'b3948285246ecb948bb3079f0626b1da' was completed in 0.60 seconds with the score of 784.76 (11 unrouted), using 11102.31 CPU seconds and 127443 MB memory.
2026-10-02 14:13:16.051 INFO   [178CA9\2859C6] Auto-router pass #693 on board 'b2324754885456041a49a2825b5c8ce8' was completed in 0.15 seconds with the score of 970.87 (2 unrouted), using 11102.31 CPU seconds and 127443 MB memory.
2026-10-02 14:13:16.087 INFO   [178CA9\2859C6] Auto-router pass #694 on board 'b2324754885456041a49a2825b5c8ce8' was completed in 0.03 seconds with the score of 970.87 (2 unrouted), using 11102.31 CPU seconds and 127443 MB memory.
2026-10-02 14:13:16.123 INFO   [178CA9\2859C6] Auto-router pass #695 on board 'b2324754885456041a49a2825b5c8ce8' was completed in 0.03 seconds with the score of 970.87 (2 unrouted), using 11102.31 CPU seconds and 127443 MB memory.
2026-10-02 14:13:16.670 INFO   [178CA9\2859C6] Restoring an earlier board that has the score of 970.87 (2 unrouted).
2026-10-02 14:13:16.670 INFO   [178CA9\2859C6] Auto-router pass #696 on board 'b2324754885456041a49a2825b5c8ce8' was completed in 0.54 seconds with the score of 876.62 (8 unrouted), using 11250.32 CPU seconds and 128352 MB memory.
2026-10-02 14:13:16.826 INFO   [178CA9\2859C6] Auto-router pass #697 on board 'b2324754885456041a49a2825b5c8ce8' was completed in 0.15 seconds with the score of 970.87 (2 unrouted), using 11250.32 CPU seconds and 128352 MB memory.
2026-10-02 14:13:16.863 INFO   [178CA9\2859C6] Auto-router pass #698 on board 'b2324754885456041a49a2825b5c8ce8' was completed in 0.03 seconds with the score of 970.87 (2 unrouted), using 11250.32 CPU seconds and 128352 MB memory.
2026-10-02 14:13:16.900 INFO   [178CA9\2859C6] Auto-router pass #699 on board 'b2324754885456041a49a2825b5c8ce8' was completed in 0.03 seconds with the score of 970.87 (2 unrouted), using 11250.32 CPU seconds and 128352 MB memory.
2026-10-02 14:13:17.042 INFO   [178CA9\2859C6] Restoring an earlier board that has the score of 959.69 (3 unrouted).
2026-10-02 14:13:17.042 INFO   [178CA9\2859C6] Auto-router pass #700 on board 'b2324754885456041a49a2825b5c8ce8' was completed in 0.14 seconds with the score of 917.89 (7 unrouted), using 11250.32 CPU seconds and 128352 MB memory.
2026-10-02 14:13:17.254 INFO   [178CA9\2859C6] Auto-router pass #701 on board '49a9ec83ce9ea6e724482eae12597d32' was completed in 0.21 seconds with the score of 948.82 (4 unrouted), using 11250.32 CPU seconds and 128352 MB memory.
2026-10-02 14:13:17.334 INFO   [178CA9\2859C6] Auto-router pass #702 on board '9b74bb2f78be03e5c63f316b13708129' was completed in 0.07 seconds with the score of 948.82 (4 unrouted), using 11250.32 CPU seconds and 128352 MB memory.
2026-10-02 14:13:17.393 INFO   [178CA9\2859C6] Auto-router pass #703 on board '9b74bb2f78be03e5c63f316b13708129' was completed in 0.06 seconds with the score of 948.82 (4 unrouted), using 11250.32 CPU seconds and 128352 MB memory.
2026-10-02 14:13:17.683 INFO   [178CA9\2859C6] Restoring an earlier board that has the score of 959.69 (3 unrouted).
2026-10-02 14:13:17.683 INFO   [178CA9\2859C6] Auto-router pass #704 on board '9b74bb2f78be03e5c63f316b13708129' was completed in 0.28 seconds with the score of 948.82 (4 unrouted), using 11399.31 CPU seconds and 129345 MB memory.
2026-10-02 14:13:17.849 INFO   [178CA9\2859C6] Auto-router pass #705 on board '49a9ec83ce9ea6e724482eae12597d32' was completed in 0.16 seconds with the score of 959.69 (3 unrouted), using 11399.31 CPU seconds and 129345 MB memory.
2026-10-02 14:13:17.897 INFO   [178CA9\2859C6] Auto-router pass #706 on board '49a9ec83ce9ea6e724482eae12597d32' was completed in 0.04 seconds with the score of 959.69 (3 unrouted), using 11399.31 CPU seconds and 129345 MB memory.
2026-10-02 14:13:17.943 INFO   [178CA9\2859C6] Auto-router pass #707 on board '49a9ec83ce9ea6e724482eae12597d32' was completed in 0.04 seconds with the score of 959.69 (3 unrouted), using 11399.31 CPU seconds and 129345 MB memory.
2026-10-02 14:13:18.338 INFO   [178CA9\2859C6] Restoring an earlier board that has the score of 959.69 (3 unrouted).
2026-10-02 14:13:18.339 INFO   [178CA9\2859C6] Auto-router pass #708 on board '49a9ec83ce9ea6e724482eae12597d32' was completed in 0.39 seconds with the score of 959.69 (3 unrouted), using 11399.31 CPU seconds and 129345 MB memory.
2026-10-02 14:13:18.559 INFO   [178CA9\2859C6] Auto-router pass #709 on board 'b3948285246ecb948bb3079f0626b1da' was completed in 0.21 seconds with the score of 970.87 (2 unrouted), using 11549.24 CPU seconds and 130280 MB memory.
2026-10-02 14:13:18.629 INFO   [178CA9\2859C6] Auto-router pass #710 on board '9eb5bdb0ab4c1d390724aa81fb249eef' was completed in 0.05 seconds with the score of 970.87 (2 unrouted), using 11549.24 CPU seconds and 130280 MB memory.
2026-10-02 14:13:18.671 INFO   [178CA9\2859C6] Auto-router pass #711 on board '9eb5bdb0ab4c1d390724aa81fb249eef' was completed in 0.03 seconds with the score of 970.87 (2 unrouted), using 11549.24 CPU seconds and 130280 MB memory.
2026-10-02 14:13:19.009 INFO   [178CA9\2859C6] Restoring an earlier board that has the score of 970.87 (2 unrouted).
2026-10-02 14:13:19.009 INFO   [178CA9\2859C6] Auto-router pass #712 on board '9eb5bdb0ab4c1d390724aa81fb249eef' was completed in 0.33 seconds with the score of 917.89 (7 unrouted), using 11549.24 CPU seconds and 130280 MB memory.
2026-10-02 14:13:19.302 INFO   [178CA9\2859C6] Auto-router pass #713 on board '9eb5bdb0ab4c1d390724aa81fb249eef' was completed in 0.29 seconds with the score of 959.69 (3 unrouted), using 11549.24 CPU seconds and 130280 MB memory.
2026-10-02 14:13:19.415 INFO   [178CA9\2859C6] Auto-router pass #714 on board '13ea965dfbff9abd62fca516a5061e36' was completed in 0.09 seconds with the score of 959.69 (3 unrouted), using 11549.24 CPU seconds and 130280 MB memory.
2026-10-02 14:13:19.469 INFO   [178CA9\2859C6] Auto-router pass #715 on board '13ea965dfbff9abd62fca516a5061e36' was completed in 0.05 seconds with the score of 959.69 (3 unrouted), using 11549.24 CPU seconds and 130280 MB memory.
2026-10-02 14:13:20.101 INFO   [178CA9\2859C6] Restoring an earlier board that has the score of 970.87 (2 unrouted).
2026-10-02 14:13:20.101 INFO   [178CA9\2859C6] Auto-router pass #716 on board '13ea965dfbff9abd62fca516a5061e36' was completed in 0.63 seconds with the score of 863.54 (9 unrouted), using 11700.12 CPU seconds and 131068 MB memory.
2026-10-02 14:13:20.358 INFO   [178CA9\2859C6] Auto-router pass #717 on board '9eb5bdb0ab4c1d390724aa81fb249eef' was completed in 0.25 seconds with the score of 959.69 (3 unrouted), using 11700.12 CPU seconds and 131068 MB memory.
2026-10-02 14:13:20.460 INFO   [178CA9\2859C6] Auto-router pass #718 on board '13ea965dfbff9abd62fca516a5061e36' was completed in 0.10 seconds with the score of 959.69 (3 unrouted), using 11700.12 CPU seconds and 131068 MB memory.
2026-10-02 14:13:20.523 INFO   [178CA9\2859C6] Auto-router pass #719 on board '13ea965dfbff9abd62fca516a5061e36' was completed in 0.06 seconds with the score of 959.69 (3 unrouted), using 11851.99 CPU seconds and 131814 MB memory.
2026-10-02 14:13:21.078 INFO   [178CA9\2859C6] Restoring an earlier board that has the score of 970.87 (2 unrouted).
2026-10-02 14:13:21.079 INFO   [178CA9\2859C6] Auto-router pass #720 on board '13ea965dfbff9abd62fca516a5061e36' was completed in 0.55 seconds with the score of 937.63 (5 unrouted), using 11851.99 CPU seconds and 131814 MB memory.
2026-10-02 14:13:21.331 INFO   [178CA9\2859C6] Auto-router pass #721 on board '9eb5bdb0ab4c1d390724aa81fb249eef' was completed in 0.25 seconds with the score of 959.69 (3 unrouted), using 11851.99 CPU seconds and 131814 MB memory.
2026-10-02 14:13:21.400 INFO   [178CA9\2859C6] Auto-router pass #722 on board '13ea965dfbff9abd62fca516a5061e36' was completed in 0.07 seconds with the score of 959.69 (3 unrouted), using 11851.99 CPU seconds and 131814 MB memory.
2026-10-02 14:13:21.450 INFO   [178CA9\2859C6] Auto-router pass #723 on board '13ea965dfbff9abd62fca516a5061e36' was completed in 0.04 seconds with the score of 959.69 (3 unrouted), using 11851.99 CPU seconds and 131814 MB memory.
2026-10-02 14:13:22.047 INFO   [178CA9\2859C6] Restoring an earlier board that has the score of 970.87 (2 unrouted).
2026-10-02 14:13:22.047 INFO   [178CA9\2859C6] Auto-router pass #724 on board '13ea965dfbff9abd62fca516a5061e36' was completed in 0.59 seconds with the score of 948.82 (4 unrouted), using 12004.84 CPU seconds and 132663 MB memory.
2026-10-02 14:13:22.273 INFO   [178CA9\2859C6] Auto-router pass #725 on board '9eb5bdb0ab4c1d390724aa81fb249eef' was completed in 0.22 seconds with the score of 959.69 (3 unrouted), using 12004.84 CPU seconds and 132663 MB memory.
2026-10-02 14:13:22.346 INFO   [178CA9\2859C6] Auto-router pass #726 on board '13ea965dfbff9abd62fca516a5061e36' was completed in 0.07 seconds with the score of 959.69 (3 unrouted), using 12004.84 CPU seconds and 132663 MB memory.
2026-10-02 14:13:22.397 INFO   [178CA9\2859C6] Auto-router pass #727 on board '13ea965dfbff9abd62fca516a5061e36' was completed in 0.05 seconds with the score of 959.69 (3 unrouted), using 12004.84 CPU seconds and 132663 MB memory.
2026-10-02 14:13:22.736 INFO   [178CA9\2859C6] Restoring an earlier board that has the score of 959.69 (3 unrouted).
2026-10-02 14:13:22.737 INFO   [178CA9\2859C6] Auto-router pass #728 on board '13ea965dfbff9abd62fca516a5061e36' was completed in 0.34 seconds with the score of 879.92 (8 unrouted), using 12158.67 CPU seconds and 133543 MB memory.
2026-10-02 14:13:22.909 INFO   [178CA9\2859C6] Auto-router pass #729 on board 'b3948285246ecb948bb3079f0626b1da' was completed in 0.17 seconds with the score of 959.69 (3 unrouted), using 12158.67 CPU seconds and 133543 MB memory.
2026-10-02 14:13:22.961 INFO   [178CA9\2859C6] Auto-router pass #730 on board 'b3948285246ecb948bb3079f0626b1da' was completed in 0.05 seconds with the score of 959.69 (3 unrouted), using 12158.67 CPU seconds and 133543 MB memory.
2026-10-02 14:13:23.009 INFO   [178CA9\2859C6] Auto-router pass #731 on board 'b3948285246ecb948bb3079f0626b1da' was completed in 0.04 seconds with the score of 959.69 (3 unrouted), using 12158.67 CPU seconds and 133543 MB memory.
2026-10-02 14:13:23.364 INFO   [178CA9\2859C6] Restoring an earlier board that has the score of 959.69 (3 unrouted).
2026-10-02 14:13:23.364 INFO   [178CA9\2859C6] Auto-router pass #732 on board 'b3948285246ecb948bb3079f0626b1da' was completed in 0.35 seconds with the score of 959.69 (3 unrouted), using 12158.67 CPU seconds and 133543 MB memory.
2026-10-02 14:13:23.628 INFO   [178CA9\2859C6] Auto-router pass #733 on board 'b3948285246ecb948bb3079f0626b1da' was completed in 0.26 seconds with the score of 959.69 (3 unrouted), using 12313.48 CPU seconds and 134495 MB memory.
2026-10-02 14:13:23.703 INFO   [178CA9\2859C6] Auto-router pass #734 on board 'e00c957b8acf0f21e46644a2e3ec174e' was completed in 0.06 seconds with the score of 959.69 (3 unrouted), using 12313.48 CPU seconds and 134495 MB memory.
2026-10-02 14:13:23.755 INFO   [178CA9\2859C6] Auto-router pass #735 on board 'e00c957b8acf0f21e46644a2e3ec174e' was completed in 0.04 seconds with the score of 959.69 (3 unrouted), using 12313.48 CPU seconds and 134495 MB memory.
2026-10-02 14:13:24.389 INFO   [178CA9\2859C6] Restoring an earlier board that has the score of 959.69 (3 unrouted).
2026-10-02 14:13:24.389 INFO   [178CA9\2859C6] Auto-router pass #736 on board 'e00c957b8acf0f21e46644a2e3ec174e' was completed in 0.63 seconds with the score of 948.82 (4 unrouted), using 12313.48 CPU seconds and 134495 MB memory.
2026-10-02 14:13:24.624 INFO   [178CA9\2859C6] Auto-router pass #737 on board 'b3948285246ecb948bb3079f0626b1da' was completed in 0.23 seconds with the score of 959.69 (3 unrouted), using 12469.28 CPU seconds and 135383 MB memory.
2026-10-02 14:13:24.692 INFO   [178CA9\2859C6] Auto-router pass #738 on board '13ea965dfbff9abd62fca516a5061e36' was completed in 0.06 seconds with the score of 959.69 (3 unrouted), using 12469.28 CPU seconds and 135383 MB memory.
2026-10-02 14:13:24.743 INFO   [178CA9\2859C6] Auto-router pass #739 on board '13ea965dfbff9abd62fca516a5061e36' was completed in 0.05 seconds with the score of 959.69 (3 unrouted), using 12469.28 CPU seconds and 135383 MB memory.
2026-10-02 14:13:25.060 INFO   [178CA9\2859C6] Restoring an earlier board that has the score of 959.69 (3 unrouted).
2026-10-02 14:13:25.060 INFO   [178CA9\2859C6] Auto-router pass #740 on board '13ea965dfbff9abd62fca516a5061e36' was completed in 0.31 seconds with the score of 944.80 (4 unrouted), using 12469.28 CPU seconds and 135383 MB memory.
2026-10-02 14:13:25.230 INFO   [178CA9\2859C6] Auto-router pass #741 on board '13ea965dfbff9abd62fca516a5061e36' was completed in 0.17 seconds with the score of 959.69 (3 unrouted), using 12469.28 CPU seconds and 135383 MB memory.
2026-10-02 14:13:25.277 INFO   [178CA9\2859C6] Auto-router pass #742 on board '13ea965dfbff9abd62fca516a5061e36' was completed in 0.04 seconds with the score of 959.69 (3 unrouted), using 12469.28 CPU seconds and 135383 MB memory.
2026-10-02 14:13:25.327 INFO   [178CA9\2859C6] Auto-router pass #743 on board '13ea965dfbff9abd62fca516a5061e36' was completed in 0.04 seconds with the score of 959.69 (3 unrouted), using 12469.28 CPU seconds and 135383 MB memory.
2026-10-02 14:13:25.680 INFO   [178CA9\2859C6] Restoring an earlier board that has the score of 959.69 (3 unrouted).
2026-10-02 14:13:25.681 INFO   [178CA9\2859C6] Auto-router pass #744 on board '13ea965dfbff9abd62fca516a5061e36' was completed in 0.35 seconds with the score of 970.87 (2 unrouted), using 12626.05 CPU seconds and 136339 MB memory.
2026-10-02 14:13:25.904 INFO   [178CA9\2859C6] Auto-router pass #745 on board '13ea965dfbff9abd62fca516a5061e36' was completed in 0.22 seconds with the score of 948.76 (4 unrouted), using 12626.05 CPU seconds and 136339 MB memory.
2026-10-02 14:13:25.997 INFO   [178CA9\2859C6] Auto-router pass #746 on board 'dc826e3304fe29b24a1d4e6ff0873c0c' was completed in 0.08 seconds with the score of 948.76 (4 unrouted), using 12626.05 CPU seconds and 136339 MB memory.
2026-10-02 14:13:26.057 INFO   [178CA9\2859C6] Auto-router pass #747 on board 'dc826e3304fe29b24a1d4e6ff0873c0c' was completed in 0.06 seconds with the score of 948.76 (4 unrouted), using 12626.05 CPU seconds and 136339 MB memory.
2026-10-02 14:13:26.436 INFO   [178CA9\2859C6] Restoring an earlier board that has the score of 959.69 (3 unrouted).
2026-10-02 14:13:26.436 INFO   [178CA9\2859C6] Auto-router pass #748 on board 'dc826e3304fe29b24a1d4e6ff0873c0c' was completed in 0.37 seconds with the score of 948.76 (4 unrouted), using 12626.05 CPU seconds and 136339 MB memory.
2026-10-02 14:13:26.676 INFO   [178CA9\2859C6] Auto-router pass #749 on board '13ea965dfbff9abd62fca516a5061e36' was completed in 0.23 seconds with the score of 959.69 (3 unrouted), using 12783.81 CPU seconds and 137363 MB memory.
2026-10-02 14:13:26.742 INFO   [178CA9\2859C6] Auto-router pass #750 on board '242ea635975e66ac26eadd4c4ed70834' was completed in 0.06 seconds with the score of 959.69 (3 unrouted), using 12783.81 CPU seconds and 137363 MB memory.
2026-10-02 14:13:26.782 INFO   [178CA9\2859C6] Auto-router pass #751 on board '242ea635975e66ac26eadd4c4ed70834' was completed in 0.04 seconds with the score of 959.69 (3 unrouted), using 12783.81 CPU seconds and 137363 MB memory.
2026-10-02 14:13:27.135 INFO   [178CA9\2859C6] Restoring an earlier board that has the score of 959.69 (3 unrouted).
2026-10-02 14:13:27.135 INFO   [178CA9\2859C6] Auto-router pass #752 on board '242ea635975e66ac26eadd4c4ed70834' was completed in 0.35 seconds with the score of 970.87 (2 unrouted), using 12783.81 CPU seconds and 137363 MB memory.
2026-10-02 14:13:27.292 INFO   [178CA9\2859C6] Auto-router pass #753 on board '13ea965dfbff9abd62fca516a5061e36' was completed in 0.15 seconds with the score of 959.69 (3 unrouted), using 12783.81 CPU seconds and 137363 MB memory.
2026-10-02 14:13:27.334 INFO   [178CA9\2859C6] Auto-router pass #754 on board '13ea965dfbff9abd62fca516a5061e36' was completed in 0.04 seconds with the score of 959.69 (3 unrouted), using 12783.81 CPU seconds and 137363 MB memory.
2026-10-02 14:13:27.372 INFO   [178CA9\2859C6] Auto-router pass #755 on board '13ea965dfbff9abd62fca516a5061e36' was completed in 0.03 seconds with the score of 959.69 (3 unrouted), using 12783.81 CPU seconds and 137363 MB memory.
2026-10-02 14:13:27.706 INFO   [178CA9\2859C6] Restoring an earlier board that has the score of 959.69 (3 unrouted).
2026-10-02 14:13:27.707 INFO   [178CA9\2859C6] Auto-router pass #756 on board '13ea965dfbff9abd62fca516a5061e36' was completed in 0.33 seconds with the score of 932.65 (5 unrouted), using 12942.55 CPU seconds and 138434 MB memory.
2026-10-02 14:13:27.943 INFO   [178CA9\2859C6] Auto-router pass #757 on board 'e00c957b8acf0f21e46644a2e3ec174e' was completed in 0.23 seconds with the score of 959.69 (3 unrouted), using 12942.55 CPU seconds and 138434 MB memory.
2026-10-02 14:13:28.014 INFO   [178CA9\2859C6] Auto-router pass #758 on board 'f22e715d168f2097054f3594582afc03' was completed in 0.06 seconds with the score of 959.69 (3 unrouted), using 12942.55 CPU seconds and 138434 MB memory.
2026-10-02 14:13:28.055 INFO   [178CA9\2859C6] Auto-router pass #759 on board 'f22e715d168f2097054f3594582afc03' was completed in 0.04 seconds with the score of 959.69 (3 unrouted), using 12942.55 CPU seconds and 138434 MB memory.
2026-10-02 14:13:28.453 INFO   [178CA9\2859C6] Restoring an earlier board that has the score of 959.69 (3 unrouted).
2026-10-02 14:13:28.453 INFO   [178CA9\2859C6] Auto-router pass #760 on board 'f22e715d168f2097054f3594582afc03' was completed in 0.39 seconds with the score of 942.93 (4 unrouted), using 12942.55 CPU seconds and 138434 MB memory.
2026-10-02 14:13:28.617 INFO   [178CA9\2859C6] Auto-router pass #761 on board 'e00c957b8acf0f21e46644a2e3ec174e' was completed in 0.16 seconds with the score of 970.87 (2 unrouted), using 13102.27 CPU seconds and 139382 MB memory.
2026-10-02 14:13:28.656 INFO   [178CA9\2859C6] Auto-router pass #762 on board '5e6349129253ec03095d719a1927a524' was completed in 0.03 seconds with the score of 970.87 (2 unrouted), using 13102.27 CPU seconds and 139382 MB memory.
2026-10-02 14:13:28.689 INFO   [178CA9\2859C6] Auto-router pass #763 on board '5e6349129253ec03095d719a1927a524' was completed in 0.03 seconds with the score of 970.87 (2 unrouted), using 13102.27 CPU seconds and 139382 MB memory.
2026-10-02 14:13:28.928 INFO   [178CA9\2859C6] Restoring an earlier board that has the score of 970.87 (2 unrouted).
2026-10-02 14:13:28.928 INFO   [178CA9\2859C6] Auto-router pass #764 on board '5e6349129253ec03095d719a1927a524' was completed in 0.23 seconds with the score of 900.39 (8 unrouted), using 13102.27 CPU seconds and 139382 MB memory.
2026-10-02 14:13:29.143 INFO   [178CA9\2859C6] Auto-router pass #765 on board '5e6349129253ec03095d719a1927a524' was completed in 0.21 seconds with the score of 959.69 (3 unrouted), using 13102.27 CPU seconds and 139382 MB memory.
2026-10-02 14:13:29.202 INFO   [178CA9\2859C6] Auto-router pass #766 on board 'f22e715d168f2097054f3594582afc03' was completed in 0.05 seconds with the score of 959.69 (3 unrouted), using 13102.27 CPU seconds and 139382 MB memory.
2026-10-02 14:13:29.243 INFO   [178CA9\2859C6] Auto-router pass #767 on board 'f22e715d168f2097054f3594582afc03' was completed in 0.04 seconds with the score of 959.69 (3 unrouted), using 13102.27 CPU seconds and 139382 MB memory.
2026-10-02 14:13:29.615 INFO   [178CA9\2859C6] Restoring an earlier board that has the score of 970.87 (2 unrouted).
2026-10-02 14:13:29.615 INFO   [178CA9\2859C6] Auto-router pass #768 on board 'f22e715d168f2097054f3594582afc03' was completed in 0.37 seconds with the score of 959.61 (3 unrouted), using 13262.97 CPU seconds and 140399 MB memory.
2026-10-02 14:13:29.812 INFO   [178CA9\2859C6] Auto-router pass #769 on board '5e6349129253ec03095d719a1927a524' was completed in 0.19 seconds with the score of 959.69 (3 unrouted), using 13262.97 CPU seconds and 140399 MB memory.
2026-10-02 14:13:29.870 INFO   [178CA9\2859C6] Auto-router pass #770 on board 'f22e715d168f2097054f3594582afc03' was completed in 0.05 seconds with the score of 959.69 (3 unrouted), using 13262.97 CPU seconds and 140399 MB memory.
2026-10-02 14:13:29.909 INFO   [178CA9\2859C6] Auto-router pass #771 on board 'f22e715d168f2097054f3594582afc03' was completed in 0.03 seconds with the score of 959.69 (3 unrouted), using 13262.97 CPU seconds and 140399 MB memory.
2026-10-02 14:13:30.054 INFO   [178CA9\2859C6] Restoring an earlier board that has the score of 970.87 (2 unrouted).
2026-10-02 14:13:30.054 INFO   [178CA9\2859C6] Auto-router pass #772 on board 'f22e715d168f2097054f3594582afc03' was completed in 0.14 seconds with the score of 915.38 (6 unrouted), using 13262.97 CPU seconds and 140399 MB memory.
2026-10-02 14:13:30.202 INFO   [178CA9\2859C6] Auto-router pass #773 on board '5e6349129253ec03095d719a1927a524' was completed in 0.14 seconds with the score of 970.87 (2 unrouted), using 13262.97 CPU seconds and 140399 MB memory.
2026-10-02 14:13:30.232 INFO   [178CA9\2859C6] Auto-router pass #774 on board '5e6349129253ec03095d719a1927a524' was completed in 0.03 seconds with the score of 970.87 (2 unrouted), using 13262.97 CPU seconds and 140399 MB memory.
2026-10-02 14:13:30.261 INFO   [178CA9\2859C6] Auto-router pass #775 on board '5e6349129253ec03095d719a1927a524' was completed in 0.03 seconds with the score of 970.87 (2 unrouted), using 13262.97 CPU seconds and 140399 MB memory.
2026-10-02 14:13:30.393 INFO   [178CA9\2859C6] Restoring an earlier board that has the score of 970.87 (2 unrouted).
2026-10-02 14:13:30.393 INFO   [178CA9\2859C6] Auto-router pass #776 on board '5e6349129253ec03095d719a1927a524' was completed in 0.13 seconds with the score of 917.81 (7 unrouted), using 13262.97 CPU seconds and 140399 MB memory.
2026-10-02 14:13:30.596 INFO   [178CA9\2859C6] Auto-router pass #777 on board '5e6349129253ec03095d719a1927a524' was completed in 0.20 seconds with the score of 959.69 (3 unrouted), using 13424.66 CPU seconds and 141514 MB memory.
2026-10-02 14:13:30.662 INFO   [178CA9\2859C6] Auto-router pass #778 on board 'f22e715d168f2097054f3594582afc03' was completed in 0.06 seconds with the score of 959.69 (3 unrouted), using 13424.66 CPU seconds and 141514 MB memory.
2026-10-02 14:13:30.702 INFO   [178CA9\2859C6] Auto-router pass #779 on board 'f22e715d168f2097054f3594582afc03' was completed in 0.04 seconds with the score of 959.69 (3 unrouted), using 13424.66 CPU seconds and 141514 MB memory.
2026-10-02 14:13:31.144 INFO   [178CA9\2859C6] Restoring an earlier board that has the score of 959.69 (3 unrouted).
2026-10-02 14:13:31.145 INFO   [178CA9\2859C6] Auto-router pass #780 on board 'f22e715d168f2097054f3594582afc03' was completed in 0.44 seconds with the score of 945.96 (4 unrouted), using 13424.66 CPU seconds and 141514 MB memory.
2026-10-02 14:13:31.343 INFO   [178CA9\2859C6] Auto-router pass #781 on board 'e00c957b8acf0f21e46644a2e3ec174e' was completed in 0.19 seconds with the score of 970.87 (2 unrouted), using 13424.66 CPU seconds and 141514 MB memory.
2026-10-02 14:13:31.387 INFO   [178CA9\2859C6] Auto-router pass #782 on board '87782d2fb90de78cc3d1681c1f639f40' was completed in 0.03 seconds with the score of 970.87 (2 unrouted), using 13424.66 CPU seconds and 141514 MB memory.
2026-10-02 14:13:31.422 INFO   [178CA9\2859C6] Auto-router pass #783 on board '87782d2fb90de78cc3d1681c1f639f40' was completed in 0.03 seconds with the score of 970.87 (2 unrouted), using 13424.66 CPU seconds and 141514 MB memory.
2026-10-02 14:13:31.802 ERROR  AutorouteEngine.autoroute_connection: Exception in maze_search_algo.find_connection
java.lang.ArrayIndexOutOfBoundsException: null
2026-10-02 14:13:31.802 ERROR  AutorouteEngine.autoroute_connection: Exception in maze_search_algo.find_connection
java.lang.ArrayIndexOutOfBoundsException: null
2026-10-02 14:13:31.817 INFO   [178CA9\2859C6] Restoring an earlier board that has the score of 970.87 (2 unrouted).
2026-10-02 14:13:31.817 INFO   [178CA9\2859C6] Auto-router pass #784 on board '87782d2fb90de78cc3d1681c1f639f40' was completed in 0.39 seconds with the score of 932.72 (5 unrouted), using 13587.33 CPU seconds and 142504 MB memory.
2026-10-02 14:13:32.081 INFO   [178CA9\2859C6] Auto-router pass #785 on board '87782d2fb90de78cc3d1681c1f639f40' was completed in 0.26 seconds with the score of 959.69 (3 unrouted), using 13587.33 CPU seconds and 142504 MB memory.
2026-10-02 14:13:32.171 INFO   [178CA9\2859C6] Auto-router pass #786 on board '9ecd6a98c1cdbe3548a08bc06f27ca3f' was completed in 0.07 seconds with the score of 959.69 (3 unrouted), using 13587.33 CPU seconds and 142504 MB memory.
2026-10-02 14:13:32.214 INFO   [178CA9\2859C6] Auto-router pass #787 on board '9ecd6a98c1cdbe3548a08bc06f27ca3f' was completed in 0.04 seconds with the score of 959.69 (3 unrouted), using 13587.33 CPU seconds and 142504 MB memory.
2026-10-02 14:13:32.358 INFO   [178CA9\2859C6] Restoring an earlier board that has the score of 970.87 (2 unrouted).
2026-10-02 14:13:32.358 INFO   [178CA9\2859C6] Auto-router pass #788 on board '9ecd6a98c1cdbe3548a08bc06f27ca3f' was completed in 0.14 seconds with the score of 961.88 (3 unrouted), using 13587.33 CPU seconds and 142504 MB memory.
2026-10-02 14:13:32.513 INFO   [178CA9\2859C6] Auto-router pass #789 on board '87782d2fb90de78cc3d1681c1f639f40' was completed in 0.15 seconds with the score of 970.87 (2 unrouted), using 13750.97 CPU seconds and 143451 MB memory.
2026-10-02 14:13:32.544 INFO   [178CA9\2859C6] Auto-router pass #790 on board '87782d2fb90de78cc3d1681c1f639f40' was completed in 0.03 seconds with the score of 970.87 (2 unrouted), using 13750.97 CPU seconds and 143451 MB memory.
2026-10-02 14:13:32.575 INFO   [178CA9\2859C6] Auto-router pass #791 on board '87782d2fb90de78cc3d1681c1f639f40' was completed in 0.03 seconds with the score of 970.87 (2 unrouted), using 13750.97 CPU seconds and 143451 MB memory.
2026-10-02 14:13:32.964 INFO   [178CA9\2859C6] Restoring an earlier board that has the score of 970.87 (2 unrouted).
2026-10-02 14:13:32.964 INFO   [178CA9\2859C6] Auto-router pass #792 on board '87782d2fb90de78cc3d1681c1f639f40' was completed in 0.38 seconds with the score of 932.72 (5 unrouted), using 13750.97 CPU seconds and 143451 MB memory.
2026-10-02 14:13:33.176 INFO   [178CA9\2859C6] Auto-router pass #793 on board '87782d2fb90de78cc3d1681c1f639f40' was completed in 0.21 seconds with the score of 959.69 (3 unrouted), using 13750.97 CPU seconds and 143451 MB memory.
2026-10-02 14:13:33.237 INFO   [178CA9\2859C6] Auto-router pass #794 on board '9ecd6a98c1cdbe3548a08bc06f27ca3f' was completed in 0.06 seconds with the score of 959.69 (3 unrouted), using 13750.97 CPU seconds and 143451 MB memory.
2026-10-02 14:13:33.278 INFO   [178CA9\2859C6] Auto-router pass #795 on board '9ecd6a98c1cdbe3548a08bc06f27ca3f' was completed in 0.04 seconds with the score of 959.69 (3 unrouted), using 13750.97 CPU seconds and 143451 MB memory.
2026-10-02 14:13:33.778 INFO   [178CA9\2859C6] Restoring an earlier board that has the score of 970.87 (2 unrouted).
2026-10-02 14:13:33.778 INFO   [178CA9\2859C6] Auto-router pass #796 on board '9ecd6a98c1cdbe3548a08bc06f27ca3f' was completed in 0.49 seconds with the score of 959.69 (3 unrouted), using 13915.60 CPU seconds and 144379 MB memory.
2026-10-02 14:13:33.938 INFO   [178CA9\2859C6] Auto-router pass #797 on board '87782d2fb90de78cc3d1681c1f639f40' was completed in 0.15 seconds with the score of 970.87 (2 unrouted), using 13915.60 CPU seconds and 144379 MB memory.
2026-10-02 14:13:33.971 INFO   [178CA9\2859C6] Auto-router pass #798 on board '87782d2fb90de78cc3d1681c1f639f40' was completed in 0.03 seconds with the score of 970.87 (2 unrouted), using 13915.60 CPU seconds and 144379 MB memory.
2026-10-02 14:13:34.003 INFO   [178CA9\2859C6] Auto-router pass #799 on board '87782d2fb90de78cc3d1681c1f639f40' was completed in 0.03 seconds with the score of 970.87 (2 unrouted), using 13915.60 CPU seconds and 144379 MB memory.
2026-10-02 14:13:34.294 INFO   [178CA9\2859C6] Restoring an earlier board that has the score of 959.69 (3 unrouted).
2026-10-02 14:13:34.295 INFO   [178CA9\2859C6] Auto-router pass #800 on board '87782d2fb90de78cc3d1681c1f639f40' was completed in 0.29 seconds with the score of 932.72 (5 unrouted), using 13915.60 CPU seconds and 144379 MB memory.
2026-10-02 14:13:34.618 INFO   [178CA9\2859C6] Auto-router pass #801 on board 'e00c957b8acf0f21e46644a2e3ec174e' was completed in 0.32 seconds with the score of 954.22 (3 unrouted), using 14081.21 CPU seconds and 145225 MB memory.
2026-10-02 14:13:34.692 INFO   [178CA9\2859C6] Auto-router pass #802 on board '8070a82e481175dda54541e7cf992b9f' was completed in 0.06 seconds with the score of 954.22 (3 unrouted), using 14081.21 CPU seconds and 145225 MB memory.
2026-10-02 14:13:34.740 INFO   [178CA9\2859C6] Auto-router pass #803 on board '8070a82e481175dda54541e7cf992b9f' was completed in 0.04 seconds with the score of 954.22 (3 unrouted), using 14081.21 CPU seconds and 145225 MB memory.
2026-10-02 14:13:35.164 INFO   [178CA9\2859C6] Restoring an earlier board that has the score of 959.69 (3 unrouted).
2026-10-02 14:13:35.164 INFO   [178CA9\2859C6] Auto-router pass #804 on board '8070a82e481175dda54541e7cf992b9f' was completed in 0.42 seconds with the score of 908.22 (6 unrouted), using 14081.21 CPU seconds and 145225 MB memory.
2026-10-02 14:13:35.320 INFO   [178CA9\2859C6] Auto-router pass #805 on board '242ea635975e66ac26eadd4c4ed70834' was completed in 0.15 seconds with the score of 959.69 (3 unrouted), using 14081.21 CPU seconds and 145225 MB memory.
2026-10-02 14:13:35.361 INFO   [178CA9\2859C6] Auto-router pass #806 on board '242ea635975e66ac26eadd4c4ed70834' was completed in 0.04 seconds with the score of 959.69 (3 unrouted), using 14081.21 CPU seconds and 145225 MB memory.
2026-10-02 14:13:35.399 INFO   [178CA9\2859C6] Auto-router pass #807 on board '242ea635975e66ac26eadd4c4ed70834' was completed in 0.03 seconds with the score of 959.69 (3 unrouted), using 14081.21 CPU seconds and 145225 MB memory.
2026-10-02 14:13:35.725 INFO   [178CA9\2859C6] Restoring an earlier board that has the score of 959.69 (3 unrouted).
2026-10-02 14:13:35.725 INFO   [178CA9\2859C6] Auto-router pass #808 on board '242ea635975e66ac26eadd4c4ed70834' was completed in 0.32 seconds with the score of 955.31 (3 unrouted), using 14247.80 CPU seconds and 146096 MB memory.
2026-10-02 14:13:35.903 INFO   [178CA9\2859C6] Auto-router pass #809 on board '242ea635975e66ac26eadd4c4ed70834' was completed in 0.17 seconds with the score of 959.69 (3 unrouted), using 14247.80 CPU seconds and 146096 MB memory.
2026-10-02 14:13:35.945 INFO   [178CA9\2859C6] Auto-router pass #810 on board '242ea635975e66ac26eadd4c4ed70834' was completed in 0.04 seconds with the score of 959.69 (3 unrouted), using 14247.80 CPU seconds and 146096 MB memory.
2026-10-02 14:13:35.986 INFO   [178CA9\2859C6] Auto-router pass #811 on board '242ea635975e66ac26eadd4c4ed70834' was completed in 0.04 seconds with the score of 959.69 (3 unrouted), using 14247.80 CPU seconds and 146096 MB memory.
2026-10-02 14:13:36.300 INFO   [178CA9\2859C6] Restoring an earlier board that has the score of 959.69 (3 unrouted).
2026-10-02 14:13:36.300 INFO   [178CA9\2859C6] Auto-router pass #812 on board '242ea635975e66ac26eadd4c4ed70834' was completed in 0.31 seconds with the score of 879.92 (8 unrouted), using 14247.80 CPU seconds and 146096 MB memory.
2026-10-02 14:13:36.541 INFO   [178CA9\2859C6] Auto-router pass #813 on board '242ea635975e66ac26eadd4c4ed70834' was completed in 0.24 seconds with the score of 959.69 (3 unrouted), using 14415.38 CPU seconds and 147129 MB memory.
2026-10-02 14:13:36.606 INFO   [178CA9\2859C6] Auto-router pass #814 on board 'ac43de4b15b20b5db838f335f8f97904' was completed in 0.05 seconds with the score of 959.69 (3 unrouted), using 14415.38 CPU seconds and 147129 MB memory.
2026-10-02 14:13:36.646 INFO   [178CA9\2859C6] Auto-router pass #815 on board 'ac43de4b15b20b5db838f335f8f97904' was completed in 0.04 seconds with the score of 959.69 (3 unrouted), using 14415.38 CPU seconds and 147129 MB memory.
2026-10-02 14:13:36.988 INFO   [178CA9\2859C6] Restoring an earlier board that has the score of 959.69 (3 unrouted).
2026-10-02 14:13:36.988 INFO   [178CA9\2859C6] Auto-router pass #816 on board 'ac43de4b15b20b5db838f335f8f97904' was completed in 0.34 seconds with the score of 951.47 (3 unrouted), using 14415.38 CPU seconds and 147129 MB memory.
2026-10-02 14:13:37.230 INFO   [178CA9\2859C6] Auto-router pass #817 on board '242ea635975e66ac26eadd4c4ed70834' was completed in 0.24 seconds with the score of 950.62 (3 unrouted), using 14415.38 CPU seconds and 147129 MB memory.
2026-10-02 14:13:37.303 INFO   [178CA9\2859C6] Auto-router pass #818 on board '866c9038d61f005f8e2056f74ec5cb79' was completed in 0.06 seconds with the score of 950.62 (3 unrouted), using 14415.38 CPU seconds and 147129 MB memory.
2026-10-02 14:13:37.343 INFO   [178CA9\2859C6] Auto-router pass #819 on board '866c9038d61f005f8e2056f74ec5cb79' was completed in 0.04 seconds with the score of 950.62 (3 unrouted), using 14415.38 CPU seconds and 147129 MB memory.
2026-10-02 14:13:37.990 INFO   [178CA9\2859C6] Restoring an earlier board that has the score of 959.69 (3 unrouted).
2026-10-02 14:13:37.990 INFO   [178CA9\2859C6] Auto-router pass #820 on board '866c9038d61f005f8e2056f74ec5cb79' was completed in 0.64 seconds with the score of 928.96 (5 unrouted), using 14583.93 CPU seconds and 148113 MB memory.
2026-10-02 14:13:38.232 INFO   [178CA9\2859C6] Auto-router pass #821 on board 'f22e715d168f2097054f3594582afc03' was completed in 0.24 seconds with the score of 959.69 (3 unrouted), using 14583.93 CPU seconds and 148113 MB memory.
2026-10-02 14:13:38.295 INFO   [178CA9\2859C6] Auto-router pass #822 on board '2ca30d705cc306bd652268ac282a9a73' was completed in 0.05 seconds with the score of 959.69 (3 unrouted), using 14583.93 CPU seconds and 148113 MB memory.
2026-10-02 14:13:38.336 INFO   [178CA9\2859C6] Auto-router pass #823 on board '2ca30d705cc306bd652268ac282a9a73' was completed in 0.04 seconds with the score of 959.69 (3 unrouted), using 14583.93 CPU seconds and 148113 MB memory.
2026-10-02 14:13:38.657 INFO   [178CA9\2859C6] Restoring an earlier board that has the score of 959.69 (3 unrouted).
2026-10-02 14:13:38.657 INFO   [178CA9\2859C6] Auto-router pass #824 on board '2ca30d705cc306bd652268ac282a9a73' was completed in 0.32 seconds with the score of 894.66 (8 unrouted), using 14753.47 CPU seconds and 149121 MB memory.
2026-10-02 14:13:38.926 INFO   [178CA9\2859C6] Auto-router pass #825 on board 'f22e715d168f2097054f3594582afc03' was completed in 0.26 seconds with the score of 959.69 (3 unrouted), using 14753.47 CPU seconds and 149121 MB memory.
2026-10-02 14:13:39.022 INFO   [178CA9\2859C6] Auto-router pass #826 on board '2ca30d705cc306bd652268ac282a9a73' was completed in 0.09 seconds with the score of 959.69 (3 unrouted), using 14753.47 CPU seconds and 149121 MB memory.
2026-10-02 14:13:39.091 INFO   [178CA9\2859C6] Auto-router pass #827 on board '2ca30d705cc306bd652268ac282a9a73' was completed in 0.06 seconds with the score of 959.69 (3 unrouted), using 14753.47 CPU seconds and 149121 MB memory.
2026-10-02 14:13:39.550 INFO   [178CA9\2859C6] Restoring an earlier board that has the score of 959.69 (3 unrouted).
2026-10-02 14:13:39.550 INFO   [178CA9\2859C6] Auto-router pass #828 on board '2ca30d705cc306bd652268ac282a9a73' was completed in 0.45 seconds with the score of 959.69 (3 unrouted), using 14923.99 CPU seconds and 149938 MB memory.
2026-10-02 14:13:39.781 INFO   [178CA9\2859C6] Auto-router pass #829 on board 'f22e715d168f2097054f3594582afc03' was completed in 0.23 seconds with the score of 954.22 (3 unrouted), using 14923.99 CPU seconds and 149938 MB memory.
2026-10-02 14:13:39.854 INFO   [178CA9\2859C6] Auto-router pass #830 on board 'ee4a3621e5137e1b450eede25d0eb8f9' was completed in 0.06 seconds with the score of 954.22 (3 unrouted), using 14923.99 CPU seconds and 149938 MB memory.
2026-10-02 14:13:39.896 INFO   [178CA9\2859C6] Auto-router pass #831 on board 'ee4a3621e5137e1b450eede25d0eb8f9' was completed in 0.04 seconds with the score of 954.22 (3 unrouted), using 14923.99 CPU seconds and 149938 MB memory.
2026-10-02 14:13:40.059 INFO   [178CA9\2859C6] Restoring an earlier board that has the score of 959.69 (3 unrouted).
2026-10-02 14:13:40.060 INFO   [178CA9\2859C6] Auto-router pass #832 on board 'ee4a3621e5137e1b450eede25d0eb8f9' was completed in 0.16 seconds with the score of 933.95 (4 unrouted), using 14923.99 CPU seconds and 149938 MB memory.
2026-10-02 14:13:40.231 INFO   [178CA9\2859C6] Auto-router pass #833 on board 'f22e715d168f2097054f3594582afc03' was completed in 0.17 seconds with the score of 959.69 (3 unrouted), using 14923.99 CPU seconds and 149938 MB memory.
2026-10-02 14:13:40.276 INFO   [178CA9\2859C6] Auto-router pass #834 on board 'f22e715d168f2097054f3594582afc03' was completed in 0.04 seconds with the score of 959.69 (3 unrouted), using 14923.99 CPU seconds and 149938 MB memory.
2026-10-02 14:13:40.319 INFO   [178CA9\2859C6] Auto-router pass #835 on board 'f22e715d168f2097054f3594582afc03' was completed in 0.04 seconds with the score of 959.69 (3 unrouted), using 14923.99 CPU seconds and 149938 MB memory.
2026-10-02 14:13:40.472 INFO   [178CA9\2859C6] Restoring an earlier board that has the score of 959.69 (3 unrouted).
2026-10-02 14:13:40.472 INFO   [178CA9\2859C6] Auto-router pass #836 on board 'f22e715d168f2097054f3594582afc03' was completed in 0.15 seconds with the score of 961.88 (3 unrouted), using 14923.99 CPU seconds and 149938 MB memory.
2026-10-02 14:13:40.667 INFO   [178CA9\2859C6] Auto-router pass #837 on board '9ecd6a98c1cdbe3548a08bc06f27ca3f' was completed in 0.19 seconds with the score of 959.69 (3 unrouted), using 15095.50 CPU seconds and 150968 MB memory.
2026-10-02 14:13:40.714 INFO   [178CA9\2859C6] Auto-router pass #838 on board '9ecd6a98c1cdbe3548a08bc06f27ca3f' was completed in 0.04 seconds with the score of 959.69 (3 unrouted), using 15095.50 CPU seconds and 150968 MB memory.
2026-10-02 14:13:40.756 INFO   [178CA9\2859C6] Auto-router pass #839 on board '9ecd6a98c1cdbe3548a08bc06f27ca3f' was completed in 0.04 seconds with the score of 959.69 (3 unrouted), using 15095.50 CPU seconds and 150968 MB memory.
2026-10-02 14:13:41.199 INFO   [178CA9\2859C6] Restoring an earlier board that has the score of 959.69 (3 unrouted).
2026-10-02 14:13:41.199 INFO   [178CA9\2859C6] Auto-router pass #840 on board '9ecd6a98c1cdbe3548a08bc06f27ca3f' was completed in 0.44 seconds with the score of 959.61 (3 unrouted), using 15095.50 CPU seconds and 150968 MB memory.
2026-10-02 14:13:41.371 INFO   [178CA9\2859C6] Auto-router pass #841 on board '9ecd6a98c1cdbe3548a08bc06f27ca3f' was completed in 0.17 seconds with the score of 959.69 (3 unrouted), using 15095.50 CPU seconds and 150968 MB memory.
2026-10-02 14:13:41.416 INFO   [178CA9\2859C6] Auto-router pass #842 on board '9ecd6a98c1cdbe3548a08bc06f27ca3f' was completed in 0.04 seconds with the score of 959.69 (3 unrouted), using 15095.50 CPU seconds and 150968 MB memory.
2026-10-02 14:13:41.458 INFO   [178CA9\2859C6] Auto-router pass #843 on board '9ecd6a98c1cdbe3548a08bc06f27ca3f' was completed in 0.04 seconds with the score of 959.69 (3 unrouted), using 15095.50 CPU seconds and 150968 MB memory.
2026-10-02 14:13:41.887 INFO   [178CA9\2859C6] Restoring an earlier board that has the score of 959.69 (3 unrouted).
2026-10-02 14:13:41.887 INFO   [178CA9\2859C6] Auto-router pass #844 on board '9ecd6a98c1cdbe3548a08bc06f27ca3f' was completed in 0.42 seconds with the score of 942.93 (4 unrouted), using 15267.99 CPU seconds and 151901 MB memory.
2026-10-02 14:13:42.108 INFO   [178CA9\2859C6] Auto-router pass #845 on board '9ecd6a98c1cdbe3548a08bc06f27ca3f' was completed in 0.22 seconds with the score of 954.22 (3 unrouted), using 15267.99 CPU seconds and 151901 MB memory.
2026-10-02 14:13:42.186 INFO   [178CA9\2859C6] Auto-router pass #846 on board 'f6bc5e618498a8aab7e29c9f467a24bf' was completed in 0.06 seconds with the score of 954.22 (3 unrouted), using 15267.99 CPU seconds and 151901 MB memory.
2026-10-02 14:13:42.229 INFO   [178CA9\2859C6] Auto-router pass #847 on board 'f6bc5e618498a8aab7e29c9f467a24bf' was completed in 0.04 seconds with the score of 954.22 (3 unrouted), using 15267.99 CPU seconds and 151901 MB memory.
2026-10-02 14:13:42.603 INFO   [178CA9\2859C6] Restoring an earlier board that has the score of 959.69 (3 unrouted).
2026-10-02 14:13:42.603 INFO   [178CA9\2859C6] Auto-router pass #848 on board 'f6bc5e618498a8aab7e29c9f467a24bf' was completed in 0.37 seconds with the score of 919.30 (5 unrouted), using 15441.47 CPU seconds and 152794 MB memory.
2026-10-02 14:13:42.767 INFO   [178CA9\2859C6] Auto-router pass #849 on board '9ecd6a98c1cdbe3548a08bc06f27ca3f' was completed in 0.16 seconds with the score of 970.87 (2 unrouted), using 15441.47 CPU seconds and 152794 MB memory.
2026-10-02 14:13:42.804 INFO   [178CA9\2859C6] Auto-router pass #850 on board '34614428e9fbee63f9ba370e0d7cf19e' was completed in 0.03 seconds with the score of 970.87 (2 unrouted), using 15441.47 CPU seconds and 152794 MB memory.
2026-10-02 14:13:42.834 INFO   [178CA9\2859C6] Auto-router pass #851 on board '34614428e9fbee63f9ba370e0d7cf19e' was completed in 0.03 seconds with the score of 970.87 (2 unrouted), using 15441.47 CPU seconds and 152794 MB memory.
2026-10-02 14:13:43.149 INFO   [178CA9\2859C6] Restoring an earlier board that has the score of 970.87 (2 unrouted).
2026-10-02 14:13:43.149 INFO   [178CA9\2859C6] Auto-router pass #852 on board '34614428e9fbee63f9ba370e0d7cf19e' was completed in 0.31 seconds with the score of 917.89 (7 unrouted), using 15441.47 CPU seconds and 152794 MB memory.
2026-10-02 14:13:43.351 INFO   [178CA9\2859C6] Auto-router pass #853 on board '34614428e9fbee63f9ba370e0d7cf19e' was completed in 0.20 seconds with the score of 959.69 (3 unrouted), using 15441.47 CPU seconds and 152794 MB memory.
2026-10-02 14:13:43.417 INFO   [178CA9\2859C6] Auto-router pass #854 on board 'cea24da4461f02cef29f8a72a8fa752e' was completed in 0.06 seconds with the score of 959.69 (3 unrouted), using 15441.47 CPU seconds and 152794 MB memory.
2026-10-02 14:13:43.456 INFO   [178CA9\2859C6] Auto-router pass #855 on board 'cea24da4461f02cef29f8a72a8fa752e' was completed in 0.04 seconds with the score of 959.69 (3 unrouted), using 15441.47 CPU seconds and 152794 MB memory.
2026-10-02 14:13:43.690 INFO   [178CA9\2859C6] Restoring an earlier board that has the score of 970.87 (2 unrouted).
2026-10-02 14:13:43.690 INFO   [178CA9\2859C6] Auto-router pass #856 on board 'cea24da4461f02cef29f8a72a8fa752e' was completed in 0.23 seconds with the score of 942.54 (4 unrouted), using 15615.93 CPU seconds and 153881 MB memory.
2026-10-02 14:13:43.894 INFO   [178CA9\2859C6] Auto-router pass #857 on board '34614428e9fbee63f9ba370e0d7cf19e' was completed in 0.20 seconds with the score of 959.69 (3 unrouted), using 15615.93 CPU seconds and 153881 MB memory.
2026-10-02 14:13:43.956 INFO   [178CA9\2859C6] Auto-router pass #858 on board 'cea24da4461f02cef29f8a72a8fa752e' was completed in 0.06 seconds with the score of 959.69 (3 unrouted), using 15615.93 CPU seconds and 153881 MB memory.
2026-10-02 14:13:43.996 INFO   [178CA9\2859C6] Auto-router pass #859 on board 'cea24da4461f02cef29f8a72a8fa752e' was completed in 0.04 seconds with the score of 959.69 (3 unrouted), using 15615.93 CPU seconds and 153881 MB memory.
2026-10-02 14:13:44.485 INFO   [178CA9\2859C6] Restoring an earlier board that has the score of 970.87 (2 unrouted).
2026-10-02 14:13:44.485 INFO   [178CA9\2859C6] Auto-router pass #860 on board 'cea24da4461f02cef29f8a72a8fa752e' was completed in 0.48 seconds with the score of 954.22 (3 unrouted), using 15615.93 CPU seconds and 153881 MB memory.
2026-10-02 14:13:44.689 INFO   [178CA9\2859C6] Auto-router pass #861 on board '34614428e9fbee63f9ba370e0d7cf19e' was completed in 0.20 seconds with the score of 959.69 (3 unrouted), using 15791.38 CPU seconds and 154864 MB memory.
2026-10-02 14:13:44.751 INFO   [178CA9\2859C6] Auto-router pass #862 on board 'cea24da4461f02cef29f8a72a8fa752e' was completed in 0.06 seconds with the score of 959.69 (3 unrouted), using 15791.38 CPU seconds and 154864 MB memory.
2026-10-02 14:13:44.791 INFO   [178CA9\2859C6] Auto-router pass #863 on board 'cea24da4461f02cef29f8a72a8fa752e' was completed in 0.04 seconds with the score of 959.69 (3 unrouted), using 15791.38 CPU seconds and 154864 MB memory.
2026-10-02 14:13:45.101 INFO   [178CA9\2859C6] Restoring an earlier board that has the score of 970.87 (2 unrouted).
2026-10-02 14:13:45.102 INFO   [178CA9\2859C6] Auto-router pass #864 on board 'cea24da4461f02cef29f8a72a8fa752e' was completed in 0.31 seconds with the score of 961.94 (3 unrouted), using 15791.38 CPU seconds and 154864 MB memory.
2026-10-02 14:13:45.249 INFO   [178CA9\2859C6] Auto-router pass #865 on board '34614428e9fbee63f9ba370e0d7cf19e' was completed in 0.14 seconds with the score of 970.87 (2 unrouted), using 15791.38 CPU seconds and 154864 MB memory.
2026-10-02 14:13:45.281 INFO   [178CA9\2859C6] Auto-router pass #866 on board '34614428e9fbee63f9ba370e0d7cf19e' was completed in 0.03 seconds with the score of 970.87 (2 unrouted), using 15791.38 CPU seconds and 154864 MB memory.
2026-10-02 14:13:45.312 INFO   [178CA9\2859C6] Auto-router pass #867 on board '34614428e9fbee63f9ba370e0d7cf19e' was completed in 0.03 seconds with the score of 970.87 (2 unrouted), using 15791.38 CPU seconds and 154864 MB memory.
2026-10-02 14:13:45.445 INFO   [178CA9\2859C6] Restoring an earlier board that has the score of 959.69 (3 unrouted).
2026-10-02 14:13:45.446 INFO   [178CA9\2859C6] Auto-router pass #868 on board '34614428e9fbee63f9ba370e0d7cf19e' was completed in 0.13 seconds with the score of 917.89 (7 unrouted), using 15791.38 CPU seconds and 154864 MB memory.
2026-10-02 14:13:45.684 INFO   [178CA9\2859C6] Auto-router pass #869 on board 'ac43de4b15b20b5db838f335f8f97904' was completed in 0.23 seconds with the score of 954.22 (3 unrouted), using 15967.81 CPU seconds and 155938 MB memory.
2026-10-02 14:13:45.755 INFO   [178CA9\2859C6] Auto-router pass #870 on board '058d1aa98e0bf641212d338647e57665' was completed in 0.06 seconds with the score of 954.22 (3 unrouted), using 15967.81 CPU seconds and 155938 MB memory.
2026-10-02 14:13:45.793 INFO   [178CA9\2859C6] Auto-router pass #871 on board '058d1aa98e0bf641212d338647e57665' was completed in 0.03 seconds with the score of 954.22 (3 unrouted), using 15967.81 CPU seconds and 155938 MB memory.
2026-10-02 14:13:46.090 INFO   [178CA9\2859C6] Restoring an earlier board that has the score of 959.69 (3 unrouted).
2026-10-02 14:13:46.090 INFO   [178CA9\2859C6] Auto-router pass #872 on board '058d1aa98e0bf641212d338647e57665' was completed in 0.29 seconds with the score of 955.99 (3 unrouted), using 15967.81 CPU seconds and 155938 MB memory.
2026-10-02 14:13:46.323 INFO   [178CA9\2859C6] Auto-router pass #873 on board 'ac43de4b15b20b5db838f335f8f97904' was completed in 0.23 seconds with the score of 948.76 (4 unrouted), using 15967.81 CPU seconds and 155938 MB memory.
2026-10-02 14:13:46.417 INFO   [178CA9\2859C6] Auto-router pass #874 on board '43c24cfcfde54475751cbcc799f0fa59' was completed in 0.08 seconds with the score of 948.76 (4 unrouted), using 15967.81 CPU seconds and 155938 MB memory.
2026-10-02 14:13:46.466 INFO   [178CA9\2859C6] Auto-router pass #875 on board '43c24cfcfde54475751cbcc799f0fa59' was completed in 0.04 seconds with the score of 948.76 (4 unrouted), using 15967.81 CPU seconds and 155938 MB memory.
2026-10-02 14:13:46.854 INFO   [178CA9\2859C6] Restoring an earlier board that has the score of 959.69 (3 unrouted).
2026-10-02 14:13:46.854 INFO   [178CA9\2859C6] Auto-router pass #876 on board '43c24cfcfde54475751cbcc799f0fa59' was completed in 0.38 seconds with the score of 928.16 (5 unrouted), using 16145.23 CPU seconds and 157050 MB memory.
2026-10-02 14:13:47.020 INFO   [178CA9\2859C6] Auto-router pass #877 on board 'ac43de4b15b20b5db838f335f8f97904' was completed in 0.16 seconds with the score of 959.69 (3 unrouted), using 16145.23 CPU seconds and 157050 MB memory.
2026-10-02 14:13:47.059 INFO   [178CA9\2859C6] Auto-router pass #878 on board 'ac43de4b15b20b5db838f335f8f97904' was completed in 0.04 seconds with the score of 959.69 (3 unrouted), using 16145.23 CPU seconds and 157050 MB memory.
2026-10-02 14:13:47.100 INFO   [178CA9\2859C6] Auto-router pass #879 on board 'ac43de4b15b20b5db838f335f8f97904' was completed in 0.04 seconds with the score of 959.69 (3 unrouted), using 16145.23 CPU seconds and 157050 MB memory.
2026-10-02 14:13:47.295 INFO   [178CA9\2859C6] Restoring an earlier board that has the score of 959.69 (3 unrouted).
2026-10-02 14:13:47.295 INFO   [178CA9\2859C6] Auto-router pass #880 on board 'ac43de4b15b20b5db838f335f8f97904' was completed in 0.19 seconds with the score of 961.88 (3 unrouted), using 16145.23 CPU seconds and 157050 MB memory.
2026-10-02 14:13:47.507 INFO   [178CA9\2859C6] Auto-router pass #881 on board 'ac43de4b15b20b5db838f335f8f97904' was completed in 0.21 seconds with the score of 954.22 (3 unrouted), using 16145.23 CPU seconds and 157050 MB memory.
2026-10-02 14:13:47.577 INFO   [178CA9\2859C6] Auto-router pass #882 on board 'c9ae39da0eae13de9d9d089038b14365' was completed in 0.06 seconds with the score of 954.22 (3 unrouted), using 16323.63 CPU seconds and 158069 MB memory.
2026-10-02 14:13:47.617 INFO   [178CA9\2859C6] Auto-router pass #883 on board 'c9ae39da0eae13de9d9d089038b14365' was completed in 0.04 seconds with the score of 954.22 (3 unrouted), using 16323.63 CPU seconds and 158069 MB memory.
2026-10-02 14:13:48.025 INFO   [178CA9\2859C6] Restoring an earlier board that has the score of 959.69 (3 unrouted).
2026-10-02 14:13:48.026 INFO   [178CA9\2859C6] Auto-router pass #884 on board 'c9ae39da0eae13de9d9d089038b14365' was completed in 0.40 seconds with the score of 938.97 (4 unrouted), using 16323.63 CPU seconds and 158069 MB memory.
2026-10-02 14:13:48.261 INFO   [178CA9\2859C6] Auto-router pass #885 on board '2ca30d705cc306bd652268ac282a9a73' was completed in 0.23 seconds with the score of 948.76 (4 unrouted), using 16323.63 CPU seconds and 158069 MB memory.
2026-10-02 14:13:48.357 INFO   [178CA9\2859C6] Auto-router pass #886 on board '2fa4e632b4d18eb8a70b3703fbd746c1' was completed in 0.08 seconds with the score of 948.76 (4 unrouted), using 16323.63 CPU seconds and 158069 MB memory.
2026-10-02 14:13:48.409 INFO   [178CA9\2859C6] Auto-router pass #887 on board '2fa4e632b4d18eb8a70b3703fbd746c1' was completed in 0.05 seconds with the score of 948.76 (4 unrouted), using 16323.63 CPU seconds and 158069 MB memory.
2026-10-02 14:13:48.759 INFO   [178CA9\2859C6] Restoring an earlier board that has the score of 959.69 (3 unrouted).
2026-10-02 14:13:48.759 INFO   [178CA9\2859C6] Auto-router pass #888 on board '2fa4e632b4d18eb8a70b3703fbd746c1' was completed in 0.34 seconds with the score of 959.73 (3 unrouted), using 16503.01 CPU seconds and 159099 MB memory.
2026-10-02 14:13:48.998 INFO   [178CA9\2859C6] Auto-router pass #889 on board '2ca30d705cc306bd652268ac282a9a73' was completed in 0.23 seconds with the score of 959.69 (3 unrouted), using 16503.01 CPU seconds and 159099 MB memory.
2026-10-02 14:13:49.067 INFO   [178CA9\2859C6] Auto-router pass #890 on board '7f1c930b3e2f34b8bb7f12705cc58238' was completed in 0.06 seconds with the score of 959.69 (3 unrouted), using 16503.01 CPU seconds and 159099 MB memory.
2026-10-02 14:13:49.106 INFO   [178CA9\2859C6] Auto-router pass #891 on board '7f1c930b3e2f34b8bb7f12705cc58238' was completed in 0.04 seconds with the score of 959.69 (3 unrouted), using 16503.01 CPU seconds and 159099 MB memory.
2026-10-02 14:13:49.406 INFO   [178CA9\2859C6] Restoring an earlier board that has the score of 959.69 (3 unrouted).
2026-10-02 14:13:49.407 INFO   [178CA9\2859C6] Auto-router pass #892 on board '7f1c930b3e2f34b8bb7f12705cc58238' was completed in 0.30 seconds with the score of 945.88 (4 unrouted), using 16503.01 CPU seconds and 159099 MB memory.
2026-10-02 14:13:49.625 INFO   [178CA9\2859C6] Auto-router pass #893 on board '2ca30d705cc306bd652268ac282a9a73' was completed in 0.21 seconds with the score of 959.69 (3 unrouted), using 16683.38 CPU seconds and 160136 MB memory.
2026-10-02 14:13:49.693 INFO   [178CA9\2859C6] Auto-router pass #894 on board '881a650d5225d97b15c47eedb4d8d3d0' was completed in 0.06 seconds with the score of 959.69 (3 unrouted), using 16683.38 CPU seconds and 160136 MB memory.
2026-10-02 14:13:49.734 INFO   [178CA9\2859C6] Auto-router pass #895 on board '881a650d5225d97b15c47eedb4d8d3d0' was completed in 0.04 seconds with the score of 959.69 (3 unrouted), using 16683.38 CPU seconds and 160136 MB memory.
2026-10-02 14:13:50.164 INFO   [178CA9\2859C6] Restoring an earlier board that has the score of 959.69 (3 unrouted).
2026-10-02 14:13:50.165 INFO   [178CA9\2859C6] Auto-router pass #896 on board '881a650d5225d97b15c47eedb4d8d3d0' was completed in 0.43 seconds with the score of 959.69 (3 unrouted), using 16683.38 CPU seconds and 160136 MB memory.
2026-10-02 14:13:50.405 INFO   [178CA9\2859C6] Auto-router pass #897 on board '2ca30d705cc306bd652268ac282a9a73' was completed in 0.24 seconds with the score of 948.76 (4 unrouted), using 16683.38 CPU seconds and 160136 MB memory.
2026-10-02 14:13:50.491 INFO   [178CA9\2859C6] Auto-router pass #898 on board '2fa4e632b4d18eb8a70b3703fbd746c1' was completed in 0.08 seconds with the score of 948.76 (4 unrouted), using 16683.38 CPU seconds and 160136 MB memory.
2026-10-02 14:13:50.541 INFO   [178CA9\2859C6] Auto-router pass #899 on board '2fa4e632b4d18eb8a70b3703fbd746c1' was completed in 0.04 seconds with the score of 948.76 (4 unrouted), using 16864.73 CPU seconds and 161209 MB memory.
2026-10-02 14:13:51.009 INFO   [178CA9\2859C6] Restoring an earlier board that has the score of 959.69 (3 unrouted).
2026-10-02 14:13:51.009 INFO   [178CA9\2859C6] Auto-router pass #900 on board '2fa4e632b4d18eb8a70b3703fbd746c1' was completed in 0.46 seconds with the score of 954.02 (3 unrouted), using 16864.73 CPU seconds and 161209 MB memory.
2026-10-02 14:13:51.249 INFO   [178CA9\2859C6] Auto-router pass #901 on board 'cea24da4461f02cef29f8a72a8fa752e' was completed in 0.24 seconds with the score of 954.22 (3 unrouted), using 16864.73 CPU seconds and 161209 MB memory.
2026-10-02 14:13:51.318 INFO   [178CA9\2859C6] Auto-router pass #902 on board '47fc40387d45d1f15189c6c339fc9e0c' was completed in 0.06 seconds with the score of 954.22 (3 unrouted), using 16864.73 CPU seconds and 161209 MB memory.
2026-10-02 14:13:51.358 INFO   [178CA9\2859C6] Auto-router pass #903 on board '47fc40387d45d1f15189c6c339fc9e0c' was completed in 0.04 seconds with the score of 954.22 (3 unrouted), using 16864.73 CPU seconds and 161209 MB memory.
2026-10-02 14:13:51.599 INFO   [178CA9\2859C6] Restoring an earlier board that has the score of 959.69 (3 unrouted).
2026-10-02 14:13:51.599 INFO   [178CA9\2859C6] Auto-router pass #904 on board '47fc40387d45d1f15189c6c339fc9e0c' was completed in 0.24 seconds with the score of 918.75 (5 unrouted), using 17047.06 CPU seconds and 162204 MB memory.
2026-10-02 14:13:51.818 INFO   [178CA9\2859C6] Auto-router pass #905 on board 'cea24da4461f02cef29f8a72a8fa752e' was completed in 0.21 seconds with the score of 948.76 (4 unrouted), using 17047.06 CPU seconds and 162204 MB memory.
2026-10-02 14:13:51.908 INFO   [178CA9\2859C6] Auto-router pass #906 on board '1eb83e4b35653c0148303289f843ced6' was completed in 0.08 seconds with the score of 948.76 (4 unrouted), using 17047.06 CPU seconds and 162204 MB memory.
2026-10-02 14:13:51.957 INFO   [178CA9\2859C6] Auto-router pass #907 on board '1eb83e4b35653c0148303289f843ced6' was completed in 0.04 seconds with the score of 948.76 (4 unrouted), using 17047.06 CPU seconds and 162204 MB memory.
2026-10-02 14:13:52.557 INFO   [178CA9\2859C6] Restoring an earlier board that has the score of 959.69 (3 unrouted).
2026-10-02 14:13:52.557 INFO   [178CA9\2859C6] Auto-router pass #908 on board '1eb83e4b35653c0148303289f843ced6' was completed in 0.59 seconds with the score of 957.89 (3 unrouted), using 17230.38 CPU seconds and 163163 MB memory.
2026-10-02 14:13:52.784 INFO   [178CA9\2859C6] Auto-router pass #909 on board 'cea24da4461f02cef29f8a72a8fa752e' was completed in 0.22 seconds with the score of 959.69 (3 unrouted), using 17230.38 CPU seconds and 163163 MB memory.
2026-10-02 14:13:52.855 INFO   [178CA9\2859C6] Auto-router pass #910 on board '7ffd32c27e142b5dea745a443531a1fb' was completed in 0.06 seconds with the score of 959.69 (3 unrouted), using 17230.38 CPU seconds and 163163 MB memory.
2026-10-02 14:13:52.898 INFO   [178CA9\2859C6] Auto-router pass #911 on board '7ffd32c27e142b5dea745a443531a1fb' was completed in 0.04 seconds with the score of 959.69 (3 unrouted), using 17230.38 CPU seconds and 163163 MB memory.
2026-10-02 14:13:53.042 INFO   [178CA9\2859C6] Restoring an earlier board that has the score of 959.69 (3 unrouted).
2026-10-02 14:13:53.042 INFO   [178CA9\2859C6] Auto-router pass #912 on board '7ffd32c27e142b5dea745a443531a1fb' was completed in 0.14 seconds with the score of 961.88 (3 unrouted), using 17230.38 CPU seconds and 163163 MB memory.
2026-10-02 14:13:53.266 INFO   [178CA9\2859C6] Auto-router pass #913 on board 'cea24da4461f02cef29f8a72a8fa752e' was completed in 0.22 seconds with the score of 959.69 (3 unrouted), using 17230.38 CPU seconds and 163163 MB memory.
2026-10-02 14:13:53.332 INFO   [178CA9\2859C6] Auto-router pass #914 on board '7ffd32c27e142b5dea745a443531a1fb' was completed in 0.06 seconds with the score of 959.69 (3 unrouted), using 17230.38 CPU seconds and 163163 MB memory.
2026-10-02 14:13:53.373 INFO   [178CA9\2859C6] Auto-router pass #915 on board '7ffd32c27e142b5dea745a443531a1fb' was completed in 0.04 seconds with the score of 959.69 (3 unrouted), using 17230.38 CPU seconds and 163163 MB memory.
2026-10-02 14:13:53.775 INFO   [178CA9\2859C6] Restoring an earlier board that has the score of 959.69 (3 unrouted).
2026-10-02 14:13:53.776 INFO   [178CA9\2859C6] Auto-router pass #916 on board '7ffd32c27e142b5dea745a443531a1fb' was completed in 0.40 seconds with the score of 961.94 (3 unrouted), using 17414.68 CPU seconds and 164228 MB memory.
2026-10-02 14:13:54.025 INFO   [178CA9\2859C6] Auto-router pass #917 on board '7f1c930b3e2f34b8bb7f12705cc58238' was completed in 0.24 seconds with the score of 959.69 (3 unrouted), using 17414.68 CPU seconds and 164228 MB memory.
2026-10-02 14:13:54.097 INFO   [178CA9\2859C6] Auto-router pass #918 on board '162a0e04b6888dcb9e6ae373a199cc74' was completed in 0.06 seconds with the score of 959.69 (3 unrouted), using 17414.68 CPU seconds and 164228 MB memory.
2026-10-02 14:13:54.138 INFO   [178CA9\2859C6] Auto-router pass #919 on board '162a0e04b6888dcb9e6ae373a199cc74' was completed in 0.04 seconds with the score of 959.69 (3 unrouted), using 17414.68 CPU seconds and 164228 MB memory.
2026-10-02 14:13:54.359 INFO   [178CA9\2859C6] Restoring an earlier board that has the score of 959.69 (3 unrouted).
2026-10-02 14:13:54.359 INFO   [178CA9\2859C6] Auto-router pass #920 on board '162a0e04b6888dcb9e6ae373a199cc74' was completed in 0.22 seconds with the score of 961.88 (3 unrouted), using 17414.68 CPU seconds and 164228 MB memory.
2026-10-02 14:13:54.560 INFO   [178CA9\2859C6] Auto-router pass #921 on board '7f1c930b3e2f34b8bb7f12705cc58238' was completed in 0.20 seconds with the score of 959.69 (3 unrouted), using 17599.96 CPU seconds and 165224 MB memory.
2026-10-02 14:13:54.605 INFO   [178CA9\2859C6] Auto-router pass #922 on board '7f1c930b3e2f34b8bb7f12705cc58238' was completed in 0.04 seconds with the score of 959.69 (3 unrouted), using 17599.96 CPU seconds and 165224 MB memory.
2026-10-02 14:13:54.648 INFO   [178CA9\2859C6] Auto-router pass #923 on board '7f1c930b3e2f34b8bb7f12705cc58238' was completed in 0.04 seconds with the score of 959.69 (3 unrouted), using 17599.96 CPU seconds and 165224 MB memory.
2026-10-02 14:13:55.000 INFO   [178CA9\2859C6] Restoring an earlier board that has the score of 959.69 (3 unrouted).
2026-10-02 14:13:55.000 INFO   [178CA9\2859C6] Auto-router pass #924 on board '7f1c930b3e2f34b8bb7f12705cc58238' was completed in 0.35 seconds with the score of 878.40 (8 unrouted), using 17599.96 CPU seconds and 165224 MB memory.
2026-10-02 14:13:55.175 INFO   [178CA9\2859C6] Auto-router pass #925 on board '7f1c930b3e2f34b8bb7f12705cc58238' was completed in 0.17 seconds with the score of 970.87 (2 unrouted), using 17599.96 CPU seconds and 165224 MB memory.
2026-10-02 14:13:55.215 INFO   [178CA9\2859C6] Auto-router pass #926 on board '052d9026cd2c2b83da4080472cc12f6c' was completed in 0.03 seconds with the score of 970.87 (2 unrouted), using 17599.96 CPU seconds and 165224 MB memory.
2026-10-02 14:13:55.248 INFO   [178CA9\2859C6] Auto-router pass #927 on board '052d9026cd2c2b83da4080472cc12f6c' was completed in 0.03 seconds with the score of 970.87 (2 unrouted), using 17599.96 CPU seconds and 165224 MB memory.
2026-10-02 14:13:55.469 INFO   [178CA9\2859C6] Restoring an earlier board that has the score of 970.87 (2 unrouted).
2026-10-02 14:13:55.470 INFO   [178CA9\2859C6] Auto-router pass #928 on board '052d9026cd2c2b83da4080472cc12f6c' was completed in 0.22 seconds with the score of 932.64 (5 unrouted), using 17599.96 CPU seconds and 165224 MB memory.
2026-10-02 14:13:55.626 INFO   [178CA9\2859C6] Auto-router pass #929 on board '052d9026cd2c2b83da4080472cc12f6c' was completed in 0.15 seconds with the score of 970.87 (2 unrouted), using 17786.23 CPU seconds and 166207 MB memory.
2026-10-02 14:13:55.657 INFO   [178CA9\2859C6] Auto-router pass #930 on board '052d9026cd2c2b83da4080472cc12f6c' was completed in 0.03 seconds with the score of 970.87 (2 unrouted), using 17786.23 CPU seconds and 166207 MB memory.
2026-10-02 14:13:55.689 INFO   [178CA9\2859C6] Auto-router pass #931 on board '052d9026cd2c2b83da4080472cc12f6c' was completed in 0.03 seconds with the score of 970.87 (2 unrouted), using 17786.23 CPU seconds and 166207 MB memory.
2026-10-02 14:13:56.094 INFO   [178CA9\2859C6] Restoring an earlier board that has the score of 970.87 (2 unrouted).
2026-10-02 14:13:56.094 INFO   [178CA9\2859C6] Auto-router pass #932 on board '052d9026cd2c2b83da4080472cc12f6c' was completed in 0.40 seconds with the score of 932.72 (5 unrouted), using 17786.23 CPU seconds and 166207 MB memory.
2026-10-02 14:13:56.299 INFO   [178CA9\2859C6] Auto-router pass #933 on board '052d9026cd2c2b83da4080472cc12f6c' was completed in 0.20 seconds with the score of 959.69 (3 unrouted), using 17786.23 CPU seconds and 166207 MB memory.
2026-10-02 14:13:56.360 INFO   [178CA9\2859C6] Auto-router pass #934 on board '162a0e04b6888dcb9e6ae373a199cc74' was completed in 0.06 seconds with the score of 959.69 (3 unrouted), using 17786.23 CPU seconds and 166207 MB memory.
2026-10-02 14:13:56.401 INFO   [178CA9\2859C6] Auto-router pass #935 on board '162a0e04b6888dcb9e6ae373a199cc74' was completed in 0.04 seconds with the score of 959.69 (3 unrouted), using 17786.23 CPU seconds and 166207 MB memory.
2026-10-02 14:13:56.715 INFO   [178CA9\2859C6] Restoring an earlier board that has the score of 970.87 (2 unrouted).
2026-10-02 14:13:56.716 INFO   [178CA9\2859C6] Auto-router pass #936 on board '162a0e04b6888dcb9e6ae373a199cc74' was completed in 0.31 seconds with the score of 945.88 (4 unrouted), using 17973.49 CPU seconds and 167236 MB memory.
2026-10-02 14:13:56.932 INFO   [178CA9\2859C6] Auto-router pass #937 on board '052d9026cd2c2b83da4080472cc12f6c' was completed in 0.21 seconds with the score of 959.69 (3 unrouted), using 17973.49 CPU seconds and 167236 MB memory.
2026-10-02 14:13:56.996 INFO   [178CA9\2859C6] Auto-router pass #938 on board '162a0e04b6888dcb9e6ae373a199cc74' was completed in 0.06 seconds with the score of 959.69 (3 unrouted), using 17973.49 CPU seconds and 167236 MB memory.
2026-10-02 14:13:57.036 INFO   [178CA9\2859C6] Auto-router pass #939 on board '162a0e04b6888dcb9e6ae373a199cc74' was completed in 0.04 seconds with the score of 959.69 (3 unrouted), using 17973.49 CPU seconds and 167236 MB memory.
2026-10-02 14:13:57.400 INFO   [178CA9\2859C6] Restoring an earlier board that has the score of 970.87 (2 unrouted).
2026-10-02 14:13:57.400 INFO   [178CA9\2859C6] Auto-router pass #940 on board '162a0e04b6888dcb9e6ae373a199cc74' was completed in 0.36 seconds with the score of 959.68 (3 unrouted), using 17973.49 CPU seconds and 167236 MB memory.
2026-10-02 14:13:57.551 INFO   [178CA9\2859C6] Auto-router pass #941 on board '052d9026cd2c2b83da4080472cc12f6c' was completed in 0.15 seconds with the score of 970.87 (2 unrouted), using 18161.72 CPU seconds and 168234 MB memory.
2026-10-02 14:13:57.582 INFO   [178CA9\2859C6] Auto-router pass #942 on board '052d9026cd2c2b83da4080472cc12f6c' was completed in 0.03 seconds with the score of 970.87 (2 unrouted), using 18161.72 CPU seconds and 168234 MB memory.
2026-10-02 14:13:57.613 INFO   [178CA9\2859C6] Auto-router pass #943 on board '052d9026cd2c2b83da4080472cc12f6c' was completed in 0.03 seconds with the score of 970.87 (2 unrouted), using 18161.72 CPU seconds and 168234 MB memory.
2026-10-02 14:13:57.828 INFO   [178CA9\2859C6] Restoring an earlier board that has the score of 959.69 (3 unrouted).
2026-10-02 14:13:57.828 INFO   [178CA9\2859C6] Auto-router pass #944 on board '052d9026cd2c2b83da4080472cc12f6c' was completed in 0.21 seconds with the score of 932.64 (5 unrouted), using 18161.72 CPU seconds and 168234 MB memory.
2026-10-02 14:13:58.059 INFO   [178CA9\2859C6] Auto-router pass #945 on board '7f1c930b3e2f34b8bb7f12705cc58238' was completed in 0.23 seconds with the score of 943.02 (4 unrouted), using 18161.72 CPU seconds and 168234 MB memory.
2026-10-02 14:13:58.149 INFO   [178CA9\2859C6] Auto-router pass #946 on board '8f28fab8bd12e746fee41f3f740eca6b' was completed in 0.08 seconds with the score of 943.02 (4 unrouted), using 18161.72 CPU seconds and 168234 MB memory.
2026-10-02 14:13:58.196 INFO   [178CA9\2859C6] Auto-router pass #947 on board '8f28fab8bd12e746fee41f3f740eca6b' was completed in 0.04 seconds with the score of 943.02 (4 unrouted), using 18161.72 CPU seconds and 168234 MB memory.
{
  "host": "KiCad's Pcbnew,9.0.2+dfsg-1",
  "unit": "mm",
  "board": {
    "bounding_box": {
      "x": 1328.86,
      "y": -955.0,
      "width": 939.0,
      "height": -1045.0
    },
    "size": {
      "x": 0.0,
      "y": 0.0,
      "width": 389.86,
      "height": 90.0
    }
  },
  "layers": {
    "total_count": 2,
    "signal_count": 2
  },
  "items": {
    "total_count": 212,
    "trace_count": 70,
    "via_count": 14,
    "conduction_area_count": 0,
    "drill_item_count": 89,
    "pin_count": 0,
    "component_count": 26,
    "other_count": 13
  },
  "components": {
    "total_count": 4
  },
  "pads": {
    "total_count": 89
  },
  "nets": {
    "total_count": 15,
    "class_count": 3
  },
  "connections": {
    "maximum_count": 89,
    "incomplete_count": 3
  },
  "traces": {
    "total_count": 70,
    "total_segment_count": 152,
    "total_length": 1503.7489,
    "total_weighted_length": 1775796.2,
    "average_length": 21.482126,
    "total_vertical_length": 556.794,
    "total_horizontal_length": 737.876,
    "total_angled_length": 375.49728
  },
  "bends": {
    "total_count": 82,
    "90_degree_count": 0,
    "45_degree_count": 80,
    "other_angle_count": 2
  },
  "vias": {
    "total_count": 14,
    "through_hole_count": 14,
    "blind_count": 0,
    "buried_count": 0
  },
  "clearance_violations": {
    "total_count": 0
  }
}
