2026-10-02 14:39:22.479 INFO   Freerouting v2.1.0 (build-date: 2025-04-12)
2026-10-02 14:39:22.540 WARN   No default constructor found for field: currentLocale
2026-10-02 14:39:22.540 INFO   Settings were loaded from freerouting.json
2026-10-02 14:39:23.813 INFO   New version available: v2.4.1
2026-10-02 14:39:24.033 INFO   [6F6966\E2E3AC] Job '6F6966\E2E3AC' started at 2026-10-02T18:39:24.032670309Z
2026-10-02 14:39:25.592 INFO   [6F6966\E2E3AC] Auto-router pass #1 on board '826a542aff3114608feaec31d0c8c8a9' was completed in 1.29 seconds with the score of 790.16 (10 unrouted), using 0.53 CPU seconds and 150 MB memory.
2026-10-02 14:39:26.084 INFO   [6F6966\E2E3AC] Auto-router pass #2 on board 'b4926ac3051d9e393ea9663aae6541e3' was completed in 0.45 seconds with the score of 787.32 (11 unrouted), using 1.65 CPU seconds and 537 MB memory.
2026-10-02 14:39:26.330 INFO   [6F6966\E2E3AC] Auto-router pass #3 on board 'fbe4c51367ddc3f823ed302e804a9684' was completed in 0.23 seconds with the score of 828.93 (10 unrouted), using 1.65 CPU seconds and 537 MB memory.
2026-10-02 14:39:27.284 INFO   [6F6966\E2E3AC] Auto-router pass #4 on board 'a64d64fb5539e17c2562de45926ef510' was completed in 0.94 seconds with the score of 846.27 (10 unrouted), using 3.73 CPU seconds and 1155 MB memory.
2026-10-02 14:39:27.444 INFO   [6F6966\E2E3AC] Auto-router pass #5 on board 'd49cd68658e34e7ef66e93f65ce19459' was completed in 0.15 seconds with the score of 846.27 (10 unrouted), using 3.73 CPU seconds and 1155 MB memory.
2026-10-02 14:39:27.570 INFO   [6F6966\E2E3AC] Auto-router pass #6 on board 'd49cd68658e34e7ef66e93f65ce19459' was completed in 0.12 seconds with the score of 846.27 (10 unrouted), using 3.73 CPU seconds and 1155 MB memory.
2026-10-02 14:39:27.696 INFO   [6F6966\E2E3AC] Auto-router pass #7 on board 'd49cd68658e34e7ef66e93f65ce19459' was completed in 0.12 seconds with the score of 846.27 (10 unrouted), using 3.73 CPU seconds and 1155 MB memory.
2026-10-02 14:39:28.607 INFO   [6F6966\E2E3AC] Auto-router pass #8 on board 'd49cd68658e34e7ef66e93f65ce19459' was completed in 0.91 seconds with the score of 937.39 (6 unrouted), using 6.79 CPU seconds and 1902 MB memory.
2026-10-02 14:39:28.742 INFO   [6F6966\E2E3AC] Auto-router pass #9 on board 'e14db5bb2ae901160c910a505fe0bc9c' was completed in 0.12 seconds with the score of 950.81 (5 unrouted), using 6.79 CPU seconds and 1902 MB memory.
2026-10-02 14:39:28.843 INFO   [6F6966\E2E3AC] Auto-router pass #10 on board '1f1310de3cfd147d32aa58f5e619c5e3' was completed in 0.08 seconds with the score of 950.81 (5 unrouted), using 6.79 CPU seconds and 1902 MB memory.
2026-10-02 14:39:28.942 INFO   [6F6966\E2E3AC] Auto-router pass #11 on board '1f1310de3cfd147d32aa58f5e619c5e3' was completed in 0.09 seconds with the score of 950.81 (5 unrouted), using 6.79 CPU seconds and 1902 MB memory.
2026-10-02 14:39:29.682 INFO   [6F6966\E2E3AC] Auto-router pass #12 on board '1f1310de3cfd147d32aa58f5e619c5e3' was completed in 0.73 seconds with the score of 925.82 (5 unrouted), using 10.84 CPU seconds and 2659 MB memory.
2026-10-02 14:39:29.765 INFO   [6F6966\E2E3AC] Auto-router pass #13 on board 'a791d7473ae8c3421808f1b51317e4ef' was completed in 0.07 seconds with the score of 925.82 (5 unrouted), using 10.84 CPU seconds and 2659 MB memory.
2026-10-02 14:39:29.843 INFO   [6F6966\E2E3AC] Auto-router pass #14 on board 'a791d7473ae8c3421808f1b51317e4ef' was completed in 0.07 seconds with the score of 925.82 (5 unrouted), using 10.84 CPU seconds and 2659 MB memory.
2026-10-02 14:39:29.922 INFO   [6F6966\E2E3AC] Auto-router pass #15 on board 'a791d7473ae8c3421808f1b51317e4ef' was completed in 0.07 seconds with the score of 925.82 (5 unrouted), using 10.84 CPU seconds and 2659 MB memory.
2026-10-02 14:39:30.617 INFO   [6F6966\E2E3AC] Restoring an earlier board that has the score of 950.81 (5 unrouted).
2026-10-02 14:39:30.618 INFO   [6F6966\E2E3AC] Auto-router pass #16 on board 'a791d7473ae8c3421808f1b51317e4ef' was completed in 0.69 seconds with the score of 871.95 (8 unrouted), using 15.87 CPU seconds and 3359 MB memory.
2026-10-02 14:39:31.043 INFO   [6F6966\E2E3AC] Auto-router pass #17 on board '1f1310de3cfd147d32aa58f5e619c5e3' was completed in 0.42 seconds with the score of 886.42 (7 unrouted), using 15.87 CPU seconds and 3359 MB memory.
2026-10-02 14:39:31.293 INFO   [6F6966\E2E3AC] Auto-router pass #18 on board '75db640a5f503eb0e233146e41e7563c' was completed in 0.24 seconds with the score of 883.78 (5 unrouted), using 21.88 CPU seconds and 4193 MB memory.
2026-10-02 14:39:31.506 INFO   [6F6966\E2E3AC] Auto-router pass #19 on board '44156e26ac731b2cb04f465fd8ccf24d' was completed in 0.20 seconds with the score of 921.64 (4 unrouted), using 21.88 CPU seconds and 4193 MB memory.
2026-10-02 14:39:31.831 INFO   [6F6966\E2E3AC] Restoring an earlier board that has the score of 950.81 (5 unrouted).
2026-10-02 14:39:31.831 INFO   [6F6966\E2E3AC] Auto-router pass #20 on board '521b1af7acb5fc559f67595b577f9f19' was completed in 0.31 seconds with the score of 926.84 (4 unrouted), using 21.88 CPU seconds and 4193 MB memory.
2026-10-02 14:39:32.237 INFO   [6F6966\E2E3AC] Auto-router pass #21 on board '1f1310de3cfd147d32aa58f5e619c5e3' was completed in 0.40 seconds with the score of 942.56 (6 unrouted), using 28.87 CPU seconds and 5179 MB memory.
2026-10-02 14:39:32.667 INFO   [6F6966\E2E3AC] Auto-router pass #22 on board '531fd9545663bd046cefb731cf883a61' was completed in 0.42 seconds with the score of 914.47 (6 unrouted), using 28.87 CPU seconds and 5179 MB memory.
2026-10-02 14:39:32.995 INFO   [6F6966\E2E3AC] Auto-router pass #23 on board '3c34578b7e55cb3c6574e5ff07e2c2d3' was completed in 0.32 seconds with the score of 874.41 (8 unrouted), using 28.87 CPU seconds and 5179 MB memory.
2026-10-02 14:39:33.853 INFO   [6F6966\E2E3AC] Restoring an earlier board that has the score of 950.81 (5 unrouted).
2026-10-02 14:39:33.853 INFO   [6F6966\E2E3AC] Auto-router pass #24 on board '40984c3b4dd4dea5f0f2d28973fddafa' was completed in 0.85 seconds with the score of 898.56 (7 unrouted), using 36.84 CPU seconds and 6225 MB memory.
2026-10-02 14:39:34.136 INFO   [6F6966\E2E3AC] Auto-router pass #25 on board '1f1310de3cfd147d32aa58f5e619c5e3' was completed in 0.28 seconds with the score of 950.86 (5 unrouted), using 45.79 CPU seconds and 7054 MB memory.
2026-10-02 14:39:34.507 INFO   [6F6966\E2E3AC] Auto-router pass #26 on board 'e221006d82456aee51105e3074ae89de' was completed in 0.36 seconds with the score of 964.00 (4 unrouted), using 45.79 CPU seconds and 7054 MB memory.
2026-10-02 14:39:34.763 INFO   [6F6966\E2E3AC] Auto-router pass #27 on board '5a250012f2da0d90fbf172bf391380a8' was completed in 0.24 seconds with the score of 955.46 (5 unrouted), using 45.79 CPU seconds and 7054 MB memory.
2026-10-02 14:39:35.593 INFO   [6F6966\E2E3AC] Restoring an earlier board that has the score of 964.00 (4 unrouted).
2026-10-02 14:39:35.593 INFO   [6F6966\E2E3AC] Auto-router pass #28 on board 'c1ff8f07b2d8b02d4d84c9ad2e3e79e8' was completed in 0.81 seconds with the score of 951.62 (6 unrouted), using 55.72 CPU seconds and 7977 MB memory.
2026-10-02 14:39:35.896 INFO   [6F6966\E2E3AC] Auto-router pass #29 on board '5a250012f2da0d90fbf172bf391380a8' was completed in 0.30 seconds with the score of 966.05 (4 unrouted), using 55.72 CPU seconds and 7977 MB memory.
2026-10-02 14:39:35.990 INFO   [6F6966\E2E3AC] Auto-router pass #30 on board 'dbb51a8e1a03803222f4ef72e167a6e3' was completed in 0.08 seconds with the score of 966.05 (4 unrouted), using 55.72 CPU seconds and 7977 MB memory.
2026-10-02 14:39:36.064 INFO   [6F6966\E2E3AC] Auto-router pass #31 on board 'dbb51a8e1a03803222f4ef72e167a6e3' was completed in 0.07 seconds with the score of 966.05 (4 unrouted), using 66.63 CPU seconds and 8656 MB memory.
2026-10-02 14:39:36.940 INFO   [6F6966\E2E3AC] Restoring an earlier board that has the score of 966.05 (4 unrouted).
2026-10-02 14:39:36.940 INFO   [6F6966\E2E3AC] Auto-router pass #32 on board 'dbb51a8e1a03803222f4ef72e167a6e3' was completed in 0.87 seconds with the score of 952.26 (6 unrouted), using 66.63 CPU seconds and 8656 MB memory.
2026-10-02 14:39:37.121 INFO   [6F6966\E2E3AC] Auto-router pass #33 on board 'dbb51a8e1a03803222f4ef72e167a6e3' was completed in 0.17 seconds with the score of 966.05 (4 unrouted), using 78.53 CPU seconds and 9495 MB memory.
2026-10-02 14:39:37.185 INFO   [6F6966\E2E3AC] Auto-router pass #34 on board 'dbb51a8e1a03803222f4ef72e167a6e3' was completed in 0.06 seconds with the score of 966.05 (4 unrouted), using 78.53 CPU seconds and 9495 MB memory.
2026-10-02 14:39:37.249 INFO   [6F6966\E2E3AC] Auto-router pass #35 on board 'dbb51a8e1a03803222f4ef72e167a6e3' was completed in 0.06 seconds with the score of 966.05 (4 unrouted), using 78.53 CPU seconds and 9495 MB memory.
2026-10-02 14:39:37.801 INFO   [6F6966\E2E3AC] Restoring an earlier board that has the score of 966.05 (4 unrouted).
2026-10-02 14:39:37.802 INFO   [6F6966\E2E3AC] Auto-router pass #36 on board 'dbb51a8e1a03803222f4ef72e167a6e3' was completed in 0.55 seconds with the score of 951.29 (6 unrouted), using 78.53 CPU seconds and 9495 MB memory.
2026-10-02 14:39:38.009 INFO   [6F6966\E2E3AC] Auto-router pass #37 on board 'dbb51a8e1a03803222f4ef72e167a6e3' was completed in 0.20 seconds with the score of 966.05 (4 unrouted), using 78.53 CPU seconds and 9495 MB memory.
2026-10-02 14:39:38.096 INFO   [6F6966\E2E3AC] Auto-router pass #38 on board 'dbb51a8e1a03803222f4ef72e167a6e3' was completed in 0.08 seconds with the score of 966.05 (4 unrouted), using 91.40 CPU seconds and 10365 MB memory.
2026-10-02 14:39:38.196 INFO   [6F6966\E2E3AC] Auto-router pass #39 on board 'dbb51a8e1a03803222f4ef72e167a6e3' was completed in 0.09 seconds with the score of 966.05 (4 unrouted), using 91.40 CPU seconds and 10365 MB memory.
2026-10-02 14:39:38.562 INFO   [6F6966\E2E3AC] Restoring an earlier board that has the score of 966.05 (4 unrouted).
2026-10-02 14:39:38.563 INFO   [6F6966\E2E3AC] Auto-router pass #40 on board 'dbb51a8e1a03803222f4ef72e167a6e3' was completed in 0.36 seconds with the score of 966.05 (4 unrouted), using 91.40 CPU seconds and 10365 MB memory.
2026-10-02 14:39:39.093 INFO   [6F6966\E2E3AC] Auto-router pass #41 on board 'dbb51a8e1a03803222f4ef72e167a6e3' was completed in 0.52 seconds with the score of 887.14 (8 unrouted), using 105.27 CPU seconds and 11114 MB memory.
2026-10-02 14:39:39.594 INFO   [6F6966\E2E3AC] Auto-router pass #42 on board '461e5bf90a6f9d52cf6704deba9f0183' was completed in 0.49 seconds with the score of 752.52 (11 unrouted), using 105.27 CPU seconds and 11114 MB memory.
2026-10-02 14:39:40.103 INFO   [6F6966\E2E3AC] Auto-router pass #43 on board 'b5ec9d2f152b9874fff0a6bebfb944a1' was completed in 0.50 seconds with the score of 887.91 (7 unrouted), using 120.12 CPU seconds and 12184 MB memory.
2026-10-02 14:39:41.120 INFO   [6F6966\E2E3AC] Restoring an earlier board that has the score of 966.05 (4 unrouted).
2026-10-02 14:39:41.121 INFO   [6F6966\E2E3AC] Auto-router pass #44 on board '31ffd4ca501e77f9b5453e776af705a0' was completed in 1.00 seconds with the score of 887.61 (6 unrouted), using 135.94 CPU seconds and 12939 MB memory.
2026-10-02 14:39:41.307 INFO   [6F6966\E2E3AC] Auto-router pass #45 on board 'dbb51a8e1a03803222f4ef72e167a6e3' was completed in 0.18 seconds with the score of 966.05 (4 unrouted), using 135.94 CPU seconds and 12939 MB memory.
2026-10-02 14:39:41.388 INFO   [6F6966\E2E3AC] Auto-router pass #46 on board 'dbb51a8e1a03803222f4ef72e167a6e3' was completed in 0.07 seconds with the score of 966.05 (4 unrouted), using 135.94 CPU seconds and 12939 MB memory.
2026-10-02 14:39:41.454 INFO   [6F6966\E2E3AC] Auto-router pass #47 on board 'dbb51a8e1a03803222f4ef72e167a6e3' was completed in 0.06 seconds with the score of 966.05 (4 unrouted), using 135.94 CPU seconds and 12939 MB memory.
2026-10-02 14:39:42.114 INFO   [6F6966\E2E3AC] Restoring an earlier board that has the score of 964.00 (4 unrouted).
2026-10-02 14:39:42.115 INFO   [6F6966\E2E3AC] Auto-router pass #48 on board 'dbb51a8e1a03803222f4ef72e167a6e3' was completed in 0.66 seconds with the score of 952.68 (6 unrouted), using 152.76 CPU seconds and 13829 MB memory.
2026-10-02 14:39:42.504 INFO   [6F6966\E2E3AC] Auto-router pass #49 on board '5a250012f2da0d90fbf172bf391380a8' was completed in 0.38 seconds with the score of 940.56 (5 unrouted), using 152.76 CPU seconds and 13829 MB memory.
2026-10-02 14:39:42.850 INFO   [6F6966\E2E3AC] Auto-router pass #50 on board 'b9d0d63d2498737b8ec5023dd53685ba' was completed in 0.34 seconds with the score of 958.08 (4 unrouted), using 152.76 CPU seconds and 13829 MB memory.
2026-10-02 14:39:43.219 INFO   [6F6966\E2E3AC] Auto-router pass #51 on board '591b2ae8e1d89fe58a45c360eb9b1396' was completed in 0.36 seconds with the score of 926.57 (5 unrouted), using 170.55 CPU seconds and 14849 MB memory.
2026-10-02 14:39:44.193 INFO   [6F6966\E2E3AC] Restoring an earlier board that has the score of 964.00 (4 unrouted).
2026-10-02 14:39:44.194 INFO   [6F6966\E2E3AC] Auto-router pass #52 on board '065141c1805971245545505260397b3f' was completed in 0.96 seconds with the score of 906.98 (6 unrouted), using 189.33 CPU seconds and 15638 MB memory.
2026-10-02 14:39:44.634 INFO   [6F6966\E2E3AC] Auto-router pass #53 on board '5a250012f2da0d90fbf172bf391380a8' was completed in 0.43 seconds with the score of 956.50 (5 unrouted), using 189.33 CPU seconds and 15638 MB memory.
2026-10-02 14:39:44.899 INFO   [6F6966\E2E3AC] Auto-router pass #54 on board '4670454e9e828e0b3bfd8080a3beb6ea' was completed in 0.25 seconds with the score of 968.84 (2 unrouted), using 189.33 CPU seconds and 15638 MB memory.
2026-10-02 14:39:45.021 INFO   [6F6966\E2E3AC] Auto-router pass #55 on board 'e47b802ccd3a75951d0694cc16841a4a' was completed in 0.11 seconds with the score of 946.27 (4 unrouted), using 189.33 CPU seconds and 15638 MB memory.
2026-10-02 14:39:45.578 INFO   [6F6966\E2E3AC] Restoring an earlier board that has the score of 968.84 (2 unrouted).
2026-10-02 14:39:45.579 INFO   [6F6966\E2E3AC] Auto-router pass #56 on board 'd42c7a4804385b59fa14a6b946b4e25e' was completed in 0.55 seconds with the score of 938.53 (6 unrouted), using 209.10 CPU seconds and 16606 MB memory.
2026-10-02 14:39:45.697 INFO   [6F6966\E2E3AC] Auto-router pass #57 on board 'e47b802ccd3a75951d0694cc16841a4a' was completed in 0.11 seconds with the score of 946.27 (4 unrouted), using 209.10 CPU seconds and 16606 MB memory.
2026-10-02 14:39:46.105 INFO   [6F6966\E2E3AC] Auto-router pass #58 on board '1e96d3f4e0b0f2cd7cf872b98c30f1ad' was completed in 0.40 seconds with the score of 959.06 (4 unrouted), using 229.85 CPU seconds and 17558 MB memory.
2026-10-02 14:39:46.314 INFO   [6F6966\E2E3AC] Auto-router pass #59 on board '60bac476dbf814b3f76fa4686c72a291' was completed in 0.20 seconds with the score of 958.92 (3 unrouted), using 229.85 CPU seconds and 17558 MB memory.
2026-10-02 14:39:46.982 INFO   [6F6966\E2E3AC] Restoring an earlier board that has the score of 968.84 (2 unrouted).
2026-10-02 14:39:46.983 INFO   [6F6966\E2E3AC] Auto-router pass #60 on board '18090ce90304d5971bfdec66eda27979' was completed in 0.66 seconds with the score of 961.82 (3 unrouted), using 229.85 CPU seconds and 17558 MB memory.
2026-10-02 14:39:47.101 INFO   [6F6966\E2E3AC] Auto-router pass #61 on board 'e47b802ccd3a75951d0694cc16841a4a' was completed in 0.11 seconds with the score of 946.27 (4 unrouted), using 251.57 CPU seconds and 18463 MB memory.
2026-10-02 14:39:47.384 INFO   [6F6966\E2E3AC] Auto-router pass #62 on board '1e96d3f4e0b0f2cd7cf872b98c30f1ad' was completed in 0.28 seconds with the score of 951.39 (4 unrouted), using 251.57 CPU seconds and 18463 MB memory.
2026-10-02 14:39:47.710 INFO   [6F6966\E2E3AC] Auto-router pass #63 on board 'bfe56981dd9541de42a03259fb49ffca' was completed in 0.32 seconds with the score of 912.32 (6 unrouted), using 251.57 CPU seconds and 18463 MB memory.
2026-10-02 14:39:48.322 INFO   [6F6966\E2E3AC] Restoring an earlier board that has the score of 968.84 (2 unrouted).
2026-10-02 14:39:48.323 INFO   [6F6966\E2E3AC] Auto-router pass #64 on board '02f271fb609060d8942268d565f52388' was completed in 0.60 seconds with the score of 906.02 (6 unrouted), using 274.28 CPU seconds and 19509 MB memory.
2026-10-02 14:39:48.470 INFO   [6F6966\E2E3AC] Auto-router pass #65 on board 'e47b802ccd3a75951d0694cc16841a4a' was completed in 0.14 seconds with the score of 957.55 (3 unrouted), using 274.28 CPU seconds and 19509 MB memory.
2026-10-02 14:39:48.745 INFO   [6F6966\E2E3AC] Auto-router pass #66 on board '30311084c5593c676b0b0ed997e456c1' was completed in 0.26 seconds with the score of 944.25 (5 unrouted), using 274.28 CPU seconds and 19509 MB memory.
2026-10-02 14:39:49.011 INFO   [6F6966\E2E3AC] Auto-router pass #67 on board 'eda1a77eca7f3d8c58c549479f9cfa36' was completed in 0.26 seconds with the score of 958.78 (3 unrouted), using 274.28 CPU seconds and 19509 MB memory.
2026-10-02 14:39:49.344 INFO   [6F6966\E2E3AC] Restoring an earlier board that has the score of 968.84 (2 unrouted).
2026-10-02 14:39:49.344 INFO   [6F6966\E2E3AC] Auto-router pass #68 on board '44ea4de68a122914bc176325aaa41e9d' was completed in 0.32 seconds with the score of 962.14 (3 unrouted), using 297.97 CPU seconds and 20508 MB memory.
2026-10-02 14:39:49.513 INFO   [6F6966\E2E3AC] Auto-router pass #69 on board 'e47b802ccd3a75951d0694cc16841a4a' was completed in 0.17 seconds with the score of 937.12 (5 unrouted), using 297.97 CPU seconds and 20508 MB memory.
2026-10-02 14:39:49.803 INFO   [6F6966\E2E3AC] Auto-router pass #70 on board 'cad07793cbadf574c09e815bed952158' was completed in 0.28 seconds with the score of 943.80 (4 unrouted), using 297.97 CPU seconds and 20508 MB memory.
2026-10-02 14:39:50.121 INFO   [6F6966\E2E3AC] Auto-router pass #71 on board '0f74299187bb0ee0892b9c4d90f92fc5' was completed in 0.31 seconds with the score of 943.62 (5 unrouted), using 322.64 CPU seconds and 21556 MB memory.
2026-10-02 14:39:50.551 INFO   [6F6966\E2E3AC] Restoring an earlier board that has the score of 964.00 (4 unrouted).
2026-10-02 14:39:50.552 INFO   [6F6966\E2E3AC] Auto-router pass #72 on board 'be176e49303200b1197463ed7c356cd6' was completed in 0.42 seconds with the score of 945.54 (4 unrouted), using 322.64 CPU seconds and 21556 MB memory.
2026-10-02 14:39:50.943 INFO   [6F6966\E2E3AC] Auto-router pass #73 on board '5a250012f2da0d90fbf172bf391380a8' was completed in 0.39 seconds with the score of 923.34 (7 unrouted), using 322.64 CPU seconds and 21556 MB memory.
2026-10-02 14:39:51.342 INFO   [6F6966\E2E3AC] Auto-router pass #74 on board 'abba917945e3ce98bcecd139873fd5c9' was completed in 0.39 seconds with the score of 917.22 (6 unrouted), using 348.30 CPU seconds and 22565 MB memory.
2026-10-02 14:39:51.594 INFO   [6F6966\E2E3AC] Auto-router pass #75 on board 'e66dda00bddcc6e4086ccba013ce12fa' was completed in 0.24 seconds with the score of 921.42 (5 unrouted), using 348.30 CPU seconds and 22565 MB memory.
2026-10-02 14:39:53.009 INFO   [6F6966\E2E3AC] Restoring an earlier board that has the score of 959.06 (4 unrouted).
2026-10-02 14:39:53.010 INFO   [6F6966\E2E3AC] Auto-router pass #76 on board '7919cbf654098ea6d369b76c78e50b8c' was completed in 1.41 seconds with the score of 930.37 (5 unrouted), using 374.93 CPU seconds and 23531 MB memory.
2026-10-02 14:39:53.402 INFO   [6F6966\E2E3AC] Auto-router pass #77 on board '60bac476dbf814b3f76fa4686c72a291' was completed in 0.38 seconds with the score of 948.11 (4 unrouted), using 402.55 CPU seconds and 24269 MB memory.
2026-10-02 14:39:53.746 INFO   [6F6966\E2E3AC] Auto-router pass #78 on board '125405ceb34a32f8a977482b034cffbf' was completed in 0.33 seconds with the score of 923.27 (6 unrouted), using 402.55 CPU seconds and 24269 MB memory.
2026-10-02 14:39:54.142 INFO   [6F6966\E2E3AC] Auto-router pass #79 on board '27858adae771fdf950b773d77ff7e199' was completed in 0.38 seconds with the score of 927.90 (6 unrouted), using 431.15 CPU seconds and 25005 MB memory.
2026-10-02 14:39:54.762 INFO   [6F6966\E2E3AC] Restoring an earlier board that has the score of 959.06 (4 unrouted).
2026-10-02 14:39:54.762 INFO   [6F6966\E2E3AC] Auto-router pass #80 on board '64470fd4e576cad5124bd669e9c56d4c' was completed in 0.60 seconds with the score of 866.82 (7 unrouted), using 431.15 CPU seconds and 25005 MB memory.
2026-10-02 14:39:55.101 INFO   [6F6966\E2E3AC] Auto-router pass #81 on board '60bac476dbf814b3f76fa4686c72a291' was completed in 0.33 seconds with the score of 952.49 (4 unrouted), using 460.74 CPU seconds and 25636 MB memory.
2026-10-02 14:39:55.493 INFO   [6F6966\E2E3AC] Auto-router pass #82 on board '446299e57a622f401aa28f424203ee48' was completed in 0.37 seconds with the score of 917.87 (5 unrouted), using 460.74 CPU seconds and 25636 MB memory.
2026-10-02 14:39:55.947 INFO   [6F6966\E2E3AC] Auto-router pass #83 on board '7200d156c7fab2f68b0bf2d2fe48f968' was completed in 0.44 seconds with the score of 898.09 (8 unrouted), using 460.74 CPU seconds and 25636 MB memory.
2026-10-02 14:39:57.435 INFO   [6F6966\E2E3AC] Restoring an earlier board that has the score of 959.06 (4 unrouted).
2026-10-02 14:39:57.436 INFO   [6F6966\E2E3AC] Auto-router pass #84 on board 'ec5eebaf76afa4cbf6ad7bf067eb70e4' was completed in 1.47 seconds with the score of 927.09 (5 unrouted), using 522.86 CPU seconds and 26872 MB memory.
2026-10-02 14:39:57.671 INFO   [6F6966\E2E3AC] Auto-router pass #85 on board '60bac476dbf814b3f76fa4686c72a291' was completed in 0.23 seconds with the score of 952.33 (4 unrouted), using 522.86 CPU seconds and 26872 MB memory.
2026-10-02 14:39:58.032 INFO   [6F6966\E2E3AC] Auto-router pass #86 on board '19bc07ce62f7b242ee2b800fa9d74c47' was completed in 0.35 seconds with the score of 937.73 (5 unrouted), using 522.86 CPU seconds and 26872 MB memory.
2026-10-02 14:39:58.294 INFO   [6F6966\E2E3AC] Auto-router pass #87 on board '23ea3ef38d57505fbd48c08271f1369b' was completed in 0.25 seconds with the score of 905.57 (7 unrouted), using 555.40 CPU seconds and 27754 MB memory.
2026-10-02 14:39:58.975 INFO   [6F6966\E2E3AC] Restoring an earlier board that has the score of 959.06 (4 unrouted).
2026-10-02 14:39:58.975 INFO   [6F6966\E2E3AC] Auto-router pass #88 on board '25a96670d601a38a6578ed3dfefabd7f' was completed in 0.67 seconds with the score of 927.52 (5 unrouted), using 555.40 CPU seconds and 27754 MB memory.
2026-10-02 14:39:59.702 INFO   [6F6966\E2E3AC] Auto-router pass #89 on board '60bac476dbf814b3f76fa4686c72a291' was completed in 0.72 seconds with the score of 964.89 (4 unrouted), using 588.91 CPU seconds and 28594 MB memory.
2026-10-02 14:40:00.296 INFO   [6F6966\E2E3AC] Auto-router pass #90 on board 'bbd7c56c432c3d1bb9aefd79ce9489e0' was completed in 0.57 seconds with the score of 938.25 (4 unrouted), using 623.42 CPU seconds and 29391 MB memory.
2026-10-02 14:40:00.606 INFO   [6F6966\E2E3AC] Auto-router pass #91 on board '6a255a6724979e111ebd751903016e47' was completed in 0.29 seconds with the score of 911.74 (6 unrouted), using 623.42 CPU seconds and 29391 MB memory.
2026-10-02 14:40:01.607 INFO   [6F6966\E2E3AC] Restoring an earlier board that has the score of 964.89 (4 unrouted).
2026-10-02 14:40:01.607 INFO   [6F6966\E2E3AC] Auto-router pass #92 on board '5ba8a7a364788313e3b41fd8b2bb22a1' was completed in 0.98 seconds with the score of 949.24 (4 unrouted), using 658.91 CPU seconds and 30077 MB memory.
2026-10-02 14:40:02.022 INFO   [6F6966\E2E3AC] Auto-router pass #93 on board 'bbd7c56c432c3d1bb9aefd79ce9489e0' was completed in 0.41 seconds with the score of 922.52 (5 unrouted), using 658.91 CPU seconds and 30077 MB memory.
2026-10-02 14:40:02.397 INFO   [6F6966\E2E3AC] Auto-router pass #94 on board '039a67ee865dbed71abcc9944fb33891' was completed in 0.36 seconds with the score of 913.87 (6 unrouted), using 695.38 CPU seconds and 30829 MB memory.
2026-10-02 14:40:02.750 INFO   [6F6966\E2E3AC] Auto-router pass #95 on board 'fd558d4da394e9b9addf43047cc08f39' was completed in 0.34 seconds with the score of 894.66 (6 unrouted), using 695.38 CPU seconds and 30829 MB memory.
2026-10-02 14:40:03.817 INFO   [6F6966\E2E3AC] Restoring an earlier board that has the score of 964.89 (4 unrouted).
2026-10-02 14:40:03.817 INFO   [6F6966\E2E3AC] Auto-router pass #96 on board '514df2a876986f3485ace0ea8ee13bb9' was completed in 1.05 seconds with the score of 885.33 (7 unrouted), using 732.84 CPU seconds and 31529 MB memory.
2026-10-02 14:40:04.298 INFO   [6F6966\E2E3AC] Auto-router pass #97 on board 'bbd7c56c432c3d1bb9aefd79ce9489e0' was completed in 0.47 seconds with the score of 954.58 (3 unrouted), using 771.29 CPU seconds and 32207 MB memory.
2026-10-02 14:40:04.589 INFO   [6F6966\E2E3AC] Auto-router pass #98 on board '2b55414020cb7a8392bd31adb87b4f9a' was completed in 0.28 seconds with the score of 911.34 (7 unrouted), using 771.29 CPU seconds and 32207 MB memory.
2026-10-02 14:40:04.913 INFO   [6F6966\E2E3AC] Auto-router pass #99 on board '7621da2778d471a372a90864ec27c113' was completed in 0.31 seconds with the score of 863.24 (8 unrouted), using 771.29 CPU seconds and 32207 MB memory.
2026-10-02 14:40:05.922 INFO   [6F6966\E2E3AC] Restoring an earlier board that has the score of 964.89 (4 unrouted).
2026-10-02 14:40:05.922 INFO   [6F6966\E2E3AC] Auto-router pass #100 on board '6085f9da698c19dc8fcc3c0d25db8a00' was completed in 1.00 seconds with the score of 915.26 (6 unrouted), using 810.72 CPU seconds and 33064 MB memory.
2026-10-02 14:40:06.204 INFO   [6F6966\E2E3AC] Auto-router pass #101 on board 'bbd7c56c432c3d1bb9aefd79ce9489e0' was completed in 0.28 seconds with the score of 912.30 (6 unrouted), using 851.12 CPU seconds and 33940 MB memory.
2026-10-02 14:40:06.480 INFO   [6F6966\E2E3AC] Auto-router pass #102 on board 'ef580b069ade463e4b95fde0fbe03498' was completed in 0.27 seconds with the score of 841.30 (10 unrouted), using 851.12 CPU seconds and 33940 MB memory.
2026-10-02 14:40:06.711 INFO   [6F6966\E2E3AC] Auto-router pass #103 on board '205e550aa28a80c5a165f75c7e7dc764' was completed in 0.22 seconds with the score of 803.74 (9 unrouted), using 851.12 CPU seconds and 33940 MB memory.
2026-10-02 14:40:07.250 INFO   [6F6966\E2E3AC] Restoring an earlier board that has the score of 964.89 (4 unrouted).
2026-10-02 14:40:07.250 INFO   [6F6966\E2E3AC] Auto-router pass #104 on board '8a94f17fa58325655896f95e7a05a46e' was completed in 0.53 seconds with the score of 910.99 (5 unrouted), using 892.51 CPU seconds and 34917 MB memory.
2026-10-02 14:40:07.641 INFO   [6F6966\E2E3AC] Auto-router pass #105 on board 'bbd7c56c432c3d1bb9aefd79ce9489e0' was completed in 0.39 seconds with the score of 966.74 (4 unrouted), using 892.51 CPU seconds and 34917 MB memory.
2026-10-02 14:40:07.982 INFO   [6F6966\E2E3AC] Auto-router pass #106 on board '2f496714fa3a4fbb3f48f8ac21b664d6' was completed in 0.33 seconds with the score of 973.91 (3 unrouted), using 892.51 CPU seconds and 34917 MB memory.
2026-10-02 14:40:08.054 INFO   [6F6966\E2E3AC] Auto-router pass #107 on board '4a935916b454ee5040a00144a5623986' was completed in 0.06 seconds with the score of 973.91 (3 unrouted), using 892.51 CPU seconds and 34917 MB memory.
2026-10-02 14:40:08.748 INFO   [6F6966\E2E3AC] Restoring an earlier board that has the score of 973.91 (3 unrouted).
2026-10-02 14:40:08.748 INFO   [6F6966\E2E3AC] Auto-router pass #108 on board '4a935916b454ee5040a00144a5623986' was completed in 0.69 seconds with the score of 951.61 (4 unrouted), using 934.88 CPU seconds and 36107 MB memory.
2026-10-02 14:40:09.058 INFO   [6F6966\E2E3AC] Auto-router pass #109 on board '4a935916b454ee5040a00144a5623986' was completed in 0.30 seconds with the score of 953.44 (6 unrouted), using 978.24 CPU seconds and 37182 MB memory.
2026-10-02 14:40:09.465 INFO   [6F6966\E2E3AC] Auto-router pass #110 on board '44b0859effdb783d5ca492399fdf40ca' was completed in 0.40 seconds with the score of 940.13 (4 unrouted), using 978.24 CPU seconds and 37182 MB memory.
2026-10-02 14:40:09.672 INFO   [6F6966\E2E3AC] Auto-router pass #111 on board 'e3f7a4dd20d8c8b06b4141424169bae3' was completed in 0.20 seconds with the score of 831.66 (8 unrouted), using 978.24 CPU seconds and 37182 MB memory.
2026-10-02 14:40:10.598 INFO   [6F6966\E2E3AC] Restoring an earlier board that has the score of 973.91 (3 unrouted).
2026-10-02 14:40:10.598 INFO   [6F6966\E2E3AC] Auto-router pass #112 on board 'a5f12ef19ff9860e4132a8431e5581d8' was completed in 0.92 seconds with the score of 954.16 (3 unrouted), using 1022.57 CPU seconds and 38199 MB memory.
2026-10-02 14:40:10.828 INFO   [6F6966\E2E3AC] Auto-router pass #113 on board '4a935916b454ee5040a00144a5623986' was completed in 0.23 seconds with the score of 974.95 (3 unrouted), using 1022.57 CPU seconds and 38199 MB memory.
2026-10-02 14:40:10.900 INFO   [6F6966\E2E3AC] Auto-router pass #114 on board 'e25a2e81d16e5bcf4981ad1dce82da15' was completed in 0.06 seconds with the score of 974.95 (3 unrouted), using 1022.57 CPU seconds and 38199 MB memory.
2026-10-02 14:40:10.955 INFO   [6F6966\E2E3AC] Auto-router pass #115 on board 'e25a2e81d16e5bcf4981ad1dce82da15' was completed in 0.05 seconds with the score of 974.95 (3 unrouted), using 1022.57 CPU seconds and 38199 MB memory.
2026-10-02 14:40:11.252 INFO   [6F6966\E2E3AC] Restoring an earlier board that has the score of 974.95 (3 unrouted).
2026-10-02 14:40:11.252 INFO   [6F6966\E2E3AC] Auto-router pass #116 on board 'e25a2e81d16e5bcf4981ad1dce82da15' was completed in 0.29 seconds with the score of 974.95 (3 unrouted), using 1067.88 CPU seconds and 39118 MB memory.
2026-10-02 14:40:11.459 INFO   [6F6966\E2E3AC] Auto-router pass #117 on board 'e25a2e81d16e5bcf4981ad1dce82da15' was completed in 0.20 seconds with the score of 974.95 (3 unrouted), using 1067.88 CPU seconds and 39118 MB memory.
2026-10-02 14:40:11.518 INFO   [6F6966\E2E3AC] Auto-router pass #118 on board 'e25a2e81d16e5bcf4981ad1dce82da15' was completed in 0.05 seconds with the score of 974.95 (3 unrouted), using 1067.88 CPU seconds and 39118 MB memory.
2026-10-02 14:40:11.577 INFO   [6F6966\E2E3AC] Auto-router pass #119 on board 'e25a2e81d16e5bcf4981ad1dce82da15' was completed in 0.05 seconds with the score of 974.95 (3 unrouted), using 1067.88 CPU seconds and 39118 MB memory.
2026-10-02 14:40:12.042 INFO   [6F6966\E2E3AC] Restoring an earlier board that has the score of 974.95 (3 unrouted).
2026-10-02 14:40:12.042 INFO   [6F6966\E2E3AC] Auto-router pass #120 on board 'e25a2e81d16e5bcf4981ad1dce82da15' was completed in 0.46 seconds with the score of 967.92 (3 unrouted), using 1067.88 CPU seconds and 39118 MB memory.
2026-10-02 14:40:12.594 INFO   [6F6966\E2E3AC] Auto-router pass #121 on board 'e25a2e81d16e5bcf4981ad1dce82da15' was completed in 0.55 seconds with the score of 965.36 (5 unrouted), using 1114.18 CPU seconds and 40117 MB memory.
2026-10-02 14:40:12.694 INFO   [6F6966\E2E3AC] Auto-router pass #122 on board '33ff4bc4939a46f3601b2bdaaa6a5cc0' was completed in 0.09 seconds with the score of 965.36 (5 unrouted), using 1114.18 CPU seconds and 40117 MB memory.
2026-10-02 14:40:12.766 INFO   [6F6966\E2E3AC] Auto-router pass #123 on board '33ff4bc4939a46f3601b2bdaaa6a5cc0' was completed in 0.07 seconds with the score of 965.36 (5 unrouted), using 1114.18 CPU seconds and 40117 MB memory.
2026-10-02 14:40:13.709 INFO   [6F6966\E2E3AC] Auto-router pass #124 on board '33ff4bc4939a46f3601b2bdaaa6a5cc0' was completed in 0.94 seconds with the score of 975.27 (2 unrouted), using 1161.45 CPU seconds and 41327 MB memory.
2026-10-02 14:40:13.767 INFO   [6F6966\E2E3AC] Auto-router pass #125 on board '2e2398d0e388eb39143b77a0e6d13d93' was completed in 0.04 seconds with the score of 975.27 (2 unrouted), using 1161.45 CPU seconds and 41327 MB memory.
2026-10-02 14:40:13.803 INFO   [6F6966\E2E3AC] Auto-router pass #126 on board '2e2398d0e388eb39143b77a0e6d13d93' was completed in 0.03 seconds with the score of 975.27 (2 unrouted), using 1161.45 CPU seconds and 41327 MB memory.
2026-10-02 14:40:13.839 INFO   [6F6966\E2E3AC] Auto-router pass #127 on board '2e2398d0e388eb39143b77a0e6d13d93' was completed in 0.03 seconds with the score of 975.27 (2 unrouted), using 1161.45 CPU seconds and 41327 MB memory.
2026-10-02 14:40:13.962 INFO   [6F6966\E2E3AC] Auto-router pass #128 on board '2e2398d0e388eb39143b77a0e6d13d93' was completed in 0.12 seconds with the score of 977.96 (2 unrouted), using 1161.45 CPU seconds and 41327 MB memory.
2026-10-02 14:40:13.997 INFO   [6F6966\E2E3AC] Auto-router pass #129 on board 'aade96c6deb632ac737f0b970af6f9be' was completed in 0.02 seconds with the score of 977.96 (2 unrouted), using 1161.45 CPU seconds and 41327 MB memory.
2026-10-02 14:40:14.024 INFO   [6F6966\E2E3AC] Auto-router pass #130 on board 'aade96c6deb632ac737f0b970af6f9be' was completed in 0.02 seconds with the score of 977.96 (2 unrouted), using 1161.45 CPU seconds and 41327 MB memory.
2026-10-02 14:40:14.050 INFO   [6F6966\E2E3AC] Auto-router pass #131 on board 'aade96c6deb632ac737f0b970af6f9be' was completed in 0.02 seconds with the score of 977.96 (2 unrouted), using 1161.45 CPU seconds and 41327 MB memory.
2026-10-02 14:40:14.397 INFO   [6F6966\E2E3AC] Restoring an earlier board that has the score of 977.96 (2 unrouted).
2026-10-02 14:40:14.397 INFO   [6F6966\E2E3AC] Auto-router pass #132 on board 'aade96c6deb632ac737f0b970af6f9be' was completed in 0.34 seconds with the score of 968.65 (3 unrouted), using 1209.72 CPU seconds and 42226 MB memory.
2026-10-02 14:40:14.603 INFO   [6F6966\E2E3AC] Auto-router pass #133 on board 'aade96c6deb632ac737f0b970af6f9be' was completed in 0.20 seconds with the score of 967.70 (3 unrouted), using 1209.72 CPU seconds and 42226 MB memory.
2026-10-02 14:40:14.748 INFO   [6F6966\E2E3AC] Auto-router pass #134 on board 'fb14d6901a6d87ed86bec4303ffbe1dc' was completed in 0.13 seconds with the score of 974.80 (2 unrouted), using 1209.72 CPU seconds and 42226 MB memory.
2026-10-02 14:40:14.907 INFO   [6F6966\E2E3AC] Auto-router pass #135 on board 'f83afb6eba47de1ecf9136a8168fad17' was completed in 0.15 seconds with the score of 977.94 (2 unrouted), using 1209.72 CPU seconds and 42226 MB memory.
2026-10-02 14:40:15.389 INFO   [6F6966\E2E3AC] Auto-router pass #136 on board 'daede159661ca157b66a247b6524db11' was completed in 0.47 seconds with the score of 983.65 (1 unrouted), using 1258.96 CPU seconds and 43166 MB memory.
2026-10-02 14:40:15.507 INFO   [6F6966\E2E3AC] Auto-router pass #137 on board '4080a5c368223955b001aac98479decb' was completed in 0.10 seconds with the score of 975.93 (2 unrouted), using 1258.96 CPU seconds and 43166 MB memory.
2026-10-02 14:40:15.719 INFO   [6F6966\E2E3AC] Auto-router pass #138 on board '16e6cca558edf5015c45d4c28079620e' was completed in 0.20 seconds with the score of 968.36 (3 unrouted), using 1258.96 CPU seconds and 43166 MB memory.
2026-10-02 14:40:15.904 INFO   [6F6966\E2E3AC] Auto-router pass #139 on board '1cffb3f31b64be0f1fcb1ae9fc555d79' was completed in 0.17 seconds with the score of 982.25 (1 unrouted), using 1258.96 CPU seconds and 43166 MB memory.
2026-10-02 14:40:16.101 INFO   [6F6966\E2E3AC] Restoring an earlier board that has the score of 983.65 (1 unrouted).
2026-10-02 14:40:16.101 INFO   [6F6966\E2E3AC] Auto-router pass #140 on board '9c126d6c6f4001888145d37c211a8bda' was completed in 0.19 seconds with the score of 982.93 (1 unrouted), using 1309.19 CPU seconds and 44014 MB memory.
2026-10-02 14:40:16.214 INFO   [6F6966\E2E3AC] Auto-router pass #141 on board '4080a5c368223955b001aac98479decb' was completed in 0.11 seconds with the score of 975.93 (2 unrouted), using 1309.19 CPU seconds and 44014 MB memory.
2026-10-02 14:40:16.371 INFO   [6F6966\E2E3AC] Auto-router pass #142 on board '22ae6d458970ed4a8584c98da30b52b4' was completed in 0.14 seconds with the score of 959.91 (3 unrouted), using 1309.19 CPU seconds and 44014 MB memory.
2026-10-02 14:40:16.580 INFO   [6F6966\E2E3AC] Auto-router pass #143 on board 'd751cc4916bbbf95b1cdf9af4cb7cbd4' was completed in 0.20 seconds with the score of 958.93 (3 unrouted), using 1309.19 CPU seconds and 44014 MB memory.
2026-10-02 14:40:16.971 INFO   [6F6966\E2E3AC] Restoring an earlier board that has the score of 983.65 (1 unrouted).
2026-10-02 14:40:16.971 INFO   [6F6966\E2E3AC] Auto-router pass #144 on board '295a5c6f87a353c1f34eb09409b25ce8' was completed in 0.38 seconds with the score of 927.49 (5 unrouted), using 1309.19 CPU seconds and 44014 MB memory.
2026-10-02 14:40:17.127 INFO   [6F6966\E2E3AC] Auto-router pass #145 on board '4080a5c368223955b001aac98479decb' was completed in 0.15 seconds with the score of 976.27 (2 unrouted), using 1360.39 CPU seconds and 44906 MB memory.
2026-10-02 14:40:17.320 INFO   [6F6966\E2E3AC] Auto-router pass #146 on board '5266f874e6955b9e5d148f2ceabcd4fa' was completed in 0.18 seconds with the score of 965.69 (3 unrouted), using 1360.39 CPU seconds and 44906 MB memory.
2026-10-02 14:40:17.501 INFO   [6F6966\E2E3AC] Auto-router pass #147 on board '2254ae73530b00ba74918016f5425d47' was completed in 0.17 seconds with the score of 985.28 (1 unrouted), using 1360.39 CPU seconds and 44906 MB memory.
2026-10-02 14:40:17.726 INFO   [6F6966\E2E3AC] Restoring an earlier board that has the score of 985.28 (1 unrouted).
2026-10-02 14:40:17.726 INFO   [6F6966\E2E3AC] Auto-router pass #148 on board 'ec9b71e2cf364f5db4fc230d8af522c0' was completed in 0.21 seconds with the score of 977.59 (2 unrouted), using 1360.39 CPU seconds and 44906 MB memory.
2026-10-02 14:40:17.875 INFO   [6F6966\E2E3AC] Auto-router pass #149 on board 'ec9b71e2cf364f5db4fc230d8af522c0' was completed in 0.14 seconds with the score of 978.99 (2 unrouted), using 1360.39 CPU seconds and 44906 MB memory.
2026-10-02 14:40:17.941 INFO   [6F6966\E2E3AC] Auto-router pass #150 on board 'bc01f931aa7526e16530adf09c584fae' was completed in 0.05 seconds with the score of 986.71 (1 unrouted), using 1360.39 CPU seconds and 44906 MB memory.
2026-10-02 14:40:18.098 INFO   [6F6966\E2E3AC] Auto-router pass #151 on board '5441b654b31a3ba939216eb8779be599' was completed in 0.14 seconds with the score of 949.92 (4 unrouted), using 1412.58 CPU seconds and 45942 MB memory.
2026-10-02 14:40:18.429 INFO   [6F6966\E2E3AC] Restoring an earlier board that has the score of 986.71 (1 unrouted).
2026-10-02 14:40:18.429 INFO   [6F6966\E2E3AC] Auto-router pass #152 on board 'bd7ec7d19624a2c8e59f664cde11f298' was completed in 0.32 seconds with the score of 972.00 (2 unrouted), using 1412.58 CPU seconds and 45942 MB memory.
2026-10-02 14:40:18.592 INFO   [6F6966\E2E3AC] Auto-router pass #153 on board '5441b654b31a3ba939216eb8779be599' was completed in 0.16 seconds with the score of 972.47 (3 unrouted), using 1412.58 CPU seconds and 45942 MB memory.
2026-10-02 14:40:18.807 INFO   [6F6966\E2E3AC] Auto-router pass #154 on board '55bbef8a48e8ef9d2fd5b4aa2d64322c' was completed in 0.20 seconds with the score of 987.58 (1 unrouted), using 1412.58 CPU seconds and 45942 MB memory.
2026-10-02 14:40:18.988 INFO   [6F6966\E2E3AC] Auto-router pass #155 on board '7636e251b710dd5d5d83ebeb8e4733d8' was completed in 0.17 seconds with the score of 986.14 (1 unrouted), using 1412.58 CPU seconds and 45942 MB memory.
2026-10-02 14:40:19.043 INFO   [6F6966\E2E3AC] Restoring an earlier board that has the score of 987.58 (1 unrouted).
2026-10-02 14:40:19.043 INFO   [6F6966\E2E3AC] Auto-router pass #156 on board '2d85749d040cf5e7ab09f33502995349' was completed in 0.04 seconds with the score of 985.48 (1 unrouted), using 1412.58 CPU seconds and 45942 MB memory.
2026-10-02 14:40:19.192 INFO   [6F6966\E2E3AC] Auto-router pass #157 on board '7636e251b710dd5d5d83ebeb8e4733d8' was completed in 0.14 seconds with the score of 986.14 (1 unrouted), using 1465.74 CPU seconds and 46865 MB memory.
2026-10-02 14:40:19.224 INFO   [6F6966\E2E3AC] Auto-router pass #158 on board '2d85749d040cf5e7ab09f33502995349' was completed in 0.03 seconds with the score of 985.48 (1 unrouted), using 1465.74 CPU seconds and 46865 MB memory.
2026-10-02 14:40:19.337 INFO   [6F6966\E2E3AC] Auto-router pass #159 on board '5b760f78faab1d51ff4fdd9b55acb641' was completed in 0.10 seconds with the score of 975.76 (2 unrouted), using 1465.74 CPU seconds and 46865 MB memory.
2026-10-02 14:40:19.714 INFO   [6F6966\E2E3AC] Restoring an earlier board that has the score of 987.58 (1 unrouted).
2026-10-02 14:40:19.714 INFO   [6F6966\E2E3AC] Auto-router pass #160 on board 'e4f3bb879151e441c004e33493d23af7' was completed in 0.36 seconds with the score of 962.31 (3 unrouted), using 1465.74 CPU seconds and 46865 MB memory.
2026-10-02 14:40:19.808 INFO   [6F6966\E2E3AC] Auto-router pass #161 on board '7636e251b710dd5d5d83ebeb8e4733d8' was completed in 0.09 seconds with the score of 980.81 (1 unrouted), using 1465.74 CPU seconds and 46865 MB memory.
2026-10-02 14:40:19.883 INFO   [6F6966\E2E3AC] Auto-router pass #162 on board '1d45f5ae98b84735acc81b212fe7477c' was completed in 0.06 seconds with the score of 968.66 (2 unrouted), using 1465.74 CPU seconds and 46865 MB memory.
2026-10-02 14:40:19.942 INFO   [6F6966\E2E3AC] Auto-router pass #163 on board '923a6bee756142d3677208bb5ae9b12e' was completed in 0.05 seconds with the score of 970.89 (2 unrouted), using 1465.74 CPU seconds and 46865 MB memory.
2026-10-02 14:40:20.345 INFO   [6F6966\E2E3AC] Restoring an earlier board that has the score of 987.58 (1 unrouted).
2026-10-02 14:40:20.345 INFO   [6F6966\E2E3AC] Auto-router pass #164 on board '93aa9a7572778f6e2d57b17d31c0dfa1' was completed in 0.39 seconds with the score of 972.74 (2 unrouted), using 1519.88 CPU seconds and 47771 MB memory.
2026-10-02 14:40:20.437 INFO   [6F6966\E2E3AC] Auto-router pass #165 on board '7636e251b710dd5d5d83ebeb8e4733d8' was completed in 0.09 seconds with the score of 980.81 (1 unrouted), using 1519.88 CPU seconds and 47771 MB memory.
2026-10-02 14:40:20.468 INFO   [6F6966\E2E3AC] Auto-router pass #166 on board '1d45f5ae98b84735acc81b212fe7477c' was completed in 0.03 seconds with the score of 980.51 (1 unrouted), using 1519.88 CPU seconds and 47771 MB memory.
2026-10-02 14:40:20.576 INFO   [6F6966\E2E3AC] Auto-router pass #167 on board 'f7a8eef841d3b9298df9bfbfe9d23950' was completed in 0.10 seconds with the score of 969.31 (2 unrouted), using 1519.88 CPU seconds and 47771 MB memory.
2026-10-02 14:40:21.038 INFO   [6F6966\E2E3AC] Restoring an earlier board that has the score of 987.58 (1 unrouted).
2026-10-02 14:40:21.039 INFO   [6F6966\E2E3AC] Auto-router pass #168 on board '6d0c6536d1e238184d2a9c8b23373d3d' was completed in 0.45 seconds with the score of 962.23 (3 unrouted), using 1519.88 CPU seconds and 47771 MB memory.
2026-10-02 14:40:21.267 INFO   [6F6966\E2E3AC] Auto-router pass #169 on board '7636e251b710dd5d5d83ebeb8e4733d8' was completed in 0.22 seconds with the score of 986.14 (1 unrouted), using 1575.00 CPU seconds and 48580 MB memory.
2026-10-02 14:40:21.418 INFO   [6F6966\E2E3AC] Auto-router pass #170 on board '2d85749d040cf5e7ab09f33502995349' was completed in 0.15 seconds with the score of 985.59 (1 unrouted), using 1575.00 CPU seconds and 48580 MB memory.
2026-10-02 14:40:21.577 INFO   [6F6966\E2E3AC] Auto-router pass #171 on board '5c5298ba23e4f9a288bc115d119daf1d' was completed in 0.14 seconds with the score of 975.76 (2 unrouted), using 1575.00 CPU seconds and 48580 MB memory.
2026-10-02 14:40:22.108 INFO   [6F6966\E2E3AC] Restoring an earlier board that has the score of 986.71 (1 unrouted).
2026-10-02 14:40:22.108 INFO   [6F6966\E2E3AC] Auto-router pass #172 on board 'd9d3a729b34079245d62f44c97b08a2d' was completed in 0.51 seconds with the score of 962.31 (3 unrouted), using 1631.09 CPU seconds and 49223 MB memory.
2026-10-02 14:40:22.313 INFO   [6F6966\E2E3AC] Auto-router pass #173 on board '5441b654b31a3ba939216eb8779be599' was completed in 0.20 seconds with the score of 949.92 (4 unrouted), using 1631.09 CPU seconds and 49223 MB memory.
2026-10-02 14:40:22.541 INFO   [6F6966\E2E3AC] Auto-router pass #174 on board '3079c7c46738fd699088bf6f5261160b' was completed in 0.21 seconds with the score of 956.91 (3 unrouted), using 1631.09 CPU seconds and 49223 MB memory.
2026-10-02 14:40:22.724 INFO   [6F6966\E2E3AC] Auto-router pass #175 on board '3f3f00a5731bae687e142a38e4076c7a' was completed in 0.17 seconds with the score of 956.99 (3 unrouted), using 1631.09 CPU seconds and 49223 MB memory.
2026-10-02 14:40:23.095 INFO   [6F6966\E2E3AC] Restoring an earlier board that has the score of 986.71 (1 unrouted).
2026-10-02 14:40:23.096 INFO   [6F6966\E2E3AC] Auto-router pass #176 on board 'ca66abce62a20c0bc452a167effe3f12' was completed in 0.35 seconds with the score of 934.99 (5 unrouted), using 1688.17 CPU seconds and 49902 MB memory.
2026-10-02 14:40:23.306 INFO   [6F6966\E2E3AC] Auto-router pass #177 on board '5441b654b31a3ba939216eb8779be599' was completed in 0.20 seconds with the score of 949.92 (4 unrouted), using 1688.17 CPU seconds and 49902 MB memory.
2026-10-02 14:40:23.486 INFO   [6F6966\E2E3AC] Auto-router pass #178 on board '3079c7c46738fd699088bf6f5261160b' was completed in 0.17 seconds with the score of 958.82 (3 unrouted), using 1688.17 CPU seconds and 49902 MB memory.
2026-10-02 14:40:23.832 INFO   [6F6966\E2E3AC] Auto-router pass #179 on board '72247936f8e212f9dd0f761fe2d9843c' was completed in 0.33 seconds with the score of 927.40 (5 unrouted), using 1688.17 CPU seconds and 49902 MB memory.
2026-10-02 14:40:24.940 INFO   [6F6966\E2E3AC] Restoring an earlier board that has the score of 986.71 (1 unrouted).
2026-10-02 14:40:24.941 INFO   [6F6966\E2E3AC] Auto-router pass #180 on board 'cb38f4a6f7f41e51d89c8926c7d4ecc0' was completed in 1.09 seconds with the score of 905.98 (6 unrouted), using 1746.24 CPU seconds and 50611 MB memory.
2026-10-02 14:40:25.079 INFO   [6F6966\E2E3AC] Auto-router pass #181 on board '5441b654b31a3ba939216eb8779be599' was completed in 0.13 seconds with the score of 949.92 (4 unrouted), using 1805.28 CPU seconds and 51471 MB memory.
2026-10-02 14:40:25.281 INFO   [6F6966\E2E3AC] Auto-router pass #182 on board '3079c7c46738fd699088bf6f5261160b' was completed in 0.20 seconds with the score of 938.04 (5 unrouted), using 1805.28 CPU seconds and 51471 MB memory.
2026-10-02 14:40:25.357 INFO   [6F6966\E2E3AC] Auto-router pass #183 on board '3ad63fbb75c1c600b01c2d6d7e5b78a9' was completed in 0.07 seconds with the score of 938.04 (5 unrouted), using 1805.28 CPU seconds and 51471 MB memory.
2026-10-02 14:40:25.663 INFO   [6F6966\E2E3AC] Restoring an earlier board that has the score of 986.14 (1 unrouted).
2026-10-02 14:40:25.663 INFO   [6F6966\E2E3AC] Auto-router pass #184 on board '3ad63fbb75c1c600b01c2d6d7e5b78a9' was completed in 0.30 seconds with the score of 963.30 (3 unrouted), using 1805.28 CPU seconds and 51471 MB memory.
2026-10-02 14:40:25.770 INFO   [6F6966\E2E3AC] Auto-router pass #185 on board '2d85749d040cf5e7ab09f33502995349' was completed in 0.10 seconds with the score of 985.59 (1 unrouted), using 1805.28 CPU seconds and 51471 MB memory.
2026-10-02 14:40:25.871 INFO   [6F6966\E2E3AC] Auto-router pass #186 on board '97b5524df155f7c5aebf5b5b6bc24cf4' was completed in 0.09 seconds with the score of 975.76 (2 unrouted), using 1805.28 CPU seconds and 51471 MB memory.
2026-10-02 14:40:26.067 INFO   [6F6966\E2E3AC] Auto-router pass #187 on board 'b30c1df510a824f892c99f6becb79efd' was completed in 0.18 seconds with the score of 974.62 (2 unrouted), using 1865.31 CPU seconds and 52483 MB memory.
2026-10-02 14:40:26.352 INFO   [6F6966\E2E3AC] Restoring an earlier board that has the score of 986.14 (1 unrouted).
2026-10-02 14:40:26.353 INFO   [6F6966\E2E3AC] Auto-router pass #188 on board 'dfb4f14dc39e5fa68cece90f5d1571c3' was completed in 0.27 seconds with the score of 967.50 (3 unrouted), using 1865.31 CPU seconds and 52483 MB memory.
2026-10-02 14:40:26.461 INFO   [6F6966\E2E3AC] Auto-router pass #189 on board '2d85749d040cf5e7ab09f33502995349' was completed in 0.10 seconds with the score of 985.59 (1 unrouted), using 1865.31 CPU seconds and 52483 MB memory.
2026-10-02 14:40:26.588 INFO   [6F6966\E2E3AC] Auto-router pass #190 on board '97b5524df155f7c5aebf5b5b6bc24cf4' was completed in 0.12 seconds with the score of 975.76 (2 unrouted), using 1865.31 CPU seconds and 52483 MB memory.
2026-10-02 14:40:26.783 INFO   [6F6966\E2E3AC] Auto-router pass #191 on board 'b30c1df510a824f892c99f6becb79efd' was completed in 0.19 seconds with the score of 971.75 (2 unrouted), using 1865.31 CPU seconds and 52483 MB memory.
2026-10-02 14:40:27.512 INFO   [6F6966\E2E3AC] Restoring an earlier board that has the score of 986.14 (1 unrouted).
2026-10-02 14:40:27.513 INFO   [6F6966\E2E3AC] Auto-router pass #192 on board '1e2933d0b8ff4c64296a4370b2eb7622' was completed in 0.71 seconds with the score of 966.99 (3 unrouted), using 1926.31 CPU seconds and 53248 MB memory.
2026-10-02 14:40:27.556 INFO   [6F6966\E2E3AC] Auto-router pass #193 on board '2d85749d040cf5e7ab09f33502995349' was completed in 0.04 seconds with the score of 985.48 (1 unrouted), using 1926.31 CPU seconds and 53248 MB memory.
2026-10-02 14:40:27.734 INFO   [6F6966\E2E3AC] Auto-router pass #194 on board 'b6df0f6f7af4ac7927195f57c26f5bf2' was completed in 0.16 seconds with the score of 975.28 (2 unrouted), using 1926.31 CPU seconds and 53248 MB memory.
2026-10-02 14:40:27.926 INFO   [6F6966\E2E3AC] Auto-router pass #195 on board 'c5e9363c4d148bf811b372920190fc48' was completed in 0.17 seconds with the score of 971.10 (2 unrouted), using 1926.31 CPU seconds and 53248 MB memory.
2026-10-02 14:40:28.416 INFO   [6F6966\E2E3AC] Restoring an earlier board that has the score of 986.14 (1 unrouted).
2026-10-02 14:40:28.416 INFO   [6F6966\E2E3AC] Auto-router pass #196 on board 'ae4659af556cc5eed7d1081d8617eb8b' was completed in 0.47 seconds with the score of 972.45 (2 unrouted), using 1988.28 CPU seconds and 53833 MB memory.
2026-10-02 14:40:28.593 INFO   [6F6966\E2E3AC] Auto-router pass #197 on board '2d85749d040cf5e7ab09f33502995349' was completed in 0.17 seconds with the score of 985.59 (1 unrouted), using 1988.28 CPU seconds and 53833 MB memory.
2026-10-02 14:40:28.717 INFO   [6F6966\E2E3AC] Auto-router pass #198 on board '97b5524df155f7c5aebf5b5b6bc24cf4' was completed in 0.12 seconds with the score of 975.76 (2 unrouted), using 1988.28 CPU seconds and 53833 MB memory.
2026-10-02 14:40:28.858 INFO   [6F6966\E2E3AC] Auto-router pass #199 on board 'b30c1df510a824f892c99f6becb79efd' was completed in 0.14 seconds with the score of 971.75 (2 unrouted), using 1988.28 CPU seconds and 53833 MB memory.
2026-10-02 14:40:29.286 INFO   [6F6966\E2E3AC] Restoring an earlier board that has the score of 985.59 (1 unrouted).
2026-10-02 14:40:29.286 INFO   [6F6966\E2E3AC] Auto-router pass #200 on board 'ad037012ad9727c8098afa4ec25b44cf' was completed in 0.42 seconds with the score of 966.40 (3 unrouted), using 2051.22 CPU seconds and 54549 MB memory.
2026-10-02 14:40:29.389 INFO   [6F6966\E2E3AC] Auto-router pass #201 on board '5c5298ba23e4f9a288bc115d119daf1d' was completed in 0.10 seconds with the score of 974.61 (2 unrouted), using 2051.22 CPU seconds and 54549 MB memory.
2026-10-02 14:40:29.537 INFO   [6F6966\E2E3AC] Auto-router pass #202 on board '2ca8323ec6c0a99c4d90a3d5246a54f6' was completed in 0.14 seconds with the score of 971.35 (2 unrouted), using 2051.22 CPU seconds and 54549 MB memory.
2026-10-02 14:40:29.719 INFO   [6F6966\E2E3AC] Auto-router pass #203 on board '6e50d89f1373ec0e6add8a07b26f2e41' was completed in 0.17 seconds with the score of 944.73 (4 unrouted), using 2051.22 CPU seconds and 54549 MB memory.
2026-10-02 14:40:30.213 INFO   [6F6966\E2E3AC] Restoring an earlier board that has the score of 985.59 (1 unrouted).
2026-10-02 14:40:30.213 INFO   [6F6966\E2E3AC] Auto-router pass #204 on board 'f8241bef5a84da791747b8987f4280e6' was completed in 0.48 seconds with the score of 906.39 (6 unrouted), using 2115.15 CPU seconds and 55487 MB memory.
2026-10-02 14:40:30.305 INFO   [6F6966\E2E3AC] Auto-router pass #205 on board '5c5298ba23e4f9a288bc115d119daf1d' was completed in 0.09 seconds with the score of 975.76 (2 unrouted), using 2115.15 CPU seconds and 55487 MB memory.
2026-10-02 14:40:30.455 INFO   [6F6966\E2E3AC] Auto-router pass #206 on board 'dd7557c1df5d418d68e594856a4d4f57' was completed in 0.14 seconds with the score of 962.72 (3 unrouted), using 2115.15 CPU seconds and 55487 MB memory.
2026-10-02 14:40:30.703 INFO   [6F6966\E2E3AC] Auto-router pass #207 on board '9222d42c97c785d85438776e98b9d39e' was completed in 0.24 seconds with the score of 959.19 (3 unrouted), using 2115.15 CPU seconds and 55487 MB memory.
2026-10-02 14:40:30.953 INFO   [6F6966\E2E3AC] Restoring an earlier board that has the score of 985.59 (1 unrouted).
2026-10-02 14:40:30.953 INFO   [6F6966\E2E3AC] Auto-router pass #208 on board 'f3950d4cc54dbc06c9a3a7ae77217fbd' was completed in 0.24 seconds with the score of 970.46 (2 unrouted), using 2115.15 CPU seconds and 55487 MB memory.
2026-10-02 14:40:31.045 INFO   [6F6966\E2E3AC] Auto-router pass #209 on board '5c5298ba23e4f9a288bc115d119daf1d' was completed in 0.09 seconds with the score of 975.76 (2 unrouted), using 2115.15 CPU seconds and 55487 MB memory.
2026-10-02 14:40:31.206 INFO   [6F6966\E2E3AC] Auto-router pass #210 on board 'dd7557c1df5d418d68e594856a4d4f57' was completed in 0.16 seconds with the score of 961.15 (3 unrouted), using 2180.06 CPU seconds and 56475 MB memory.
2026-10-02 14:40:31.454 INFO   [6F6966\E2E3AC] Auto-router pass #211 on board '0002e0947b66b8f9d94ebd7c65ca3d0a' was completed in 0.23 seconds with the score of 908.63 (7 unrouted), using 2180.06 CPU seconds and 56475 MB memory.
2026-10-02 14:40:32.387 INFO   [6F6966\E2E3AC] Restoring an earlier board that has the score of 985.59 (1 unrouted).
2026-10-02 14:40:32.387 INFO   [6F6966\E2E3AC] Auto-router pass #212 on board '8cb212caff1f6afde3324f634c64a96a' was completed in 0.92 seconds with the score of 941.84 (4 unrouted), using 2245.95 CPU seconds and 57338 MB memory.
2026-10-02 14:40:32.481 INFO   [6F6966\E2E3AC] Auto-router pass #213 on board '5c5298ba23e4f9a288bc115d119daf1d' was completed in 0.09 seconds with the score of 975.76 (2 unrouted), using 2245.95 CPU seconds and 57338 MB memory.
2026-10-02 14:40:32.594 INFO   [6F6966\E2E3AC] Auto-router pass #214 on board 'dd7557c1df5d418d68e594856a4d4f57' was completed in 0.11 seconds with the score of 962.24 (3 unrouted), using 2245.95 CPU seconds and 57338 MB memory.
2026-10-02 14:40:32.809 INFO   [6F6966\E2E3AC] Auto-router pass #215 on board 'e8c29f53879d9579e857ddef00252fd3' was completed in 0.20 seconds with the score of 964.15 (3 unrouted), using 2245.95 CPU seconds and 57338 MB memory.
2026-10-02 14:40:33.293 INFO   [6F6966\E2E3AC] Restoring an earlier board that has the score of 985.59 (1 unrouted).
2026-10-02 14:40:33.294 INFO   [6F6966\E2E3AC] Auto-router pass #216 on board 'cb38bfeef6e25a16f8845213691e65bb' was completed in 0.47 seconds with the score of 954.75 (4 unrouted), using 2312.82 CPU seconds and 58215 MB memory.
2026-10-02 14:40:33.388 INFO   [6F6966\E2E3AC] Auto-router pass #217 on board '97b5524df155f7c5aebf5b5b6bc24cf4' was completed in 0.09 seconds with the score of 975.76 (2 unrouted), using 2312.82 CPU seconds and 58215 MB memory.
2026-10-02 14:40:33.554 INFO   [6F6966\E2E3AC] Auto-router pass #218 on board '286512d103501caf5d20b090add0353a' was completed in 0.15 seconds with the score of 961.15 (3 unrouted), using 2312.82 CPU seconds and 58215 MB memory.
2026-10-02 14:40:33.751 INFO   [6F6966\E2E3AC] Auto-router pass #219 on board 'aa87acee9f6af1e05bddf18e82a734d7' was completed in 0.19 seconds with the score of 959.06 (3 unrouted), using 2312.82 CPU seconds and 58215 MB memory.
2026-10-02 14:40:34.372 INFO   [6F6966\E2E3AC] Restoring an earlier board that has the score of 985.59 (1 unrouted).
2026-10-02 14:40:34.372 INFO   [6F6966\E2E3AC] Auto-router pass #220 on board 'f33e98c73c08efea9dae6c68d4c45957' was completed in 0.61 seconds with the score of 960.44 (3 unrouted), using 2380.68 CPU seconds and 59125 MB memory.
2026-10-02 14:40:34.476 INFO   [6F6966\E2E3AC] Auto-router pass #221 on board '97b5524df155f7c5aebf5b5b6bc24cf4' was completed in 0.10 seconds with the score of 974.61 (2 unrouted), using 2380.68 CPU seconds and 59125 MB memory.
2026-10-02 14:40:34.588 INFO   [6F6966\E2E3AC] Auto-router pass #222 on board 'a228c8b66b4503cb5227deaaa8a56121' was completed in 0.10 seconds with the score of 971.94 (2 unrouted), using 2380.68 CPU seconds and 59125 MB memory.
2026-10-02 14:40:34.753 INFO   [6F6966\E2E3AC] Auto-router pass #223 on board 'b9819396b2e5096c44270eb2dd68fb8c' was completed in 0.15 seconds with the score of 954.99 (4 unrouted), using 2380.68 CPU seconds and 59125 MB memory.
2026-10-02 14:40:35.126 INFO   [6F6966\E2E3AC] Restoring an earlier board that has the score of 985.59 (1 unrouted).
2026-10-02 14:40:35.126 INFO   [6F6966\E2E3AC] Auto-router pass #224 on board 'f98e61c4ceff8949384f986541a936a3' was completed in 0.36 seconds with the score of 968.30 (2 unrouted), using 2449.51 CPU seconds and 60027 MB memory.
2026-10-02 14:40:35.224 INFO   [6F6966\E2E3AC] Auto-router pass #225 on board '97b5524df155f7c5aebf5b5b6bc24cf4' was completed in 0.09 seconds with the score of 975.76 (2 unrouted), using 2449.51 CPU seconds and 60027 MB memory.
2026-10-02 14:40:35.364 INFO   [6F6966\E2E3AC] Auto-router pass #226 on board '286512d103501caf5d20b090add0353a' was completed in 0.14 seconds with the score of 961.15 (3 unrouted), using 2449.51 CPU seconds and 60027 MB memory.
2026-10-02 14:40:35.602 INFO   [6F6966\E2E3AC] Auto-router pass #227 on board '302aa3803beb8f50ba3d4baf2ac06473' was completed in 0.22 seconds with the score of 944.49 (4 unrouted), using 2449.51 CPU seconds and 60027 MB memory.
2026-10-02 14:40:36.242 INFO   [6F6966\E2E3AC] Restoring an earlier board that has the score of 985.59 (1 unrouted).
2026-10-02 14:40:36.242 INFO   [6F6966\E2E3AC] Auto-router pass #228 on board 'e56728da562e65e37081153c37dece70' was completed in 0.63 seconds with the score of 919.05 (7 unrouted), using 2519.33 CPU seconds and 60955 MB memory.
2026-10-02 14:40:36.334 INFO   [6F6966\E2E3AC] Auto-router pass #229 on board '97b5524df155f7c5aebf5b5b6bc24cf4' was completed in 0.09 seconds with the score of 975.76 (2 unrouted), using 2519.33 CPU seconds and 60955 MB memory.
2026-10-02 14:40:36.401 INFO   [6F6966\E2E3AC] Auto-router pass #230 on board '286512d103501caf5d20b090add0353a' was completed in 0.06 seconds with the score of 972.70 (2 unrouted), using 2519.33 CPU seconds and 60955 MB memory.
2026-10-02 14:40:36.548 INFO   [6F6966\E2E3AC] Auto-router pass #231 on board 'caf01a1fe7c2a47927b009a7ff7514d0' was completed in 0.14 seconds with the score of 943.91 (4 unrouted), using 2519.33 CPU seconds and 60955 MB memory.
2026-10-02 14:40:37.099 INFO   [6F6966\E2E3AC] Restoring an earlier board that has the score of 985.48 (1 unrouted).
2026-10-02 14:40:37.099 INFO   [6F6966\E2E3AC] Auto-router pass #232 on board '803489a95f634421a586cd615cb65a38' was completed in 0.54 seconds with the score of 916.77 (6 unrouted), using 2590.12 CPU seconds and 61822 MB memory.
2026-10-02 14:40:37.208 INFO   [6F6966\E2E3AC] Auto-router pass #233 on board '5b760f78faab1d51ff4fdd9b55acb641' was completed in 0.10 seconds with the score of 975.28 (2 unrouted), using 2590.12 CPU seconds and 61822 MB memory.
2026-10-02 14:40:37.384 INFO   [6F6966\E2E3AC] Auto-router pass #234 on board 'f2a966c2f25d7f86c792fe11a2180466' was completed in 0.17 seconds with the score of 974.85 (2 unrouted), using 2590.12 CPU seconds and 61822 MB memory.
2026-10-02 14:40:37.614 INFO   [6F6966\E2E3AC] Auto-router pass #235 on board '82ed399693984d80ea3754a6fe223814' was completed in 0.22 seconds with the score of 957.79 (3 unrouted), using 2590.12 CPU seconds and 61822 MB memory.
2026-10-02 14:40:37.753 INFO   [6F6966\E2E3AC] Restoring an earlier board that has the score of 985.48 (1 unrouted).
2026-10-02 14:40:37.753 INFO   [6F6966\E2E3AC] Auto-router pass #236 on board 'd38aa18fa87d46783505ed992e01920f' was completed in 0.13 seconds with the score of 950.01 (4 unrouted), using 2590.12 CPU seconds and 61822 MB memory.
2026-10-02 14:40:37.871 INFO   [6F6966\E2E3AC] Auto-router pass #237 on board '5b760f78faab1d51ff4fdd9b55acb641' was completed in 0.11 seconds with the score of 975.28 (2 unrouted), using 2590.12 CPU seconds and 61822 MB memory.
2026-10-02 14:40:38.002 INFO   [6F6966\E2E3AC] Auto-router pass #238 on board 'f2a966c2f25d7f86c792fe11a2180466' was completed in 0.13 seconds with the score of 971.75 (2 unrouted), using 2590.12 CPU seconds and 61822 MB memory.
2026-10-02 14:40:38.184 INFO   [6F6966\E2E3AC] Auto-router pass #239 on board 'b272798c2deaebed8c51527ea4b7bd82' was completed in 0.17 seconds with the score of 961.01 (3 unrouted), using 2661.89 CPU seconds and 62869 MB memory.
2026-10-02 14:40:38.643 INFO   [6F6966\E2E3AC] Restoring an earlier board that has the score of 985.48 (1 unrouted).
2026-10-02 14:40:38.643 INFO   [6F6966\E2E3AC] Auto-router pass #240 on board 'f4613753cffb38ba7518bd0f33bf277d' was completed in 0.45 seconds with the score of 947.29 (4 unrouted), using 2661.89 CPU seconds and 62869 MB memory.
2026-10-02 14:40:38.739 INFO   [6F6966\E2E3AC] Auto-router pass #241 on board '5b760f78faab1d51ff4fdd9b55acb641' was completed in 0.09 seconds with the score of 975.76 (2 unrouted), using 2661.89 CPU seconds and 62869 MB memory.
2026-10-02 14:40:38.806 INFO   [6F6966\E2E3AC] Auto-router pass #242 on board 'e4f3bb879151e441c004e33493d23af7' was completed in 0.06 seconds with the score of 972.70 (2 unrouted), using 2661.89 CPU seconds and 62869 MB memory.
2026-10-02 14:40:38.950 INFO   [6F6966\E2E3AC] Auto-router pass #243 on board '05eff5774881abef7d90dbb312f310ea' was completed in 0.13 seconds with the score of 943.91 (4 unrouted), using 2661.89 CPU seconds and 62869 MB memory.
2026-10-02 14:40:39.668 INFO   [6F6966\E2E3AC] Restoring an earlier board that has the score of 985.48 (1 unrouted).
2026-10-02 14:40:39.668 INFO   [6F6966\E2E3AC] Auto-router pass #244 on board '52895e0f52e94986d6d9cc11d4896b41' was completed in 0.71 seconds with the score of 906.52 (6 unrouted), using 2734.65 CPU seconds and 63785 MB memory.
2026-10-02 14:40:39.801 INFO   [6F6966\E2E3AC] Auto-router pass #245 on board '5b760f78faab1d51ff4fdd9b55acb641' was completed in 0.13 seconds with the score of 975.76 (2 unrouted), using 2734.65 CPU seconds and 63785 MB memory.
2026-10-02 14:40:39.884 INFO   [6F6966\E2E3AC] Auto-router pass #246 on board 'e4f3bb879151e441c004e33493d23af7' was completed in 0.08 seconds with the score of 972.70 (2 unrouted), using 2734.65 CPU seconds and 63785 MB memory.
2026-10-02 14:40:40.065 INFO   [6F6966\E2E3AC] Auto-router pass #247 on board '05eff5774881abef7d90dbb312f310ea' was completed in 0.17 seconds with the score of 951.40 (4 unrouted), using 2734.65 CPU seconds and 63785 MB memory.
2026-10-02 14:40:40.443 INFO   [6F6966\E2E3AC] Restoring an earlier board that has the score of 985.48 (1 unrouted).
2026-10-02 14:40:40.443 INFO   [6F6966\E2E3AC] Auto-router pass #248 on board '2aa6182f1d0dbe4386ce6c266af1c4b3' was completed in 0.36 seconds with the score of 951.13 (3 unrouted), using 2808.38 CPU seconds and 64517 MB memory.
2026-10-02 14:40:40.602 INFO   [6F6966\E2E3AC] Auto-router pass #249 on board 'b6df0f6f7af4ac7927195f57c26f5bf2' was completed in 0.15 seconds with the score of 975.28 (2 unrouted), using 2808.38 CPU seconds and 64517 MB memory.
2026-10-02 14:40:40.831 INFO   [6F6966\E2E3AC] Auto-router pass #250 on board '8d35a40e6f4137d701e5ed2c20438ae2' was completed in 0.21 seconds with the score of 970.47 (2 unrouted), using 2808.38 CPU seconds and 64517 MB memory.
2026-10-02 14:40:41.055 INFO   [6F6966\E2E3AC] Auto-router pass #251 on board 'b662dfbed61f3a66d6daabd193297993' was completed in 0.21 seconds with the score of 931.89 (5 unrouted), using 2808.38 CPU seconds and 64517 MB memory.
2026-10-02 14:40:41.832 INFO   [6F6966\E2E3AC] Restoring an earlier board that has the score of 985.48 (1 unrouted).
2026-10-02 14:40:41.832 INFO   [6F6966\E2E3AC] Auto-router pass #252 on board 'bdd615cb210a561daaf7f93afbb9e87b' was completed in 0.77 seconds with the score of 954.78 (3 unrouted), using 2883.11 CPU seconds and 65296 MB memory.
2026-10-02 14:40:41.959 INFO   [6F6966\E2E3AC] Auto-router pass #253 on board 'b6df0f6f7af4ac7927195f57c26f5bf2' was completed in 0.12 seconds with the score of 975.76 (2 unrouted), using 2883.11 CPU seconds and 65296 MB memory.
2026-10-02 14:40:42.190 INFO   [6F6966\E2E3AC] Auto-router pass #254 on board '43e74d8626311f9a9a4bc64f65b7a047' was completed in 0.21 seconds with the score of 961.15 (3 unrouted), using 2958.81 CPU seconds and 66056 MB memory.
2026-10-02 14:40:42.484 INFO   [6F6966\E2E3AC] Auto-router pass #255 on board 'f3ab333896bd8cb2b6adf32eefabd959' was completed in 0.28 seconds with the score of 958.61 (3 unrouted), using 2958.81 CPU seconds and 66056 MB memory.
2026-10-02 14:40:42.917 INFO   [6F6966\E2E3AC] Restoring an earlier board that has the score of 985.48 (1 unrouted).
2026-10-02 14:40:42.918 INFO   [6F6966\E2E3AC] Auto-router pass #256 on board 'd0990bdbd2855709ae15a35be513f430' was completed in 0.42 seconds with the score of 983.00 (1 unrouted), using 2958.81 CPU seconds and 66056 MB memory.
2026-10-02 14:40:43.084 INFO   [6F6966\E2E3AC] Auto-router pass #257 on board 'b6df0f6f7af4ac7927195f57c26f5bf2' was completed in 0.16 seconds with the score of 975.28 (2 unrouted), using 3035.49 CPU seconds and 66698 MB memory.
2026-10-02 14:40:43.314 INFO   [6F6966\E2E3AC] Auto-router pass #258 on board '8d35a40e6f4137d701e5ed2c20438ae2' was completed in 0.22 seconds with the score of 970.47 (2 unrouted), using 3035.49 CPU seconds and 66698 MB memory.
2026-10-02 14:40:43.612 INFO   [6F6966\E2E3AC] Auto-router pass #259 on board 'b662dfbed61f3a66d6daabd193297993' was completed in 0.29 seconds with the score of 931.89 (5 unrouted), using 3035.49 CPU seconds and 66698 MB memory.
2026-10-02 14:40:44.598 INFO   [6F6966\E2E3AC] Restoring an earlier board that has the score of 985.48 (1 unrouted).
2026-10-02 14:40:44.598 INFO   [6F6966\E2E3AC] Auto-router pass #260 on board 'bdd615cb210a561daaf7f93afbb9e87b' was completed in 0.98 seconds with the score of 929.02 (6 unrouted), using 3113.16 CPU seconds and 67306 MB memory.
2026-10-02 14:40:44.768 INFO   [6F6966\E2E3AC] Auto-router pass #261 on board 'b6df0f6f7af4ac7927195f57c26f5bf2' was completed in 0.16 seconds with the score of 975.28 (2 unrouted), using 3113.16 CPU seconds and 67306 MB memory.
2026-10-02 14:40:44.958 INFO   [6F6966\E2E3AC] Auto-router pass #262 on board '8d35a40e6f4137d701e5ed2c20438ae2' was completed in 0.18 seconds with the score of 970.10 (2 unrouted), using 3113.16 CPU seconds and 67306 MB memory.
2026-10-02 14:40:45.121 INFO   [6F6966\E2E3AC] Auto-router pass #263 on board '8c2dfd878a5721bd72a51aee31712ff2' was completed in 0.15 seconds with the score of 932.21 (5 unrouted), using 3191.81 CPU seconds and 67927 MB memory.
2026-10-02 14:40:45.746 INFO   [6F6966\E2E3AC] Restoring an earlier board that has the score of 985.28 (1 unrouted).
2026-10-02 14:40:45.746 INFO   [6F6966\E2E3AC] Auto-router pass #264 on board 'b1fa9da643978de974eddf7af8fa231e' was completed in 0.61 seconds with the score of 969.17 (2 unrouted), using 3191.81 CPU seconds and 67927 MB memory.
2026-10-02 14:40:45.922 INFO   [6F6966\E2E3AC] Auto-router pass #265 on board 'ec9b71e2cf364f5db4fc230d8af522c0' was completed in 0.17 seconds with the score of 976.21 (2 unrouted), using 3191.81 CPU seconds and 67927 MB memory.
2026-10-02 14:40:46.077 INFO   [6F6966\E2E3AC] Auto-router pass #266 on board 'f1e26ad276933b3f382ee5027d22e3fe' was completed in 0.14 seconds with the score of 972.77 (2 unrouted), using 3271.45 CPU seconds and 68518 MB memory.
2026-10-02 14:40:46.221 INFO   [6F6966\E2E3AC] Auto-router pass #267 on board 'b3b641fee60646187d220eb66306980f' was completed in 0.13 seconds with the score of 959.47 (3 unrouted), using 3271.45 CPU seconds and 68518 MB memory.
2026-10-02 14:40:46.566 INFO   [6F6966\E2E3AC] Restoring an earlier board that has the score of 985.28 (1 unrouted).
2026-10-02 14:40:46.567 INFO   [6F6966\E2E3AC] Auto-router pass #268 on board '9bbb80a28f67d780892f07ff3f78bbfb' was completed in 0.33 seconds with the score of 956.69 (3 unrouted), using 3271.45 CPU seconds and 68518 MB memory.
2026-10-02 14:40:46.734 INFO   [6F6966\E2E3AC] Auto-router pass #269 on board 'ec9b71e2cf364f5db4fc230d8af522c0' was completed in 0.16 seconds with the score of 976.21 (2 unrouted), using 3271.45 CPU seconds and 68518 MB memory.
2026-10-02 14:40:46.956 INFO   [6F6966\E2E3AC] Auto-router pass #270 on board 'f1e26ad276933b3f382ee5027d22e3fe' was completed in 0.21 seconds with the score of 978.23 (2 unrouted), using 3271.45 CPU seconds and 68518 MB memory.
2026-10-02 14:40:47.255 INFO   [6F6966\E2E3AC] Auto-router pass #271 on board '6abd3db86b4c194c71779353cd58598d' was completed in 0.28 seconds with the score of 978.48 (2 unrouted), using 3352.07 CPU seconds and 69156 MB memory.
2026-10-02 14:40:47.403 INFO   [6F6966\E2E3AC] Restoring an earlier board that has the score of 985.28 (1 unrouted).
2026-10-02 14:40:47.404 INFO   [6F6966\E2E3AC] Auto-router pass #272 on board '73f7b60841189b2eb634de85722f99ee' was completed in 0.13 seconds with the score of 986.68 (1 unrouted), using 3352.07 CPU seconds and 69156 MB memory.
2026-10-02 14:40:47.636 INFO   [6F6966\E2E3AC] Auto-router pass #273 on board 'ec9b71e2cf364f5db4fc230d8af522c0' was completed in 0.23 seconds with the score of 978.99 (2 unrouted), using 3352.07 CPU seconds and 69156 MB memory.
2026-10-02 14:40:47.833 INFO   [6F6966\E2E3AC] Auto-router pass #274 on board 'bc01f931aa7526e16530adf09c584fae' was completed in 0.19 seconds with the score of 978.17 (2 unrouted), using 3352.07 CPU seconds and 69156 MB memory.
2026-10-02 14:40:48.082 INFO   [6F6966\E2E3AC] Auto-router pass #275 on board 'e2c66f46da1c1b770c1e816624b2304d' was completed in 0.23 seconds with the score of 972.29 (2 unrouted), using 3433.68 CPU seconds and 69850 MB memory.
2026-10-02 14:40:48.356 INFO   [6F6966\E2E3AC] Restoring an earlier board that has the score of 983.65 (1 unrouted).
2026-10-02 14:40:48.356 INFO   [6F6966\E2E3AC] Auto-router pass #276 on board 'bf73533eb4d1e5dcb3582b58f1a7fbb5' was completed in 0.26 seconds with the score of 981.94 (1 unrouted), using 3433.68 CPU seconds and 69850 MB memory.
2026-10-02 14:40:48.597 INFO   [6F6966\E2E3AC] Auto-router pass #277 on board '4080a5c368223955b001aac98479decb' was completed in 0.23 seconds with the score of 976.27 (2 unrouted), using 3433.68 CPU seconds and 69850 MB memory.
2026-10-02 14:40:48.874 INFO   [6F6966\E2E3AC] Auto-router pass #278 on board '0303298cb5e649dd9428275f89810c4f' was completed in 0.26 seconds with the score of 970.49 (2 unrouted), using 3433.68 CPU seconds and 69850 MB memory.
2026-10-02 14:40:49.022 INFO   [6F6966\E2E3AC] Auto-router pass #279 on board 'b8eafe55c39ca4e5bb4c525cc2205fcc' was completed in 0.13 seconds with the score of 963.67 (3 unrouted), using 3433.68 CPU seconds and 69850 MB memory.
2026-10-02 14:40:50.229 INFO   [6F6966\E2E3AC] Restoring an earlier board that has the score of 983.65 (1 unrouted).
2026-10-02 14:40:50.229 INFO   [6F6966\E2E3AC] Auto-router pass #280 on board 'f57c2e1b2397a48e120b2b144363e025' was completed in 1.19 seconds with the score of 948.30 (4 unrouted), using 3599.83 CPU seconds and 70999 MB memory.
2026-10-02 14:40:50.368 INFO   [6F6966\E2E3AC] Auto-router pass #281 on board '4080a5c368223955b001aac98479decb' was completed in 0.13 seconds with the score of 975.93 (2 unrouted), using 3599.83 CPU seconds and 70999 MB memory.
2026-10-02 14:40:50.595 INFO   [6F6966\E2E3AC] Auto-router pass #282 on board 'df1bb94f39beb8ee3711bcce8d49763a' was completed in 0.21 seconds with the score of 976.27 (2 unrouted), using 3599.83 CPU seconds and 70999 MB memory.
2026-10-02 14:40:50.888 INFO   [6F6966\E2E3AC] Auto-router pass #283 on board 'e713bff3e6b7634675e32592706291c2' was completed in 0.27 seconds with the score of 970.06 (2 unrouted), using 3599.83 CPU seconds and 70999 MB memory.
2026-10-02 14:40:51.065 INFO   [6F6966\E2E3AC] Restoring an earlier board that has the score of 982.25 (1 unrouted).
2026-10-02 14:40:51.065 INFO   [6F6966\E2E3AC] Auto-router pass #284 on board 'cdb2f9058a07a850a4d4c77a985a31fd' was completed in 0.16 seconds with the score of 958.43 (3 unrouted), using 3599.83 CPU seconds and 70999 MB memory.
2026-10-02 14:40:51.181 INFO   [6F6966\E2E3AC] Auto-router pass #285 on board '9c126d6c6f4001888145d37c211a8bda' was completed in 0.11 seconds with the score of 972.06 (2 unrouted), using 3684.38 CPU seconds and 71672 MB memory.
2026-10-02 14:40:51.496 INFO   [6F6966\E2E3AC] Auto-router pass #286 on board '922c5a0842c640e942a58ef8f0443770' was completed in 0.30 seconds with the score of 973.37 (2 unrouted), using 3684.38 CPU seconds and 71672 MB memory.
2026-10-02 14:40:51.680 INFO   [6F6966\E2E3AC] Auto-router pass #287 on board '3ed22a5d06dfac6a34c5422da7c48498' was completed in 0.17 seconds with the score of 963.93 (3 unrouted), using 3684.38 CPU seconds and 71672 MB memory.
2026-10-02 14:40:52.357 INFO   [6F6966\E2E3AC] Restoring an earlier board that has the score of 982.25 (1 unrouted).
2026-10-02 14:40:52.357 INFO   [6F6966\E2E3AC] Auto-router pass #288 on board 'c0c6c62d5aefc678b0c947b5948c3a67' was completed in 0.66 seconds with the score of 965.06 (3 unrouted), using 3769.91 CPU seconds and 72295 MB memory.
2026-10-02 14:40:52.452 INFO   [6F6966\E2E3AC] Auto-router pass #289 on board '9c126d6c6f4001888145d37c211a8bda' was completed in 0.09 seconds with the score of 969.13 (2 unrouted), using 3769.91 CPU seconds and 72295 MB memory.
2026-10-02 14:40:52.585 INFO   [6F6966\E2E3AC] Auto-router pass #290 on board '3ea8190743bfc52d8b416a23a42cbc0d' was completed in 0.12 seconds with the score of 954.70 (3 unrouted), using 3769.91 CPU seconds and 72295 MB memory.
2026-10-02 14:40:52.908 INFO   [6F6966\E2E3AC] Auto-router pass #291 on board 'a819209ec528a476badbe635a651cbf0' was completed in 0.31 seconds with the score of 968.77 (2 unrouted), using 3769.91 CPU seconds and 72295 MB memory.
2026-10-02 14:40:54.048 INFO   [6F6966\E2E3AC] Restoring an earlier board that has the score of 982.25 (1 unrouted).
2026-10-02 14:40:54.050 INFO   [6F6966\E2E3AC] Auto-router pass #292 on board '175168ed6b0aeea3761af2c567af7c6d' was completed in 1.12 seconds with the score of 962.41 (3 unrouted), using 3856.42 CPU seconds and 72929 MB memory.
2026-10-02 14:40:54.166 INFO   [6F6966\E2E3AC] Auto-router pass #293 on board '9c126d6c6f4001888145d37c211a8bda' was completed in 0.11 seconds with the score of 972.06 (2 unrouted), using 3943.92 CPU seconds and 73429 MB memory.
2026-10-02 14:40:54.352 INFO   [6F6966\E2E3AC] Auto-router pass #294 on board '922c5a0842c640e942a58ef8f0443770' was completed in 0.18 seconds with the score of 957.47 (3 unrouted), using 3943.92 CPU seconds and 73429 MB memory.
2026-10-02 14:40:54.709 INFO   [6F6966\E2E3AC] Auto-router pass #295 on board 'd8302dcde1acfef3990bf3e19fbc6edd' was completed in 0.34 seconds with the score of 943.12 (5 unrouted), using 3943.92 CPU seconds and 73429 MB memory.
2026-10-02 14:40:55.990 INFO   [6F6966\E2E3AC] Restoring an earlier board that has the score of 982.25 (1 unrouted).
2026-10-02 14:40:55.990 INFO   [6F6966\E2E3AC] Auto-router pass #296 on board 'babec9c5bcfa2b5c3646f92d25d9eb43' was completed in 1.26 seconds with the score of 879.97 (6 unrouted), using 4032.40 CPU seconds and 74062 MB memory.
2026-10-02 14:40:56.086 INFO   [6F6966\E2E3AC] Auto-router pass #297 on board '9c126d6c6f4001888145d37c211a8bda' was completed in 0.09 seconds with the score of 969.13 (2 unrouted), using 4121.86 CPU seconds and 74596 MB memory.
2026-10-02 14:40:56.207 INFO   [6F6966\E2E3AC] Auto-router pass #298 on board '3ea8190743bfc52d8b416a23a42cbc0d' was completed in 0.12 seconds with the score of 954.70 (3 unrouted), using 4121.86 CPU seconds and 74596 MB memory.
2026-10-02 14:40:56.509 INFO   [6F6966\E2E3AC] Auto-router pass #299 on board 'a819209ec528a476badbe635a651cbf0' was completed in 0.29 seconds with the score of 956.39 (3 unrouted), using 4121.86 CPU seconds and 74596 MB memory.
2026-10-02 14:40:57.173 INFO   [6F6966\E2E3AC] Restoring an earlier board that has the score of 980.81 (1 unrouted).
2026-10-02 14:40:57.174 INFO   [6F6966\E2E3AC] Auto-router pass #300 on board 'f4740825d5177f141a13558f5d225e4a' was completed in 0.65 seconds with the score of 982.83 (1 unrouted), using 4212.32 CPU seconds and 75191 MB memory.
2026-10-02 14:40:57.282 INFO   [6F6966\E2E3AC] Auto-router pass #301 on board '1d45f5ae98b84735acc81b212fe7477c' was completed in 0.10 seconds with the score of 968.66 (2 unrouted), using 4212.32 CPU seconds and 75191 MB memory.
2026-10-02 14:40:57.449 INFO   [6F6966\E2E3AC] Auto-router pass #302 on board '923a6bee756142d3677208bb5ae9b12e' was completed in 0.16 seconds with the score of 970.56 (2 unrouted), using 4212.32 CPU seconds and 75191 MB memory.
2026-10-02 14:40:57.665 INFO   [6F6966\E2E3AC] Auto-router pass #303 on board '39b905b3469dcc3eae4464657826eb4c' was completed in 0.20 seconds with the score of 961.15 (3 unrouted), using 4212.32 CPU seconds and 75191 MB memory.
2026-10-02 14:40:58.763 INFO   [6F6966\E2E3AC] Restoring an earlier board that has the score of 980.81 (1 unrouted).
2026-10-02 14:40:58.763 INFO   [6F6966\E2E3AC] Auto-router pass #304 on board '671245d05d80a01005d3f8b0502fb4df' was completed in 1.08 seconds with the score of 971.25 (2 unrouted), using 4303.75 CPU seconds and 75794 MB memory.
2026-10-02 14:40:58.867 INFO   [6F6966\E2E3AC] Auto-router pass #305 on board '1d45f5ae98b84735acc81b212fe7477c' was completed in 0.10 seconds with the score of 968.66 (2 unrouted), using 4303.75 CPU seconds and 75794 MB memory.
2026-10-02 14:40:59.072 INFO   [6F6966\E2E3AC] Auto-router pass #306 on board '923a6bee756142d3677208bb5ae9b12e' was completed in 0.20 seconds with the score of 968.85 (2 unrouted), using 4303.75 CPU seconds and 75794 MB memory.
2026-10-02 14:40:59.159 INFO   [6F6966\E2E3AC] Auto-router pass #307 on board 'dedabe0918c6cacf3c94fc63f5419e14' was completed in 0.07 seconds with the score of 981.84 (1 unrouted), using 4396.17 CPU seconds and 76432 MB memory.
2026-10-02 14:40:59.569 INFO   [6F6966\E2E3AC] Restoring an earlier board that has the score of 981.84 (1 unrouted).
2026-10-02 14:40:59.570 INFO   [6F6966\E2E3AC] Auto-router pass #308 on board '7b4a82e1db605ffbf5211d12e6850d9e' was completed in 0.40 seconds with the score of 969.46 (2 unrouted), using 4396.17 CPU seconds and 76432 MB memory.
2026-10-02 14:40:59.668 INFO   [6F6966\E2E3AC] Auto-router pass #309 on board '7b4a82e1db605ffbf5211d12e6850d9e' was completed in 0.09 seconds with the score of 974.01 (2 unrouted), using 4396.17 CPU seconds and 76432 MB memory.
2026-10-02 14:41:00.033 INFO   [6F6966\E2E3AC] Auto-router pass #310 on board 'c7e5384dba28ee9bed9b0758af0b788c' was completed in 0.35 seconds with the score of 965.44 (3 unrouted), using 4396.17 CPU seconds and 76432 MB memory.
2026-10-02 14:41:00.293 INFO   [6F6966\E2E3AC] Auto-router pass #311 on board '4c60d7013deaafba7c547f7302d1faaf' was completed in 0.25 seconds with the score of 976.65 (2 unrouted), using 4489.56 CPU seconds and 77162 MB memory.
2026-10-02 14:41:00.705 INFO   [6F6966\E2E3AC] Restoring an earlier board that has the score of 981.84 (1 unrouted).
2026-10-02 14:41:00.705 INFO   [6F6966\E2E3AC] Auto-router pass #312 on board '90e0d87c4556bd513bb5862532449f1d' was completed in 0.40 seconds with the score of 960.88 (3 unrouted), using 4489.56 CPU seconds and 77162 MB memory.
2026-10-02 14:41:00.764 INFO   [6F6966\E2E3AC] Auto-router pass #313 on board '7b4a82e1db605ffbf5211d12e6850d9e' was completed in 0.05 seconds with the score of 974.01 (2 unrouted), using 4489.56 CPU seconds and 77162 MB memory.
2026-10-02 14:41:00.964 INFO   [6F6966\E2E3AC] Auto-router pass #314 on board 'c7e5384dba28ee9bed9b0758af0b788c' was completed in 0.19 seconds with the score of 984.22 (1 unrouted), using 4489.56 CPU seconds and 77162 MB memory.
2026-10-02 14:41:01.203 INFO   [6F6966\E2E3AC] Auto-router pass #315 on board '71275b51efbf9f056c7cb6a2f68a16af' was completed in 0.22 seconds with the score of 975.34 (2 unrouted), using 4583.95 CPU seconds and 78022 MB memory.
2026-10-02 14:41:01.351 INFO   [6F6966\E2E3AC] Restoring an earlier board that has the score of 984.22 (1 unrouted).
2026-10-02 14:41:01.351 INFO   [6F6966\E2E3AC] Auto-router pass #316 on board 'd31df161e10e04ff28741d59ffedb661' was completed in 0.13 seconds with the score of 984.85 (1 unrouted), using 4583.95 CPU seconds and 78022 MB memory.
2026-10-02 14:41:01.471 INFO   [6F6966\E2E3AC] Auto-router pass #317 on board '71275b51efbf9f056c7cb6a2f68a16af' was completed in 0.11 seconds with the score of 985.11 (1 unrouted), using 4583.95 CPU seconds and 78022 MB memory.
2026-10-02 14:41:01.527 INFO   [6F6966\E2E3AC] Auto-router pass #318 on board '496bc2299eec1d65831ec54fe1ea17a1' was completed in 0.04 seconds with the score of 985.18 (1 unrouted), using 4583.95 CPU seconds and 78022 MB memory.
2026-10-02 14:41:01.818 INFO   [6F6966\E2E3AC] Auto-router pass #319 on board '32b38981c3970278612af2692a1b0cd8' was completed in 0.27 seconds with the score of 977.02 (2 unrouted), using 4583.95 CPU seconds and 78022 MB memory.
2026-10-02 14:41:02.529 INFO   [6F6966\E2E3AC] Restoring an earlier board that has the score of 985.18 (1 unrouted).
2026-10-02 14:41:02.530 INFO   [6F6966\E2E3AC] Auto-router pass #320 on board '2e97621b029283527a976feaaaf82860' was completed in 0.69 seconds with the score of 973.87 (2 unrouted), using 4679.31 CPU seconds and 78709 MB memory.
2026-10-02 14:41:02.728 INFO   [6F6966\E2E3AC] Auto-router pass #321 on board '32b38981c3970278612af2692a1b0cd8' was completed in 0.19 seconds with the score of 967.85 (3 unrouted), using 4679.31 CPU seconds and 78709 MB memory.
2026-10-02 14:41:02.948 INFO   [6F6966\E2E3AC] Auto-router pass #322 on board '13d229045a385fe1a6c953bf0c6c664c' was completed in 0.20 seconds with the score of 974.77 (2 unrouted), using 4679.31 CPU seconds and 78709 MB memory.
2026-10-02 14:41:03.217 INFO   [6F6966\E2E3AC] Auto-router pass #323 on board '9e74b33bfde9df199c7afe4380cef782' was completed in 0.25 seconds with the score of 959.45 (3 unrouted), using 4775.66 CPU seconds and 79422 MB memory.
2026-10-02 14:41:03.754 INFO   [6F6966\E2E3AC] Restoring an earlier board that has the score of 985.18 (1 unrouted).
2026-10-02 14:41:03.754 INFO   [6F6966\E2E3AC] Auto-router pass #324 on board 'dce804043eb62e5adff4d48ec9caa91e' was completed in 0.52 seconds with the score of 970.96 (2 unrouted), using 4775.66 CPU seconds and 79422 MB memory.
2026-10-02 14:41:03.868 INFO   [6F6966\E2E3AC] Auto-router pass #325 on board '32b38981c3970278612af2692a1b0cd8' was completed in 0.11 seconds with the score of 984.10 (1 unrouted), using 4775.66 CPU seconds and 79422 MB memory.
2026-10-02 14:41:03.925 INFO   [6F6966\E2E3AC] Auto-router pass #326 on board 'c25c44687cef237973becb6faefda2d2' was completed in 0.04 seconds with the score of 984.15 (1 unrouted), using 4775.66 CPU seconds and 79422 MB memory.
2026-10-02 14:41:04.069 INFO   [6F6966\E2E3AC] Auto-router pass #327 on board '8341355afe1fee566ec5ffe8111d2da4' was completed in 0.13 seconds with the score of 975.84 (2 unrouted), using 4775.66 CPU seconds and 79422 MB memory.
2026-10-02 14:41:04.560 INFO   [6F6966\E2E3AC] Restoring an earlier board that has the score of 985.18 (1 unrouted).
2026-10-02 14:41:04.560 INFO   [6F6966\E2E3AC] Auto-router pass #328 on board '49cb6fe0758f0776ff4fe85b34ceaba5' was completed in 0.47 seconds with the score of 984.57 (1 unrouted), using 4872.99 CPU seconds and 80108 MB memory.
2026-10-02 14:41:04.637 INFO   [6F6966\E2E3AC] Auto-router pass #329 on board '32b38981c3970278612af2692a1b0cd8' was completed in 0.07 seconds with the score of 984.10 (1 unrouted), using 4872.99 CPU seconds and 80108 MB memory.
2026-10-02 14:41:04.742 INFO   [6F6966\E2E3AC] Auto-router pass #330 on board 'c25c44687cef237973becb6faefda2d2' was completed in 0.10 seconds with the score of 984.29 (1 unrouted), using 4872.99 CPU seconds and 80108 MB memory.
2026-10-02 14:41:04.854 INFO   [6F6966\E2E3AC] Auto-router pass #331 on board '1e76038aa6b9247f664635b153ff25ae' was completed in 0.10 seconds with the score of 984.92 (1 unrouted), using 4872.99 CPU seconds and 80108 MB memory.
2026-10-02 14:41:04.995 INFO   [6F6966\E2E3AC] Restoring an earlier board that has the score of 985.18 (1 unrouted).
2026-10-02 14:41:04.995 INFO   [6F6966\E2E3AC] Auto-router pass #332 on board '53501c65e6ba24c9cdec29d7980007ae' was completed in 0.13 seconds with the score of 985.49 (1 unrouted), using 4872.99 CPU seconds and 80108 MB memory.
2026-10-02 14:41:05.135 INFO   [6F6966\E2E3AC] Auto-router pass #333 on board '32b38981c3970278612af2692a1b0cd8' was completed in 0.13 seconds with the score of 967.85 (3 unrouted), using 4971.30 CPU seconds and 80998 MB memory.
2026-10-02 14:41:05.308 INFO   [6F6966\E2E3AC] Auto-router pass #334 on board '54f091de6814b535f9d1ffa26092c430' was completed in 0.16 seconds with the score of 971.20 (2 unrouted), using 4971.30 CPU seconds and 80998 MB memory.
2026-10-02 14:41:05.396 INFO   [6F6966\E2E3AC] Auto-router pass #335 on board '1e90806272e1540a9c65469ab7ddcb3c' was completed in 0.08 seconds with the score of 958.20 (3 unrouted), using 4971.30 CPU seconds and 80998 MB memory.
2026-10-02 14:41:05.735 INFO   [6F6966\E2E3AC] Restoring an earlier board that has the score of 985.11 (1 unrouted).
2026-10-02 14:41:05.735 INFO   [6F6966\E2E3AC] Auto-router pass #336 on board '1fe381000e1042afdc6a8e1aaa8dbce1' was completed in 0.33 seconds with the score of 925.94 (5 unrouted), using 4971.30 CPU seconds and 80998 MB memory.
2026-10-02 14:41:05.765 INFO   [6F6966\E2E3AC] Auto-router pass #337 on board '496bc2299eec1d65831ec54fe1ea17a1' was completed in 0.02 seconds with the score of 985.18 (1 unrouted), using 4971.30 CPU seconds and 80998 MB memory.
2026-10-02 14:41:05.953 INFO   [6F6966\E2E3AC] Auto-router pass #338 on board '32b38981c3970278612af2692a1b0cd8' was completed in 0.18 seconds with the score of 977.02 (2 unrouted), using 4971.30 CPU seconds and 80998 MB memory.
2026-10-02 14:41:06.131 INFO   [6F6966\E2E3AC] Auto-router pass #339 on board 'db7e279676f5646c67942cfbeab44cd8' was completed in 0.17 seconds with the score of 964.73 (3 unrouted), using 5070.59 CPU seconds and 82082 MB memory.
2026-10-02 14:41:06.391 INFO   [6F6966\E2E3AC] Restoring an earlier board that has the score of 985.11 (1 unrouted).
2026-10-02 14:41:06.391 INFO   [6F6966\E2E3AC] Auto-router pass #340 on board '17364802feeeb433dcea8d19c3a9d06d' was completed in 0.25 seconds with the score of 961.42 (3 unrouted), using 5070.59 CPU seconds and 82082 MB memory.
2026-10-02 14:41:06.422 INFO   [6F6966\E2E3AC] Auto-router pass #341 on board '496bc2299eec1d65831ec54fe1ea17a1' was completed in 0.03 seconds with the score of 985.18 (1 unrouted), using 5070.59 CPU seconds and 82082 MB memory.
2026-10-02 14:41:06.498 INFO   [6F6966\E2E3AC] Auto-router pass #342 on board '32b38981c3970278612af2692a1b0cd8' was completed in 0.07 seconds with the score of 984.10 (1 unrouted), using 5070.59 CPU seconds and 82082 MB memory.
2026-10-02 14:41:06.534 INFO   [6F6966\E2E3AC] Auto-router pass #343 on board '7ccf303716147cc5ac3d50d978122de0' was completed in 0.02 seconds with the score of 984.15 (1 unrouted), using 5070.59 CPU seconds and 82082 MB memory.
2026-10-02 14:41:06.835 INFO   [6F6966\E2E3AC] Restoring an earlier board that has the score of 985.11 (1 unrouted).
2026-10-02 14:41:06.835 INFO   [6F6966\E2E3AC] Auto-router pass #344 on board '7c3675e5f79b9d636e6c6bc9f3e5d260' was completed in 0.29 seconds with the score of 983.99 (1 unrouted), using 5070.59 CPU seconds and 82082 MB memory.
2026-10-02 14:41:06.952 INFO   [6F6966\E2E3AC] Auto-router pass #345 on board '496bc2299eec1d65831ec54fe1ea17a1' was completed in 0.11 seconds with the score of 985.30 (1 unrouted), using 5070.59 CPU seconds and 82082 MB memory.
2026-10-02 14:41:07.044 INFO   [6F6966\E2E3AC] Auto-router pass #346 on board '022cfaffa9b1ab9f8d1673a08964364a' was completed in 0.08 seconds with the score of 984.16 (1 unrouted), using 5070.59 CPU seconds and 82082 MB memory.
2026-10-02 14:41:07.153 INFO   [6F6966\E2E3AC] Auto-router pass #347 on board '4f8988314aa1c5a05d57b06c88a1c1f2' was completed in 0.10 seconds with the score of 984.83 (1 unrouted), using 5170.86 CPU seconds and 83041 MB memory.
2026-10-02 14:41:07.354 INFO   [6F6966\E2E3AC] Restoring an earlier board that has the score of 985.30 (1 unrouted).
2026-10-02 14:41:07.355 INFO   [6F6966\E2E3AC] Auto-router pass #348 on board '3fcad31d848edf423a4fda5afd498879' was completed in 0.19 seconds with the score of 984.36 (1 unrouted), using 5170.86 CPU seconds and 83041 MB memory.
2026-10-02 14:41:07.438 INFO   [6F6966\E2E3AC] Auto-router pass #349 on board '022cfaffa9b1ab9f8d1673a08964364a' was completed in 0.08 seconds with the score of 984.16 (1 unrouted), using 5170.86 CPU seconds and 83041 MB memory.
2026-10-02 14:41:07.546 INFO   [6F6966\E2E3AC] Auto-router pass #350 on board '51f45ec8f4c4e252951ef1e3aa95c423' was completed in 0.10 seconds with the score of 984.83 (1 unrouted), using 5170.86 CPU seconds and 83041 MB memory.
2026-10-02 14:41:07.686 INFO   [6F6966\E2E3AC] Auto-router pass #351 on board '973f8345dd2e62777460a32b625acaa4' was completed in 0.13 seconds with the score of 976.21 (2 unrouted), using 5170.86 CPU seconds and 83041 MB memory.
2026-10-02 14:41:08.005 INFO   [6F6966\E2E3AC] Restoring an earlier board that has the score of 985.30 (1 unrouted).
2026-10-02 14:41:08.005 INFO   [6F6966\E2E3AC] Auto-router pass #352 on board '633f5fcc25ba0cd730f74bd656e05a60' was completed in 0.30 seconds with the score of 985.24 (1 unrouted), using 5170.86 CPU seconds and 83041 MB memory.
2026-10-02 14:41:08.085 INFO   [6F6966\E2E3AC] Auto-router pass #353 on board '022cfaffa9b1ab9f8d1673a08964364a' was completed in 0.07 seconds with the score of 984.16 (1 unrouted), using 5272.11 CPU seconds and 84007 MB memory.
2026-10-02 14:41:08.187 INFO   [6F6966\E2E3AC] Auto-router pass #354 on board '51f45ec8f4c4e252951ef1e3aa95c423' was completed in 0.10 seconds with the score of 984.83 (1 unrouted), using 5272.11 CPU seconds and 84007 MB memory.
2026-10-02 14:41:08.289 INFO   [6F6966\E2E3AC] Auto-router pass #355 on board '973f8345dd2e62777460a32b625acaa4' was completed in 0.10 seconds with the score of 976.21 (2 unrouted), using 5272.11 CPU seconds and 84007 MB memory.
2026-10-02 14:41:08.587 INFO   [6F6966\E2E3AC] Restoring an earlier board that has the score of 985.30 (1 unrouted).
2026-10-02 14:41:08.587 INFO   [6F6966\E2E3AC] Auto-router pass #356 on board '633f5fcc25ba0cd730f74bd656e05a60' was completed in 0.29 seconds with the score of 985.24 (1 unrouted), using 5272.11 CPU seconds and 84007 MB memory.
2026-10-02 14:41:08.696 INFO   [6F6966\E2E3AC] Auto-router pass #357 on board '022cfaffa9b1ab9f8d1673a08964364a' was completed in 0.10 seconds with the score of 983.68 (1 unrouted), using 5272.11 CPU seconds and 84007 MB memory.
2026-10-02 14:41:08.872 INFO   [6F6966\E2E3AC] Auto-router pass #358 on board '704d40e0bcbaa6d07ce1a5636b2d7d19' was completed in 0.17 seconds with the score of 960.52 (3 unrouted), using 5272.11 CPU seconds and 84007 MB memory.
2026-10-02 14:41:09.065 INFO   [6F6966\E2E3AC] Auto-router pass #359 on board '65e0868c25f6e39a7a1c4c6635596ed0' was completed in 0.18 seconds with the score of 960.38 (3 unrouted), using 5272.11 CPU seconds and 84007 MB memory.
2026-10-02 14:41:09.457 INFO   [6F6966\E2E3AC] Restoring an earlier board that has the score of 985.30 (1 unrouted).
2026-10-02 14:41:09.458 INFO   [6F6966\E2E3AC] Auto-router pass #360 on board '021435539ef1deebe5650e7bb748d32c' was completed in 0.38 seconds with the score of 971.44 (2 unrouted), using 5374.33 CPU seconds and 85089 MB memory.
2026-10-02 14:41:09.534 INFO   [6F6966\E2E3AC] Auto-router pass #361 on board '022cfaffa9b1ab9f8d1673a08964364a' was completed in 0.07 seconds with the score of 984.16 (1 unrouted), using 5374.33 CPU seconds and 85089 MB memory.
2026-10-02 14:41:09.631 INFO   [6F6966\E2E3AC] Auto-router pass #362 on board '51f45ec8f4c4e252951ef1e3aa95c423' was completed in 0.09 seconds with the score of 984.83 (1 unrouted), using 5374.33 CPU seconds and 85089 MB memory.
2026-10-02 14:41:09.774 INFO   [6F6966\E2E3AC] Auto-router pass #363 on board '973f8345dd2e62777460a32b625acaa4' was completed in 0.14 seconds with the score of 984.56 (1 unrouted), using 5374.33 CPU seconds and 85089 MB memory.
2026-10-02 14:41:09.830 INFO   [6F6966\E2E3AC] Restoring an earlier board that has the score of 985.11 (1 unrouted).
2026-10-02 14:41:09.830 INFO   [6F6966\E2E3AC] Auto-router pass #364 on board 'ebe1abe67eeb4d5540b9746f1f313937' was completed in 0.04 seconds with the score of 984.06 (1 unrouted), using 5374.33 CPU seconds and 85089 MB memory.
2026-10-02 14:41:09.931 INFO   [6F6966\E2E3AC] Auto-router pass #365 on board '496bc2299eec1d65831ec54fe1ea17a1' was completed in 0.10 seconds with the score of 985.30 (1 unrouted), using 5374.33 CPU seconds and 85089 MB memory.
2026-10-02 14:41:10.037 INFO   [6F6966\E2E3AC] Auto-router pass #366 on board '022cfaffa9b1ab9f8d1673a08964364a' was completed in 0.10 seconds with the score of 983.68 (1 unrouted), using 5374.33 CPU seconds and 85089 MB memory.
2026-10-02 14:41:10.208 INFO   [6F6966\E2E3AC] Auto-router pass #367 on board '704d40e0bcbaa6d07ce1a5636b2d7d19' was completed in 0.17 seconds with the score of 960.52 (3 unrouted), using 5477.54 CPU seconds and 86156 MB memory.
2026-10-02 14:41:10.715 INFO   [6F6966\E2E3AC] Restoring an earlier board that has the score of 984.92 (1 unrouted).
2026-10-02 14:41:10.715 INFO   [6F6966\E2E3AC] Auto-router pass #368 on board '3a9660e4d46f3c9cd5fbbe733d6e3267' was completed in 0.50 seconds with the score of 949.35 (4 unrouted), using 5477.54 CPU seconds and 86156 MB memory.
2026-10-02 14:41:10.885 INFO   [6F6966\E2E3AC] Auto-router pass #369 on board '53501c65e6ba24c9cdec29d7980007ae' was completed in 0.17 seconds with the score of 961.69 (3 unrouted), using 5477.54 CPU seconds and 86156 MB memory.
2026-10-02 14:41:11.095 INFO   [6F6966\E2E3AC] Auto-router pass #370 on board '9158d8bd8047da5646ca8573eb24b9cd' was completed in 0.20 seconds with the score of 975.26 (2 unrouted), using 5581.73 CPU seconds and 87178 MB memory.
2026-10-02 14:41:11.165 INFO   [6F6966\E2E3AC] Auto-router pass #371 on board 'f26bd2d054f9b5f149a5c1534f78bd65' was completed in 0.06 seconds with the score of 984.22 (1 unrouted), using 5581.73 CPU seconds and 87178 MB memory.
2026-10-02 14:41:11.423 INFO   [6F6966\E2E3AC] Restoring an earlier board that has the score of 984.92 (1 unrouted).
2026-10-02 14:41:11.423 INFO   [6F6966\E2E3AC] Auto-router pass #372 on board 'd73c36c3c179de4b77f6590525dbde79' was completed in 0.25 seconds with the score of 973.07 (2 unrouted), using 5581.73 CPU seconds and 87178 MB memory.
2026-10-02 14:41:11.600 INFO   [6F6966\E2E3AC] Auto-router pass #373 on board '53501c65e6ba24c9cdec29d7980007ae' was completed in 0.17 seconds with the score of 961.69 (3 unrouted), using 5581.73 CPU seconds and 87178 MB memory.
2026-10-02 14:41:11.720 INFO   [6F6966\E2E3AC] Auto-router pass #374 on board '9158d8bd8047da5646ca8573eb24b9cd' was completed in 0.12 seconds with the score of 971.15 (2 unrouted), using 5581.73 CPU seconds and 87178 MB memory.
2026-10-02 14:41:11.818 INFO   [6F6966\E2E3AC] Auto-router pass #375 on board '17ce2984683aad89077adff09483f287' was completed in 0.09 seconds with the score of 961.47 (3 unrouted), using 5581.73 CPU seconds and 87178 MB memory.
2026-10-02 14:41:11.997 INFO   [6F6966\E2E3AC] Restoring an earlier board that has the score of 984.92 (1 unrouted).
2026-10-02 14:41:11.997 INFO   [6F6966\E2E3AC] Auto-router pass #376 on board 'f1636ca796d53a76288080d6dc6fb1d2' was completed in 0.17 seconds with the score of 974.57 (2 unrouted), using 5581.73 CPU seconds and 87178 MB memory.
2026-10-02 14:41:12.052 INFO   [6F6966\E2E3AC] Auto-router pass #377 on board '53501c65e6ba24c9cdec29d7980007ae' was completed in 0.05 seconds with the score of 985.60 (1 unrouted), using 5581.73 CPU seconds and 87178 MB memory.
2026-10-02 14:41:12.194 INFO   [6F6966\E2E3AC] Auto-router pass #378 on board 'b976806b0dc8adcff494e1616ee4ce9e' was completed in 0.13 seconds with the score of 972.61 (2 unrouted), using 5686.90 CPU seconds and 88223 MB memory.
2026-10-02 14:41:12.241 INFO   [6F6966\E2E3AC] Auto-router pass #379 on board 'd04dbffe74bf4ae543a4cac862ffd282' was completed in 0.04 seconds with the score of 972.61 (2 unrouted), using 5686.90 CPU seconds and 88223 MB memory.
2026-10-02 14:41:12.386 INFO   [6F6966\E2E3AC] Restoring an earlier board that has the score of 985.60 (1 unrouted).
2026-10-02 14:41:12.387 INFO   [6F6966\E2E3AC] Auto-router pass #380 on board 'd04dbffe74bf4ae543a4cac862ffd282' was completed in 0.14 seconds with the score of 983.54 (1 unrouted), using 5686.90 CPU seconds and 88223 MB memory.
2026-10-02 14:41:12.426 INFO   [6F6966\E2E3AC] Auto-router pass #381 on board 'b976806b0dc8adcff494e1616ee4ce9e' was completed in 0.04 seconds with the score of 986.01 (1 unrouted), using 5686.90 CPU seconds and 88223 MB memory.
2026-10-02 14:41:12.586 INFO   [6F6966\E2E3AC] Auto-router pass #382 on board '01ad7277a48992d9789e7d1180bf04e7' was completed in 0.14 seconds with the score of 978.43 (2 unrouted), using 5686.90 CPU seconds and 88223 MB memory.
2026-10-02 14:41:12.722 INFO   [6F6966\E2E3AC] Auto-router pass #383 on board '5785abecd091999823be7fcd681e955f' was completed in 0.12 seconds with the score of 962.72 (3 unrouted), using 5686.90 CPU seconds and 88223 MB memory.
2026-10-02 14:41:13.225 INFO   [6F6966\E2E3AC] Restoring an earlier board that has the score of 986.01 (1 unrouted).
2026-10-02 14:41:13.226 INFO   [6F6966\E2E3AC] Auto-router pass #384 on board 'b402a01682f4eb76ace15d0f1659c1b0' was completed in 0.49 seconds with the score of 972.46 (2 unrouted), using 5793.04 CPU seconds and 89273 MB memory.
2026-10-02 14:41:13.343 INFO   [6F6966\E2E3AC] Auto-router pass #385 on board '01ad7277a48992d9789e7d1180bf04e7' was completed in 0.11 seconds with the score of 978.78 (2 unrouted), using 5793.04 CPU seconds and 89273 MB memory.
2026-10-02 14:41:13.518 INFO   [6F6966\E2E3AC] Auto-router pass #386 on board 'b589b90983aed01c159c4939463b6077' was completed in 0.16 seconds with the score of 975.91 (2 unrouted), using 5793.04 CPU seconds and 89273 MB memory.
2026-10-02 14:41:13.749 INFO   [6F6966\E2E3AC] Auto-router pass #387 on board '33768c95073ee85a4c269fbcd4c09d94' was completed in 0.22 seconds with the score of 980.58 (2 unrouted), using 5793.04 CPU seconds and 89273 MB memory.
2026-10-02 14:41:14.069 INFO   [6F6966\E2E3AC] Restoring an earlier board that has the score of 986.01 (1 unrouted).
2026-10-02 14:41:14.069 INFO   [6F6966\E2E3AC] Auto-router pass #388 on board '6d5052028c2867f11e11d863b1696f9f' was completed in 0.31 seconds with the score of 978.95 (2 unrouted), using 5793.04 CPU seconds and 89273 MB memory.
2026-10-02 14:41:14.188 INFO   [6F6966\E2E3AC] Auto-router pass #389 on board '01ad7277a48992d9789e7d1180bf04e7' was completed in 0.11 seconds with the score of 978.78 (2 unrouted), using 5900.16 CPU seconds and 90361 MB memory.
2026-10-02 14:41:14.361 INFO   [6F6966\E2E3AC] Auto-router pass #390 on board 'b589b90983aed01c159c4939463b6077' was completed in 0.17 seconds with the score of 981.90 (1 unrouted), using 5900.16 CPU seconds and 90361 MB memory.
2026-10-02 14:41:14.404 INFO   [6F6966\E2E3AC] Auto-router pass #391 on board 'de99027593289e9b7660645661801b6a' was completed in 0.03 seconds with the score of 983.44 (1 unrouted), using 5900.16 CPU seconds and 90361 MB memory.
2026-10-02 14:41:14.680 INFO   [6F6966\E2E3AC] Restoring an earlier board that has the score of 986.01 (1 unrouted).
2026-10-02 14:41:14.681 INFO   [6F6966\E2E3AC] Auto-router pass #392 on board '0f343b6d8dc8f0ca1200d1d5fe8df0ea' was completed in 0.27 seconds with the score of 982.81 (1 unrouted), using 5900.16 CPU seconds and 90361 MB memory.
2026-10-02 14:41:14.861 INFO   [6F6966\E2E3AC] Auto-router pass #393 on board '01ad7277a48992d9789e7d1180bf04e7' was completed in 0.17 seconds with the score of 976.44 (2 unrouted), using 5900.16 CPU seconds and 90361 MB memory.
2026-10-02 14:41:15.052 INFO   [6F6966\E2E3AC] Auto-router pass #394 on board 'd325a5b4caf5cbc091e684a4eb962886' was completed in 0.17 seconds with the score of 953.77 (4 unrouted), using 5900.16 CPU seconds and 90361 MB memory.
2026-10-02 14:41:15.409 INFO   [6F6966\E2E3AC] Auto-router pass #395 on board '72fe6bf5f9c54392f806ed221bc9519c' was completed in 0.34 seconds with the score of 950.73 (4 unrouted), using 6008.27 CPU seconds and 91353 MB memory.
2026-10-02 14:41:16.147 INFO   [6F6966\E2E3AC] Restoring an earlier board that has the score of 986.01 (1 unrouted).
2026-10-02 14:41:16.148 INFO   [6F6966\E2E3AC] Auto-router pass #396 on board '3c8379c782b27ed007f6580151b63263' was completed in 0.73 seconds with the score of 944.41 (5 unrouted), using 6117.35 CPU seconds and 92242 MB memory.
2026-10-02 14:41:16.294 INFO   [6F6966\E2E3AC] Auto-router pass #397 on board '01ad7277a48992d9789e7d1180bf04e7' was completed in 0.14 seconds with the score of 976.44 (2 unrouted), using 6117.35 CPU seconds and 92242 MB memory.
2026-10-02 14:41:16.441 INFO   [6F6966\E2E3AC] Auto-router pass #398 on board 'd325a5b4caf5cbc091e684a4eb962886' was completed in 0.14 seconds with the score of 962.96 (3 unrouted), using 6117.35 CPU seconds and 92242 MB memory.
2026-10-02 14:41:16.643 INFO   [6F6966\E2E3AC] Auto-router pass #399 on board 'c2b3ef9b59a48595f0f8c772c955875a' was completed in 0.19 seconds with the score of 961.67 (3 unrouted), using 6117.35 CPU seconds and 92242 MB memory.
2026-10-02 14:41:17.363 INFO   [6F6966\E2E3AC] Restoring an earlier board that has the score of 985.60 (1 unrouted).
2026-10-02 14:41:17.363 INFO   [6F6966\E2E3AC] Auto-router pass #400 on board '67e3f9b5268de93ea27b67e0ba386aeb' was completed in 0.71 seconds with the score of 968.08 (3 unrouted), using 6227.42 CPU seconds and 93234 MB memory.
2026-10-02 14:41:17.493 INFO   [6F6966\E2E3AC] Auto-router pass #401 on board 'b976806b0dc8adcff494e1616ee4ce9e' was completed in 0.12 seconds with the score of 977.08 (2 unrouted), using 6227.42 CPU seconds and 93234 MB memory.
2026-10-02 14:41:17.828 INFO   [6F6966\E2E3AC] Auto-router pass #402 on board 'db3e72bb745331ae3903f2a756f80b3c' was completed in 0.32 seconds with the score of 952.75 (4 unrouted), using 6227.42 CPU seconds and 93234 MB memory.
2026-10-02 14:41:17.918 INFO   [6F6966\E2E3AC] Auto-router pass #403 on board 'd2cde74230f4cf9535c6ea4d236c6e39' was completed in 0.08 seconds with the score of 952.24 (4 unrouted), using 6227.42 CPU seconds and 93234 MB memory.
2026-10-02 14:41:17.949 WARN   ItemAutorouteInfo.get_expansion_room: p_index out of range
2026-10-02 14:41:17.949 WARN   ItemAutorouteInfo.get_expansion_room: p_index out of range
2026-10-02 14:41:17.951 WARN   ItemAutorouteInfo.get_expansion_room: p_index out of range
2026-10-02 14:41:17.957 WARN   ItemAutorouteInfo.get_expansion_room: p_index out of range
2026-10-02 14:41:17.960 WARN   ItemAutorouteInfo.get_expansion_room: p_index out of range
2026-10-02 14:41:17.961 WARN   ItemAutorouteInfo.get_expansion_room: p_index out of range
2026-10-02 14:41:17.961 ERROR  AutorouteEngine.autoroute_connection: Exception in maze_search_algo.find_connection
java.lang.NullPointerException: Cannot read field "item" because "p_other" is null
	at app.freerouting.autoroute.ObstacleExpansionRoom.create_overlap_door(ObstacleExpansionRoom.java:98) ~[fr-2.1.0.jar:unspecified]
	at app.freerouting.autoroute.SortedRoomNeighbours.calculate_neighbours(SortedRoomNeighbours.java:178) ~[fr-2.1.0.jar:unspecified]
	at app.freerouting.autoroute.SortedRoomNeighbours.calculate(SortedRoomNeighbours.java:45) ~[fr-2.1.0.jar:unspecified]
	at app.freerouting.autoroute.AutorouteEngine.calculate_doors(AutorouteEngine.java:520) ~[fr-2.1.0.jar:unspecified]
	at app.freerouting.autoroute.AutorouteEngine.complete_neighbour_rooms(AutorouteEngine.java:560) ~[fr-2.1.0.jar:unspecified]
	at app.freerouting.autoroute.MazeSearchAlgo.expand_to_room_doors(MazeSearchAlgo.java:335) ~[fr-2.1.0.jar:unspecified]
	at app.freerouting.autoroute.MazeSearchAlgo.occupy_next_element(MazeSearchAlgo.java:286) ~[fr-2.1.0.jar:unspecified]
	at app.freerouting.autoroute.MazeSearchAlgo.find_connection(MazeSearchAlgo.java:206) ~[fr-2.1.0.jar:unspecified]
	at app.freerouting.autoroute.AutorouteEngine.autoroute_connection(AutorouteEngine.java:155) [fr-2.1.0.jar:unspecified]
	at app.freerouting.autoroute.BatchAutorouter.autoroute_item(BatchAutorouter.java:610) [fr-2.1.0.jar:unspecified]
	at app.freerouting.autoroute.BatchAutorouter.autoroute_pass(BatchAutorouter.java:332) [fr-2.1.0.jar:unspecified]
	at app.freerouting.autoroute.BatchAutorouter.runBatchLoop(BatchAutorouter.java:447) [fr-2.1.0.jar:unspecified]
	at app.freerouting.management.RoutingJobSchedulerActionThread.thread_action(RoutingJobSchedulerActionThread.java:131) [fr-2.1.0.jar:unspecified]
	at app.freerouting.core.StoppableThread.run(StoppableThread.java:26) [fr-2.1.0.jar:unspecified]
2026-10-02 14:41:18.015 WARN   PolylineTrace.get_trace_connection_shape p_index out of range
2026-10-02 14:41:18.015 ERROR  AutorouteEngine.autoroute_connection: Exception in maze_search_algo.find_connection
java.lang.NullPointerException: Cannot invoke "app.freerouting.geometry.planar.TileShape.nearest_point_approx(app.freerouting.geometry.planar.FloatPoint)" because "target_shape" is null
	at app.freerouting.autoroute.MazeSearchAlgo.expand_to_target_doors(MazeSearchAlgo.java:534) ~[fr-2.1.0.jar:unspecified]
	at app.freerouting.autoroute.MazeSearchAlgo.expand_to_room_doors(MazeSearchAlgo.java:398) ~[fr-2.1.0.jar:unspecified]
	at app.freerouting.autoroute.MazeSearchAlgo.occupy_next_element(MazeSearchAlgo.java:286) ~[fr-2.1.0.jar:unspecified]
	at app.freerouting.autoroute.MazeSearchAlgo.find_connection(MazeSearchAlgo.java:206) ~[fr-2.1.0.jar:unspecified]
	at app.freerouting.autoroute.AutorouteEngine.autoroute_connection(AutorouteEngine.java:155) [fr-2.1.0.jar:unspecified]
	at app.freerouting.autoroute.BatchAutorouter.autoroute_item(BatchAutorouter.java:610) [fr-2.1.0.jar:unspecified]
	at app.freerouting.autoroute.BatchAutorouter.autoroute_pass(BatchAutorouter.java:332) [fr-2.1.0.jar:unspecified]
	at app.freerouting.autoroute.BatchAutorouter.runBatchLoop(BatchAutorouter.java:447) [fr-2.1.0.jar:unspecified]
	at app.freerouting.management.RoutingJobSchedulerActionThread.thread_action(RoutingJobSchedulerActionThread.java:131) [fr-2.1.0.jar:unspecified]
	at app.freerouting.core.StoppableThread.run(StoppableThread.java:26) [fr-2.1.0.jar:unspecified]
2026-10-02 14:41:18.089 INFO   [6F6966\E2E3AC] Restoring an earlier board that has the score of 985.60 (1 unrouted).
2026-10-02 14:41:18.089 INFO   [6F6966\E2E3AC] Auto-router pass #404 on board '9c904c7f7b617ff4aed16df077b6b8a6' was completed in 0.16 seconds with the score of 964.66 (3 unrouted), using 6338.47 CPU seconds and 94230 MB memory.
2026-10-02 14:41:18.131 INFO   [6F6966\E2E3AC] Auto-router pass #405 on board 'b976806b0dc8adcff494e1616ee4ce9e' was completed in 0.03 seconds with the score of 986.01 (1 unrouted), using 6338.47 CPU seconds and 94230 MB memory.
2026-10-02 14:41:18.280 INFO   [6F6966\E2E3AC] Auto-router pass #406 on board '01ad7277a48992d9789e7d1180bf04e7' was completed in 0.14 seconds with the score of 978.43 (2 unrouted), using 6338.47 CPU seconds and 94230 MB memory.
2026-10-02 14:41:18.503 INFO   [6F6966\E2E3AC] Auto-router pass #407 on board '5785abecd091999823be7fcd681e955f' was completed in 0.22 seconds with the score of 977.65 (2 unrouted), using 6338.47 CPU seconds and 94230 MB memory.
2026-10-02 14:41:19.088 INFO   [6F6966\E2E3AC] Restoring an earlier board that has the score of 985.60 (1 unrouted).
2026-10-02 14:41:19.088 INFO   [6F6966\E2E3AC] Auto-router pass #408 on board '57a7e0bc2227a98a053193fb7441a51e' was completed in 0.57 seconds with the score of 978.13 (2 unrouted), using 6450.49 CPU seconds and 95201 MB memory.
2026-10-02 14:41:19.130 INFO   [6F6966\E2E3AC] Auto-router pass #409 on board 'b976806b0dc8adcff494e1616ee4ce9e' was completed in 0.04 seconds with the score of 986.01 (1 unrouted), using 6450.49 CPU seconds and 95201 MB memory.
2026-10-02 14:41:19.293 INFO   [6F6966\E2E3AC] Auto-router pass #410 on board '01ad7277a48992d9789e7d1180bf04e7' was completed in 0.16 seconds with the score of 949.89 (4 unrouted), using 6450.49 CPU seconds and 95201 MB memory.
2026-10-02 14:41:19.447 INFO   [6F6966\E2E3AC] Auto-router pass #411 on board '69e692b8adcb0f6ab2f0a61e0829dcb9' was completed in 0.14 seconds with the score of 969.97 (2 unrouted), using 6450.49 CPU seconds and 95201 MB memory.
2026-10-02 14:41:19.747 INFO   [6F6966\E2E3AC] Restoring an earlier board that has the score of 984.92 (1 unrouted).
2026-10-02 14:41:19.747 INFO   [6F6966\E2E3AC] Auto-router pass #412 on board 'f5d89815a31b2dd86e571b02bce88c63' was completed in 0.28 seconds with the score of 982.49 (1 unrouted), using 6450.49 CPU seconds and 95201 MB memory.
2026-10-02 14:41:19.802 INFO   [6F6966\E2E3AC] Auto-router pass #413 on board '53501c65e6ba24c9cdec29d7980007ae' was completed in 0.05 seconds with the score of 985.60 (1 unrouted), using 6450.49 CPU seconds and 95201 MB memory.
2026-10-02 14:41:19.952 INFO   [6F6966\E2E3AC] Auto-router pass #414 on board 'b976806b0dc8adcff494e1616ee4ce9e' was completed in 0.14 seconds with the score of 972.61 (2 unrouted), using 6450.49 CPU seconds and 95201 MB memory.
2026-10-02 14:41:19.988 INFO   [6F6966\E2E3AC] Auto-router pass #415 on board 'd04dbffe74bf4ae543a4cac862ffd282' was completed in 0.03 seconds with the score of 972.61 (2 unrouted), using 6450.49 CPU seconds and 95201 MB memory.
2026-10-02 14:41:20.238 INFO   [6F6966\E2E3AC] Restoring an earlier board that has the score of 984.83 (1 unrouted).
2026-10-02 14:41:20.239 INFO   [6F6966\E2E3AC] Auto-router pass #416 on board 'd04dbffe74bf4ae543a4cac862ffd282' was completed in 0.25 seconds with the score of 964.97 (3 unrouted), using 6563.50 CPU seconds and 96115 MB memory.
2026-10-02 14:41:20.395 INFO   [6F6966\E2E3AC] Auto-router pass #417 on board '3fcad31d848edf423a4fda5afd498879' was completed in 0.15 seconds with the score of 984.56 (1 unrouted), using 6563.50 CPU seconds and 96115 MB memory.
2026-10-02 14:41:20.538 INFO   [6F6966\E2E3AC] Auto-router pass #418 on board '601b90c5113a42eeda8a942e6583ad72' was completed in 0.13 seconds with the score of 984.20 (1 unrouted), using 6563.50 CPU seconds and 96115 MB memory.
2026-10-02 14:41:20.679 INFO   [6F6966\E2E3AC] Auto-router pass #419 on board 'de2b2cdfeb58f428ca2d402f30f7d181' was completed in 0.13 seconds with the score of 956.43 (3 unrouted), using 6563.50 CPU seconds and 96115 MB memory.
2026-10-02 14:41:21.338 INFO   [6F6966\E2E3AC] Restoring an earlier board that has the score of 984.83 (1 unrouted).
2026-10-02 14:41:21.338 INFO   [6F6966\E2E3AC] Auto-router pass #420 on board 'af34b830f2b0f1ac51a666b4fdd2959a' was completed in 0.65 seconds with the score of 899.03 (7 unrouted), using 6677.49 CPU seconds and 96934 MB memory.
2026-10-02 14:41:21.447 INFO   [6F6966\E2E3AC] Auto-router pass #421 on board '3fcad31d848edf423a4fda5afd498879' was completed in 0.10 seconds with the score of 976.21 (2 unrouted), using 6677.49 CPU seconds and 96934 MB memory.
2026-10-02 14:41:21.523 INFO   [6F6966\E2E3AC] Auto-router pass #422 on board '02d1f9009c6417cca12bedb9cb5303e7' was completed in 0.06 seconds with the score of 972.31 (2 unrouted), using 6677.49 CPU seconds and 96934 MB memory.
2026-10-02 14:41:21.671 INFO   [6F6966\E2E3AC] Auto-router pass #423 on board '8e580477ddd85aa66670944943f42f58' was completed in 0.13 seconds with the score of 959.57 (3 unrouted), using 6677.49 CPU seconds and 96934 MB memory.
2026-10-02 14:41:22.014 INFO   [6F6966\E2E3AC] Restoring an earlier board that has the score of 984.83 (1 unrouted).
2026-10-02 14:41:22.014 INFO   [6F6966\E2E3AC] Auto-router pass #424 on board 'cf05a42fe84f0719814a896e400a9aaf' was completed in 0.33 seconds with the score of 936.82 (4 unrouted), using 6677.49 CPU seconds and 96934 MB memory.
2026-10-02 14:41:22.167 INFO   [6F6966\E2E3AC] Auto-router pass #425 on board '3fcad31d848edf423a4fda5afd498879' was completed in 0.15 seconds with the score of 984.56 (1 unrouted), using 6792.46 CPU seconds and 97833 MB memory.
2026-10-02 14:41:22.197 INFO   [6F6966\E2E3AC] Auto-router pass #426 on board '601b90c5113a42eeda8a942e6583ad72' was completed in 0.03 seconds with the score of 984.06 (1 unrouted), using 6792.46 CPU seconds and 97833 MB memory.
2026-10-02 14:41:22.299 INFO   [6F6966\E2E3AC] Auto-router pass #427 on board 'e1c9b32b448b569e30a3dd1ee03122e7' was completed in 0.09 seconds with the score of 974.50 (2 unrouted), using 6792.46 CPU seconds and 97833 MB memory.
2026-10-02 14:41:22.843 INFO   [6F6966\E2E3AC] Restoring an earlier board that has the score of 984.83 (1 unrouted).
2026-10-02 14:41:22.843 INFO   [6F6966\E2E3AC] Auto-router pass #428 on board 'dd63a5e283c0de25e01eedcadc59230f' was completed in 0.53 seconds with the score of 962.90 (3 unrouted), using 6792.46 CPU seconds and 97833 MB memory.
2026-10-02 14:41:23.002 INFO   [6F6966\E2E3AC] Auto-router pass #429 on board '3fcad31d848edf423a4fda5afd498879' was completed in 0.15 seconds with the score of 984.56 (1 unrouted), using 6792.46 CPU seconds and 97833 MB memory.
2026-10-02 14:41:23.106 INFO   [6F6966\E2E3AC] Auto-router pass #430 on board '601b90c5113a42eeda8a942e6583ad72' was completed in 0.10 seconds with the score of 984.20 (1 unrouted), using 6908.42 CPU seconds and 98768 MB memory.
2026-10-02 14:41:23.236 INFO   [6F6966\E2E3AC] Auto-router pass #431 on board 'de2b2cdfeb58f428ca2d402f30f7d181' was completed in 0.12 seconds with the score of 956.43 (3 unrouted), using 6908.42 CPU seconds and 98768 MB memory.
2026-10-02 14:41:23.605 INFO   [6F6966\E2E3AC] Restoring an earlier board that has the score of 984.83 (1 unrouted).
2026-10-02 14:41:23.606 INFO   [6F6966\E2E3AC] Auto-router pass #432 on board 'af34b830f2b0f1ac51a666b4fdd2959a' was completed in 0.36 seconds with the score of 963.22 (3 unrouted), using 6908.42 CPU seconds and 98768 MB memory.
2026-10-02 14:41:23.709 INFO   [6F6966\E2E3AC] Auto-router pass #433 on board '973f8345dd2e62777460a32b625acaa4' was completed in 0.10 seconds with the score of 976.21 (2 unrouted), using 6908.42 CPU seconds and 98768 MB memory.
2026-10-02 14:41:23.783 INFO   [6F6966\E2E3AC] Auto-router pass #434 on board '027cad427d9a9388b1153f17512501a1' was completed in 0.06 seconds with the score of 972.31 (2 unrouted), using 6908.42 CPU seconds and 98768 MB memory.
2026-10-02 14:41:23.916 INFO   [6F6966\E2E3AC] Auto-router pass #435 on board '15f6e1543ceed635db15812a71eda708' was completed in 0.12 seconds with the score of 932.22 (5 unrouted), using 6908.42 CPU seconds and 98768 MB memory.
2026-10-02 14:41:24.598 INFO   [6F6966\E2E3AC] Restoring an earlier board that has the score of 984.83 (1 unrouted).
2026-10-02 14:41:24.598 INFO   [6F6966\E2E3AC] Auto-router pass #436 on board 'afed2cdbcdd7056631c5d00733ea917f' was completed in 0.67 seconds with the score of 900.58 (7 unrouted), using 7025.35 CPU seconds and 99714 MB memory.
2026-10-02 14:41:24.747 INFO   [6F6966\E2E3AC] Auto-router pass #437 on board '973f8345dd2e62777460a32b625acaa4' was completed in 0.14 seconds with the score of 984.56 (1 unrouted), using 7025.35 CPU seconds and 99714 MB memory.
2026-10-02 14:41:24.860 INFO   [6F6966\E2E3AC] Auto-router pass #438 on board '67eae2b5496d16a88ff770c0da42d426' was completed in 0.10 seconds with the score of 984.20 (1 unrouted), using 7025.35 CPU seconds and 99714 MB memory.
2026-10-02 14:41:24.969 INFO   [6F6966\E2E3AC] Auto-router pass #439 on board '9c92cc86677bb7cf37e4d8d334eca53f' was completed in 0.10 seconds with the score of 974.50 (2 unrouted), using 7025.35 CPU seconds and 99714 MB memory.
2026-10-02 14:41:25.427 INFO   [6F6966\E2E3AC] Restoring an earlier board that has the score of 984.83 (1 unrouted).
2026-10-02 14:41:25.427 INFO   [6F6966\E2E3AC] Auto-router pass #440 on board '1b03fcee08b770331743adf69c225fcf' was completed in 0.45 seconds with the score of 975.87 (2 unrouted), using 7143.27 CPU seconds and 100633 MB memory.
2026-10-02 14:41:25.530 INFO   [6F6966\E2E3AC] Auto-router pass #441 on board '973f8345dd2e62777460a32b625acaa4' was completed in 0.10 seconds with the score of 976.21 (2 unrouted), using 7143.27 CPU seconds and 100633 MB memory.
2026-10-02 14:41:25.609 INFO   [6F6966\E2E3AC] Auto-router pass #442 on board '027cad427d9a9388b1153f17512501a1' was completed in 0.07 seconds with the score of 985.23 (1 unrouted), using 7143.27 CPU seconds and 100633 MB memory.
2026-10-02 14:41:25.703 INFO   [6F6966\E2E3AC] Auto-router pass #443 on board 'e3ec009ce1bff919cc989edccd5509c8' was completed in 0.08 seconds with the score of 985.18 (1 unrouted), using 7143.27 CPU seconds and 100633 MB memory.
2026-10-02 14:41:26.130 INFO   [6F6966\E2E3AC] Restoring an earlier board that has the score of 985.23 (1 unrouted).
2026-10-02 14:41:26.130 INFO   [6F6966\E2E3AC] Auto-router pass #444 on board '14f50b0578e5ed5eb975a4a21df05575' was completed in 0.41 seconds with the score of 974.32 (2 unrouted), using 7262.17 CPU seconds and 101444 MB memory.
2026-10-02 14:41:26.271 INFO   [6F6966\E2E3AC] Auto-router pass #445 on board 'e3ec009ce1bff919cc989edccd5509c8' was completed in 0.13 seconds with the score of 986.16 (1 unrouted), using 7262.17 CPU seconds and 101444 MB memory.
2026-10-02 14:41:26.317 INFO   [6F6966\E2E3AC] Auto-router pass #446 on board '728e20e0209a8c9f6767abaa2b68dfb5' was completed in 0.03 seconds with the score of 985.63 (1 unrouted), using 7262.17 CPU seconds and 101444 MB memory.
2026-10-02 14:41:26.382 INFO   [6F6966\E2E3AC] Auto-router pass #447 on board '1315407f13f655dbb6cc6ee01f3a3d3b' was completed in 0.05 seconds with the score of 985.99 (1 unrouted), using 7262.17 CPU seconds and 101444 MB memory.
2026-10-02 14:41:26.456 INFO   [6F6966\E2E3AC] Restoring an earlier board that has the score of 986.16 (1 unrouted).
2026-10-02 14:41:26.456 INFO   [6F6966\E2E3AC] Auto-router pass #448 on board '7f4aff89c7a43586fa7834e5f2c4db2e' was completed in 0.06 seconds with the score of 984.68 (1 unrouted), using 7262.17 CPU seconds and 101444 MB memory.
2026-10-02 14:41:26.500 INFO   [6F6966\E2E3AC] Auto-router pass #449 on board '728e20e0209a8c9f6767abaa2b68dfb5' was completed in 0.03 seconds with the score of 985.63 (1 unrouted), using 7262.17 CPU seconds and 101444 MB memory.
2026-10-02 14:41:26.549 INFO   [6F6966\E2E3AC] Auto-router pass #450 on board '1315407f13f655dbb6cc6ee01f3a3d3b' was completed in 0.04 seconds with the score of 985.99 (1 unrouted), using 7262.17 CPU seconds and 101444 MB memory.
2026-10-02 14:41:26.655 INFO   [6F6966\E2E3AC] Auto-router pass #451 on board '7f4aff89c7a43586fa7834e5f2c4db2e' was completed in 0.10 seconds with the score of 984.29 (1 unrouted), using 7262.17 CPU seconds and 101444 MB memory.
2026-10-02 14:41:26.714 INFO   [6F6966\E2E3AC] Restoring an earlier board that has the score of 986.16 (1 unrouted).
2026-10-02 14:41:26.714 INFO   [6F6966\E2E3AC] Auto-router pass #452 on board '94ee7727d7e94dcc49951eee20d755aa' was completed in 0.05 seconds with the score of 971.88 (2 unrouted), using 7262.17 CPU seconds and 101444 MB memory.
2026-10-02 14:41:26.843 INFO   [6F6966\E2E3AC] Auto-router pass #453 on board '728e20e0209a8c9f6767abaa2b68dfb5' was completed in 0.12 seconds with the score of 986.16 (1 unrouted), using 7262.17 CPU seconds and 101444 MB memory.
2026-10-02 14:41:26.870 INFO   [6F6966\E2E3AC] Auto-router pass #454 on board '728e20e0209a8c9f6767abaa2b68dfb5' was completed in 0.02 seconds with the score of 986.16 (1 unrouted), using 7262.17 CPU seconds and 101444 MB memory.
2026-10-02 14:41:26.900 INFO   [6F6966\E2E3AC] Auto-router pass #455 on board '728e20e0209a8c9f6767abaa2b68dfb5' was completed in 0.03 seconds with the score of 986.16 (1 unrouted), using 7262.17 CPU seconds and 101444 MB memory.
2026-10-02 14:41:27.090 INFO   [6F6966\E2E3AC] Restoring an earlier board that has the score of 986.16 (1 unrouted).
2026-10-02 14:41:27.090 INFO   [6F6966\E2E3AC] Auto-router pass #456 on board '728e20e0209a8c9f6767abaa2b68dfb5' was completed in 0.18 seconds with the score of 985.74 (1 unrouted), using 7382.05 CPU seconds and 102425 MB memory.
2026-10-02 14:41:27.218 INFO   [6F6966\E2E3AC] Auto-router pass #457 on board '728e20e0209a8c9f6767abaa2b68dfb5' was completed in 0.12 seconds with the score of 986.16 (1 unrouted), using 7382.05 CPU seconds and 102425 MB memory.
2026-10-02 14:41:27.250 INFO   [6F6966\E2E3AC] Auto-router pass #458 on board '728e20e0209a8c9f6767abaa2b68dfb5' was completed in 0.03 seconds with the score of 986.16 (1 unrouted), using 7382.05 CPU seconds and 102425 MB memory.
2026-10-02 14:41:27.276 INFO   [6F6966\E2E3AC] Auto-router pass #459 on board '728e20e0209a8c9f6767abaa2b68dfb5' was completed in 0.02 seconds with the score of 986.16 (1 unrouted), using 7382.05 CPU seconds and 102425 MB memory.
2026-10-02 14:41:27.500 INFO   [6F6966\E2E3AC] Restoring an earlier board that has the score of 986.16 (1 unrouted).
2026-10-02 14:41:27.501 INFO   [6F6966\E2E3AC] Auto-router pass #460 on board '728e20e0209a8c9f6767abaa2b68dfb5' was completed in 0.22 seconds with the score of 986.16 (1 unrouted), using 7382.05 CPU seconds and 102425 MB memory.
2026-10-02 14:41:27.637 INFO   [6F6966\E2E3AC] Auto-router pass #461 on board '728e20e0209a8c9f6767abaa2b68dfb5' was completed in 0.13 seconds with the score of 986.16 (1 unrouted), using 7382.05 CPU seconds and 102425 MB memory.
2026-10-02 14:41:27.665 INFO   [6F6966\E2E3AC] Auto-router pass #462 on board '728e20e0209a8c9f6767abaa2b68dfb5' was completed in 0.02 seconds with the score of 986.16 (1 unrouted), using 7382.05 CPU seconds and 102425 MB memory.
2026-10-02 14:41:27.692 INFO   [6F6966\E2E3AC] Auto-router pass #463 on board '728e20e0209a8c9f6767abaa2b68dfb5' was completed in 0.02 seconds with the score of 986.16 (1 unrouted), using 7382.05 CPU seconds and 102425 MB memory.
2026-10-02 14:41:27.885 INFO   [6F6966\E2E3AC] Restoring an earlier board that has the score of 985.99 (1 unrouted).
2026-10-02 14:41:27.886 INFO   [6F6966\E2E3AC] Auto-router pass #464 on board '728e20e0209a8c9f6767abaa2b68dfb5' was completed in 0.19 seconds with the score of 985.74 (1 unrouted), using 7382.05 CPU seconds and 102425 MB memory.
2026-10-02 14:41:27.928 INFO   [6F6966\E2E3AC] Auto-router pass #465 on board '7f4aff89c7a43586fa7834e5f2c4db2e' was completed in 0.04 seconds with the score of 973.66 (2 unrouted), using 7382.05 CPU seconds and 102425 MB memory.
2026-10-02 14:41:28.212 INFO   [6F6966\E2E3AC] Auto-router pass #466 on board '4de37c220442e87c3aad14652a6fe4ad' was completed in 0.27 seconds with the score of 962.76 (4 unrouted), using 7502.91 CPU seconds and 103458 MB memory.
2026-10-02 14:41:28.532 INFO   [6F6966\E2E3AC] Auto-router pass #467 on board 'de08c617e22f694538aef2bdf1f33d1b' was completed in 0.31 seconds with the score of 923.91 (6 unrouted), using 7502.91 CPU seconds and 103458 MB memory.
2026-10-02 14:41:29.354 INFO   [6F6966\E2E3AC] Restoring an earlier board that has the score of 985.99 (1 unrouted).
2026-10-02 14:41:29.355 INFO   [6F6966\E2E3AC] Auto-router pass #468 on board '7eb642e51466601ee72e69366bbe6c70' was completed in 0.81 seconds with the score of 950.01 (4 unrouted), using 7624.76 CPU seconds and 104434 MB memory.
2026-10-02 14:41:29.395 INFO   [6F6966\E2E3AC] Auto-router pass #469 on board '7f4aff89c7a43586fa7834e5f2c4db2e' was completed in 0.04 seconds with the score of 973.66 (2 unrouted), using 7624.76 CPU seconds and 104434 MB memory.
2026-10-02 14:41:29.580 INFO   [6F6966\E2E3AC] Auto-router pass #470 on board '4de37c220442e87c3aad14652a6fe4ad' was completed in 0.18 seconds with the score of 965.67 (3 unrouted), using 7624.76 CPU seconds and 104434 MB memory.
2026-10-02 14:41:29.742 INFO   [6F6966\E2E3AC] Auto-router pass #471 on board '89a1ada44c38ffe76db48b8275e288e4' was completed in 0.15 seconds with the score of 971.62 (2 unrouted), using 7624.76 CPU seconds and 104434 MB memory.
2026-10-02 14:41:30.032 INFO   [6F6966\E2E3AC] Restoring an earlier board that has the score of 985.99 (1 unrouted).
2026-10-02 14:41:30.032 INFO   [6F6966\E2E3AC] Auto-router pass #472 on board '6c0db5be38035873e748a54d15a2eac8' was completed in 0.28 seconds with the score of 928.29 (5 unrouted), using 7624.76 CPU seconds and 104434 MB memory.
2026-10-02 14:41:30.146 INFO   [6F6966\E2E3AC] Auto-router pass #473 on board '7f4aff89c7a43586fa7834e5f2c4db2e' was completed in 0.11 seconds with the score of 984.29 (1 unrouted), using 7747.58 CPU seconds and 105444 MB memory.
2026-10-02 14:41:30.187 INFO   [6F6966\E2E3AC] Auto-router pass #474 on board '1f228b5e2f377525d29ced7356edd27b' was completed in 0.03 seconds with the score of 984.16 (1 unrouted), using 7747.58 CPU seconds and 105444 MB memory.
2026-10-02 14:41:30.294 INFO   [6F6966\E2E3AC] Auto-router pass #475 on board 'e016dbf98edb7b825de9b38f9d9e0ce7' was completed in 0.10 seconds with the score of 985.02 (1 unrouted), using 7747.58 CPU seconds and 105444 MB memory.
2026-10-02 14:41:30.545 INFO   [6F6966\E2E3AC] Restoring an earlier board that has the score of 985.99 (1 unrouted).
2026-10-02 14:41:30.546 INFO   [6F6966\E2E3AC] Auto-router pass #476 on board 'c295f3654d175abc18044c21794d514c' was completed in 0.24 seconds with the score of 985.15 (1 unrouted), using 7747.58 CPU seconds and 105444 MB memory.
2026-10-02 14:41:30.652 INFO   [6F6966\E2E3AC] Auto-router pass #477 on board '7f4aff89c7a43586fa7834e5f2c4db2e' was completed in 0.10 seconds with the score of 984.29 (1 unrouted), using 7747.58 CPU seconds and 105444 MB memory.
2026-10-02 14:41:30.760 INFO   [6F6966\E2E3AC] Auto-router pass #478 on board '1f228b5e2f377525d29ced7356edd27b' was completed in 0.10 seconds with the score of 983.75 (1 unrouted), using 7747.58 CPU seconds and 105444 MB memory.
2026-10-02 14:41:30.876 INFO   [6F6966\E2E3AC] Auto-router pass #479 on board 'f730842b441ef5f3811861bc16511a09' was completed in 0.10 seconds with the score of 984.06 (1 unrouted), using 7747.58 CPU seconds and 105444 MB memory.
2026-10-02 14:41:31.131 INFO   [6F6966\E2E3AC] Restoring an earlier board that has the score of 985.63 (1 unrouted).
2026-10-02 14:41:31.131 INFO   [6F6966\E2E3AC] Auto-router pass #480 on board 'caf5751be5be074071853ee9a228d63f' was completed in 0.24 seconds with the score of 960.67 (3 unrouted), using 7871.38 CPU seconds and 106485 MB memory.
2026-10-02 14:41:31.259 INFO   [6F6966\E2E3AC] Auto-router pass #481 on board '1315407f13f655dbb6cc6ee01f3a3d3b' was completed in 0.12 seconds with the score of 983.93 (1 unrouted), using 7871.38 CPU seconds and 106485 MB memory.
2026-10-02 14:41:31.370 INFO   [6F6966\E2E3AC] Auto-router pass #482 on board '962d2811228b2a905f9c6a01c3631aac' was completed in 0.10 seconds with the score of 983.44 (1 unrouted), using 7871.38 CPU seconds and 106485 MB memory.
2026-10-02 14:41:31.405 INFO   [6F6966\E2E3AC] Auto-router pass #483 on board '1862b9f20dc719d7d545ecce0f2dd95d' was completed in 0.03 seconds with the score of 982.96 (1 unrouted), using 7871.38 CPU seconds and 106485 MB memory.
2026-10-02 14:41:31.477 INFO   [6F6966\E2E3AC] Restoring an earlier board that has the score of 985.63 (1 unrouted).
2026-10-02 14:41:31.477 INFO   [6F6966\E2E3AC] Auto-router pass #484 on board 'fb49472b5d10fda0c9d952627e1487c7' was completed in 0.06 seconds with the score of 984.07 (1 unrouted), using 7871.38 CPU seconds and 106485 MB memory.
2026-10-02 14:41:31.528 INFO   [6F6966\E2E3AC] Auto-router pass #485 on board '1315407f13f655dbb6cc6ee01f3a3d3b' was completed in 0.05 seconds with the score of 985.99 (1 unrouted), using 7871.38 CPU seconds and 106485 MB memory.
2026-10-02 14:41:31.576 INFO   [6F6966\E2E3AC] Auto-router pass #486 on board 'de2839d3ef3aa6f128b1639d8eda8bc1' was completed in 0.04 seconds with the score of 973.66 (2 unrouted), using 7871.38 CPU seconds and 106485 MB memory.
2026-10-02 14:41:31.728 INFO   [6F6966\E2E3AC] Auto-router pass #487 on board '5543cda263cf66b2239727bf0d31b432' was completed in 0.14 seconds with the score of 972.78 (2 unrouted), using 7871.38 CPU seconds and 106485 MB memory.
2026-10-02 14:41:32.056 INFO   [6F6966\E2E3AC] Restoring an earlier board that has the score of 985.99 (1 unrouted).
2026-10-02 14:41:32.056 INFO   [6F6966\E2E3AC] Auto-router pass #488 on board '1139239eda42a64556c63d7a753560cd' was completed in 0.32 seconds with the score of 976.08 (2 unrouted), using 7871.38 CPU seconds and 106485 MB memory.
2026-10-02 14:41:32.097 INFO   [6F6966\E2E3AC] Auto-router pass #489 on board 'de2839d3ef3aa6f128b1639d8eda8bc1' was completed in 0.04 seconds with the score of 973.66 (2 unrouted), using 7996.16 CPU seconds and 107529 MB memory.
2026-10-02 14:41:32.313 INFO   [6F6966\E2E3AC] Auto-router pass #490 on board '5543cda263cf66b2239727bf0d31b432' was completed in 0.21 seconds with the score of 961.53 (4 unrouted), using 7996.16 CPU seconds and 107529 MB memory.
2026-10-02 14:41:32.454 INFO   [6F6966\E2E3AC] Auto-router pass #491 on board '98b7f665a60a1b0cc19dcad1311c19e5' was completed in 0.13 seconds with the score of 944.14 (4 unrouted), using 7996.16 CPU seconds and 107529 MB memory.
2026-10-02 14:41:33.205 INFO   [6F6966\E2E3AC] Restoring an earlier board that has the score of 985.99 (1 unrouted).
2026-10-02 14:41:33.206 INFO   [6F6966\E2E3AC] Auto-router pass #492 on board 'b0bde32ec50ea372e09c13b0271ba2a5' was completed in 0.74 seconds with the score of 919.73 (6 unrouted), using 8121.92 CPU seconds and 108506 MB memory.
2026-10-02 14:41:33.313 INFO   [6F6966\E2E3AC] Auto-router pass #493 on board 'de2839d3ef3aa6f128b1639d8eda8bc1' was completed in 0.10 seconds with the score of 984.29 (1 unrouted), using 8121.92 CPU seconds and 108506 MB memory.
2026-10-02 14:41:33.352 INFO   [6F6966\E2E3AC] Auto-router pass #494 on board '5c7638a05076ac93c509db0ad5a32034' was completed in 0.03 seconds with the score of 984.16 (1 unrouted), using 8121.92 CPU seconds and 108506 MB memory.
2026-10-02 14:41:33.409 INFO   [6F6966\E2E3AC] Auto-router pass #495 on board '191aa48be2c1c327a926b8b9228d52af' was completed in 0.05 seconds with the score of 983.63 (1 unrouted), using 8121.92 CPU seconds and 108506 MB memory.
2026-10-02 14:41:33.499 INFO   [6F6966\E2E3AC] Restoring an earlier board that has the score of 985.99 (1 unrouted).
2026-10-02 14:41:33.499 INFO   [6F6966\E2E3AC] Auto-router pass #496 on board '3e0e8372f0dbe225875ce2fda30ef9b0' was completed in 0.08 seconds with the score of 984.20 (1 unrouted), using 8121.92 CPU seconds and 108506 MB memory.
2026-10-02 14:41:33.609 INFO   [6F6966\E2E3AC] Auto-router pass #497 on board 'de2839d3ef3aa6f128b1639d8eda8bc1' was completed in 0.10 seconds with the score of 984.29 (1 unrouted), using 8121.92 CPU seconds and 108506 MB memory.
2026-10-02 14:41:33.640 INFO   [6F6966\E2E3AC] Auto-router pass #498 on board '5c7638a05076ac93c509db0ad5a32034' was completed in 0.03 seconds with the score of 984.16 (1 unrouted), using 8121.92 CPU seconds and 108506 MB memory.
2026-10-02 14:41:33.741 INFO   [6F6966\E2E3AC] Auto-router pass #499 on board '191aa48be2c1c327a926b8b9228d52af' was completed in 0.10 seconds with the score of 985.02 (1 unrouted), using 8121.92 CPU seconds and 108506 MB memory.
2026-10-02 14:41:33.790 INFO   [6F6966\E2E3AC] Restoring an earlier board that has the score of 985.99 (1 unrouted).
2026-10-02 14:41:33.790 INFO   [6F6966\E2E3AC] Auto-router pass #500 on board 'b600eb616fa56a968cbfa7b4dec30826' was completed in 0.04 seconds with the score of 984.96 (1 unrouted), using 8121.92 CPU seconds and 108506 MB memory.
2026-10-02 14:41:33.899 INFO   [6F6966\E2E3AC] Auto-router pass #501 on board 'de2839d3ef3aa6f128b1639d8eda8bc1' was completed in 0.10 seconds with the score of 984.29 (1 unrouted), using 8121.92 CPU seconds and 108506 MB memory.
2026-10-02 14:41:33.933 INFO   [6F6966\E2E3AC] Auto-router pass #502 on board '5c7638a05076ac93c509db0ad5a32034' was completed in 0.03 seconds with the score of 984.16 (1 unrouted), using 8121.92 CPU seconds and 108506 MB memory.
2026-10-02 14:41:34.034 INFO   [6F6966\E2E3AC] Auto-router pass #503 on board '191aa48be2c1c327a926b8b9228d52af' was completed in 0.10 seconds with the score of 985.02 (1 unrouted), using 8121.92 CPU seconds and 108506 MB memory.
2026-10-02 14:41:34.279 INFO   [6F6966\E2E3AC] Restoring an earlier board that has the score of 985.63 (1 unrouted).
2026-10-02 14:41:34.279 INFO   [6F6966\E2E3AC] Auto-router pass #504 on board 'b600eb616fa56a968cbfa7b4dec30826' was completed in 0.24 seconds with the score of 985.15 (1 unrouted), using 8248.65 CPU seconds and 109549 MB memory.
2026-10-02 14:41:34.404 INFO   [6F6966\E2E3AC] Auto-router pass #505 on board '1315407f13f655dbb6cc6ee01f3a3d3b' was completed in 0.12 seconds with the score of 983.93 (1 unrouted), using 8248.65 CPU seconds and 109549 MB memory.
2026-10-02 14:41:34.439 INFO   [6F6966\E2E3AC] Auto-router pass #506 on board '962d2811228b2a905f9c6a01c3631aac' was completed in 0.03 seconds with the score of 984.28 (1 unrouted), using 8248.65 CPU seconds and 109549 MB memory.
2026-10-02 14:41:34.586 INFO   [6F6966\E2E3AC] Auto-router pass #507 on board '77e5e1a1fcbefad05abb2dbc40fa99d6' was completed in 0.14 seconds with the score of 977.41 (2 unrouted), using 8248.65 CPU seconds and 109549 MB memory.
2026-10-02 14:41:34.929 INFO   [6F6966\E2E3AC] Restoring an earlier board that has the score of 985.63 (1 unrouted).
2026-10-02 14:41:34.929 INFO   [6F6966\E2E3AC] Auto-router pass #508 on board 'f326048b224a8805711466a8b204adca' was completed in 0.33 seconds with the score of 977.01 (2 unrouted), using 8248.65 CPU seconds and 109549 MB memory.
2026-10-02 14:41:35.053 INFO   [6F6966\E2E3AC] Auto-router pass #509 on board '1315407f13f655dbb6cc6ee01f3a3d3b' was completed in 0.12 seconds with the score of 983.93 (1 unrouted), using 8248.65 CPU seconds and 109549 MB memory.
2026-10-02 14:41:35.090 INFO   [6F6966\E2E3AC] Auto-router pass #510 on board '962d2811228b2a905f9c6a01c3631aac' was completed in 0.03 seconds with the score of 984.28 (1 unrouted), using 8248.65 CPU seconds and 109549 MB memory.
2026-10-02 14:41:35.230 INFO   [6F6966\E2E3AC] Auto-router pass #511 on board '77e5e1a1fcbefad05abb2dbc40fa99d6' was completed in 0.13 seconds with the score of 977.41 (2 unrouted), using 8376.37 CPU seconds and 110596 MB memory.
2026-10-02 14:41:35.547 INFO   [6F6966\E2E3AC] Restoring an earlier board that has the score of 985.23 (1 unrouted).
2026-10-02 14:41:35.547 INFO   [6F6966\E2E3AC] Auto-router pass #512 on board 'f326048b224a8805711466a8b204adca' was completed in 0.31 seconds with the score of 965.27 (3 unrouted), using 8376.37 CPU seconds and 110596 MB memory.
2026-10-02 14:41:35.662 INFO   [6F6966\E2E3AC] Auto-router pass #513 on board 'e3ec009ce1bff919cc989edccd5509c8' was completed in 0.11 seconds with the score of 986.16 (1 unrouted), using 8376.37 CPU seconds and 110596 MB memory.
2026-10-02 14:41:35.693 INFO   [6F6966\E2E3AC] Auto-router pass #514 on board '728e20e0209a8c9f6767abaa2b68dfb5' was completed in 0.03 seconds with the score of 985.63 (1 unrouted), using 8376.37 CPU seconds and 110596 MB memory.
2026-10-02 14:41:35.818 INFO   [6F6966\E2E3AC] Auto-router pass #515 on board '1315407f13f655dbb6cc6ee01f3a3d3b' was completed in 0.12 seconds with the score of 983.93 (1 unrouted), using 8376.37 CPU seconds and 110596 MB memory.
2026-10-02 14:41:36.061 INFO   [6F6966\E2E3AC] Restoring an earlier board that has the score of 985.23 (1 unrouted).
2026-10-02 14:41:36.061 INFO   [6F6966\E2E3AC] Auto-router pass #516 on board 'ac5dc53e791998b2ff1693ec2158d175' was completed in 0.23 seconds with the score of 976.45 (2 unrouted), using 8376.37 CPU seconds and 110596 MB memory.
2026-10-02 14:41:36.176 INFO   [6F6966\E2E3AC] Auto-router pass #517 on board 'e3ec009ce1bff919cc989edccd5509c8' was completed in 0.11 seconds with the score of 986.16 (1 unrouted), using 8505.07 CPU seconds and 111645 MB memory.
2026-10-02 14:41:36.307 INFO   [6F6966\E2E3AC] Auto-router pass #518 on board '728e20e0209a8c9f6767abaa2b68dfb5' was completed in 0.13 seconds with the score of 986.16 (1 unrouted), using 8505.07 CPU seconds and 111645 MB memory.
2026-10-02 14:41:36.335 INFO   [6F6966\E2E3AC] Auto-router pass #519 on board '728e20e0209a8c9f6767abaa2b68dfb5' was completed in 0.02 seconds with the score of 986.16 (1 unrouted), using 8505.07 CPU seconds and 111645 MB memory.
2026-10-02 14:41:36.558 INFO   [6F6966\E2E3AC] Restoring an earlier board that has the score of 985.23 (1 unrouted).
2026-10-02 14:41:36.559 INFO   [6F6966\E2E3AC] Auto-router pass #520 on board '728e20e0209a8c9f6767abaa2b68dfb5' was completed in 0.22 seconds with the score of 986.16 (1 unrouted), using 8505.07 CPU seconds and 111645 MB memory.
2026-10-02 14:41:36.643 INFO   [6F6966\E2E3AC] Auto-router pass #521 on board 'e3ec009ce1bff919cc989edccd5509c8' was completed in 0.08 seconds with the score of 985.18 (1 unrouted), using 8505.07 CPU seconds and 111645 MB memory.
2026-10-02 14:41:36.686 INFO   [6F6966\E2E3AC] Auto-router pass #522 on board '8915b00a1fce8422bc9dd85ebb43033d' was completed in 0.03 seconds with the score of 984.04 (1 unrouted), using 8505.07 CPU seconds and 111645 MB memory.
2026-10-02 14:41:36.725 INFO   [6F6966\E2E3AC] Auto-router pass #523 on board '8a7878f2cc614443c8937b611b0f50aa' was completed in 0.03 seconds with the score of 983.92 (1 unrouted), using 8505.07 CPU seconds and 111645 MB memory.
2026-10-02 14:41:37.070 INFO   [6F6966\E2E3AC] Restoring an earlier board that has the score of 985.18 (1 unrouted).
2026-10-02 14:41:37.070 INFO   [6F6966\E2E3AC] Auto-router pass #524 on board '4e5582ecea445a750b0822191b63c23e' was completed in 0.34 seconds with the score of 983.68 (1 unrouted), using 8505.07 CPU seconds and 111645 MB memory.
2026-10-02 14:41:37.103 INFO   [6F6966\E2E3AC] Auto-router pass #525 on board '14f50b0578e5ed5eb975a4a21df05575' was completed in 0.03 seconds with the score of 975.34 (2 unrouted), using 8634.74 CPU seconds and 112561 MB memory.
2026-10-02 14:41:37.166 INFO   [6F6966\E2E3AC] Auto-router pass #526 on board 'd8a44f446ea988e5a7503733044115c0' was completed in 0.05 seconds with the score of 983.35 (1 unrouted), using 8634.74 CPU seconds and 112561 MB memory.
2026-10-02 14:41:37.215 INFO   [6F6966\E2E3AC] Auto-router pass #527 on board 'dd8911d44c734f8c845f61f3b78f5a03' was completed in 0.03 seconds with the score of 983.74 (1 unrouted), using 8634.74 CPU seconds and 112561 MB memory.
2026-10-02 14:41:37.462 INFO   [6F6966\E2E3AC] Restoring an earlier board that has the score of 985.18 (1 unrouted).
2026-10-02 14:41:37.462 INFO   [6F6966\E2E3AC] Auto-router pass #528 on board '569da296bc1c5bc8f564405924d1aaca' was completed in 0.24 seconds with the score of 976.92 (2 unrouted), using 8634.74 CPU seconds and 112561 MB memory.
2026-10-02 14:41:37.577 INFO   [6F6966\E2E3AC] Auto-router pass #529 on board '14f50b0578e5ed5eb975a4a21df05575' was completed in 0.11 seconds with the score of 985.36 (1 unrouted), using 8634.74 CPU seconds and 112561 MB memory.
2026-10-02 14:41:37.619 INFO   [6F6966\E2E3AC] Auto-router pass #530 on board '1ab67fbf47c54ee340889e5661b7a3e8' was completed in 0.03 seconds with the score of 984.64 (1 unrouted), using 8634.74 CPU seconds and 112561 MB memory.
2026-10-02 14:41:37.737 INFO   [6F6966\E2E3AC] Auto-router pass #531 on board 'eb7e2bb10756069680fd919c6e7f3db5' was completed in 0.11 seconds with the score of 985.45 (1 unrouted), using 8634.74 CPU seconds and 112561 MB memory.
2026-10-02 14:41:38.003 INFO   [6F6966\E2E3AC] Restoring an earlier board that has the score of 985.45 (1 unrouted).
2026-10-02 14:41:38.003 INFO   [6F6966\E2E3AC] Auto-router pass #532 on board '76f9b695407517ccd2b9301c2aaa77ba' was completed in 0.25 seconds with the score of 985.69 (1 unrouted), using 8634.74 CPU seconds and 112561 MB memory.
2026-10-02 14:41:38.116 INFO   [6F6966\E2E3AC] Auto-router pass #533 on board '76f9b695407517ccd2b9301c2aaa77ba' was completed in 0.11 seconds with the score of 985.52 (1 unrouted), using 8765.40 CPU seconds and 113532 MB memory.
2026-10-02 14:41:38.170 INFO   [6F6966\E2E3AC] Auto-router pass #534 on board '88ccbfc2b87aae71ed16921afeaf5082' was completed in 0.04 seconds with the score of 977.60 (2 unrouted), using 8765.40 CPU seconds and 113532 MB memory.
2026-10-02 14:41:38.330 INFO   [6F6966\E2E3AC] Auto-router pass #535 on board '3918b7e5dafb374d06f79ccedee518f7' was completed in 0.15 seconds with the score of 976.59 (2 unrouted), using 8765.40 CPU seconds and 113532 MB memory.
2026-10-02 14:41:38.625 INFO   [6F6966\E2E3AC] Restoring an earlier board that has the score of 985.52 (1 unrouted).
2026-10-02 14:41:38.626 INFO   [6F6966\E2E3AC] Auto-router pass #536 on board '07e78bf88fc05daee9151cc2b2982b66' was completed in 0.28 seconds with the score of 977.14 (2 unrouted), using 8765.40 CPU seconds and 113532 MB memory.
2026-10-02 14:41:38.731 INFO   [6F6966\E2E3AC] Auto-router pass #537 on board '88ccbfc2b87aae71ed16921afeaf5082' was completed in 0.10 seconds with the score of 985.90 (1 unrouted), using 8765.40 CPU seconds and 113532 MB memory.
2026-10-02 14:41:38.769 INFO   [6F6966\E2E3AC] Auto-router pass #538 on board 'e8278c007dac8e393ae0765c15ba8a87' was completed in 0.03 seconds with the score of 985.85 (1 unrouted), using 8765.40 CPU seconds and 113532 MB memory.
2026-10-02 14:41:38.886 INFO   [6F6966\E2E3AC] Auto-router pass #539 on board '0b39534e415c5228c5ee25d72781a20a' was completed in 0.10 seconds with the score of 986.41 (1 unrouted), using 8765.40 CPU seconds and 113532 MB memory.
2026-10-02 14:41:39.187 INFO   [6F6966\E2E3AC] Restoring an earlier board that has the score of 986.41 (1 unrouted).
2026-10-02 14:41:39.187 INFO   [6F6966\E2E3AC] Auto-router pass #540 on board '4918660861932e205fd31f27e420bb3e' was completed in 0.29 seconds with the score of 986.52 (1 unrouted), using 8897.03 CPU seconds and 114531 MB memory.
2026-10-02 14:41:39.220 INFO   [6F6966\E2E3AC] Auto-router pass #541 on board '4918660861932e205fd31f27e420bb3e' was completed in 0.03 seconds with the score of 986.38 (1 unrouted), using 8897.03 CPU seconds and 114531 MB memory.
2026-10-02 14:41:39.270 INFO   [6F6966\E2E3AC] Auto-router pass #542 on board '3f9d8aef71338534f6ce23df1bc013b4' was completed in 0.04 seconds with the score of 986.23 (1 unrouted), using 8897.03 CPU seconds and 114531 MB memory.
2026-10-02 14:41:39.383 INFO   [6F6966\E2E3AC] Auto-router pass #543 on board 'a09d5cf6dd0fb01b72a8bf10a969cae3' was completed in 0.10 seconds with the score of 977.44 (2 unrouted), using 8897.03 CPU seconds and 114531 MB memory.
2026-10-02 14:41:39.599 INFO   [6F6966\E2E3AC] Restoring an earlier board that has the score of 986.41 (1 unrouted).
2026-10-02 14:41:39.599 INFO   [6F6966\E2E3AC] Auto-router pass #544 on board 'f896da4a3c6d5268269e170d43095904' was completed in 0.20 seconds with the score of 977.80 (2 unrouted), using 8897.03 CPU seconds and 114531 MB memory.
2026-10-02 14:41:39.727 INFO   [6F6966\E2E3AC] Auto-router pass #545 on board '4918660861932e205fd31f27e420bb3e' was completed in 0.12 seconds with the score of 986.38 (1 unrouted), using 8897.03 CPU seconds and 114531 MB memory.
2026-10-02 14:41:39.842 INFO   [6F6966\E2E3AC] Auto-router pass #546 on board 'f47c7a49054e78e1c82ee5db40387770' was completed in 0.10 seconds with the score of 986.71 (1 unrouted), using 8897.03 CPU seconds and 114531 MB memory.
2026-10-02 14:41:39.878 INFO   [6F6966\E2E3AC] Auto-router pass #547 on board 'c16465cd01893eb92ba638cb09526bcd' was completed in 0.03 seconds with the score of 986.68 (1 unrouted), using 8897.03 CPU seconds and 114531 MB memory.
2026-10-02 14:41:39.983 INFO   [6F6966\E2E3AC] Restoring an earlier board that has the score of 986.71 (1 unrouted).
2026-10-02 14:41:39.984 INFO   [6F6966\E2E3AC] Auto-router pass #548 on board 'f2fe95be2177ff61976804476443927b' was completed in 0.09 seconds with the score of 987.18 (1 unrouted), using 8897.03 CPU seconds and 114531 MB memory.
2026-10-02 14:41:40.020 INFO   [6F6966\E2E3AC] Auto-router pass #549 on board 'c16465cd01893eb92ba638cb09526bcd' was completed in 0.03 seconds with the score of 986.68 (1 unrouted), using 8897.03 CPU seconds and 114531 MB memory.
2026-10-02 14:41:40.078 INFO   [6F6966\E2E3AC] Auto-router pass #550 on board 'f2fe95be2177ff61976804476443927b' was completed in 0.05 seconds with the score of 986.55 (1 unrouted), using 8897.03 CPU seconds and 114531 MB memory.
2026-10-02 14:41:40.199 INFO   [6F6966\E2E3AC] Auto-router pass #551 on board 'c97c2c9b62c7d126ee3b3eb923bc9e3a' was completed in 0.11 seconds with the score of 977.81 (2 unrouted), using 9029.64 CPU seconds and 115607 MB memory.
2026-10-02 14:41:40.561 INFO   [6F6966\E2E3AC] Restoring an earlier board that has the score of 986.71 (1 unrouted).
2026-10-02 14:41:40.561 INFO   [6F6966\E2E3AC] Auto-router pass #552 on board '8acb9b0c2b71a42534a30e747fa60fda' was completed in 0.35 seconds with the score of 986.92 (1 unrouted), using 9029.64 CPU seconds and 115607 MB memory.
2026-10-02 14:41:40.696 INFO   [6F6966\E2E3AC] Auto-router pass #553 on board 'c16465cd01893eb92ba638cb09526bcd' was completed in 0.13 seconds with the score of 986.68 (1 unrouted), using 9029.64 CPU seconds and 115607 MB memory.
2026-10-02 14:41:40.767 INFO   [6F6966\E2E3AC] Auto-router pass #554 on board 'f0207dbc7ddd48393d845e422d038c2e' was completed in 0.06 seconds with the score of 980.54 (2 unrouted), using 9029.64 CPU seconds and 115607 MB memory.
2026-10-02 14:41:40.977 INFO   [6F6966\E2E3AC] Auto-router pass #555 on board '8261c5edb406c19046cef18872c42719' was completed in 0.20 seconds with the score of 974.46 (2 unrouted), using 9029.64 CPU seconds and 115607 MB memory.
2026-10-02 14:41:41.406 INFO   [6F6966\E2E3AC] Restoring an earlier board that has the score of 986.71 (1 unrouted).
2026-10-02 14:41:41.406 INFO   [6F6966\E2E3AC] Auto-router pass #556 on board '1b4170a31c8cbb28df43a4ab859681bd' was completed in 0.42 seconds with the score of 948.60 (5 unrouted), using 9163.22 CPU seconds and 116682 MB memory.
2026-10-02 14:41:41.536 INFO   [6F6966\E2E3AC] Auto-router pass #557 on board 'c16465cd01893eb92ba638cb09526bcd' was completed in 0.12 seconds with the score of 986.68 (1 unrouted), using 9163.22 CPU seconds and 116682 MB memory.
2026-10-02 14:41:41.604 INFO   [6F6966\E2E3AC] Auto-router pass #558 on board 'f0207dbc7ddd48393d845e422d038c2e' was completed in 0.06 seconds with the score of 980.54 (2 unrouted), using 9163.22 CPU seconds and 116682 MB memory.
2026-10-02 14:41:41.757 INFO   [6F6966\E2E3AC] Auto-router pass #559 on board '8261c5edb406c19046cef18872c42719' was completed in 0.15 seconds with the score of 987.43 (1 unrouted), using 9163.22 CPU seconds and 116682 MB memory.
2026-10-02 14:41:41.863 INFO   [6F6966\E2E3AC] Restoring an earlier board that has the score of 987.43 (1 unrouted).
2026-10-02 14:41:41.863 INFO   [6F6966\E2E3AC] Auto-router pass #560 on board 'f5aeda95b68c808a831c3c82265b1e44' was completed in 0.09 seconds with the score of 985.85 (1 unrouted), using 9163.22 CPU seconds and 116682 MB memory.
2026-10-02 14:41:41.922 INFO   [6F6966\E2E3AC] Auto-router pass #561 on board 'f5aeda95b68c808a831c3c82265b1e44' was completed in 0.05 seconds with the score of 985.85 (1 unrouted), using 9163.22 CPU seconds and 116682 MB memory.
2026-10-02 14:41:42.040 INFO   [6F6966\E2E3AC] Auto-router pass #562 on board 'b6a3af9d4923202b56c6390ca7e8779d' was completed in 0.11 seconds with the score of 975.58 (2 unrouted), using 9163.22 CPU seconds and 116682 MB memory.
2026-10-02 14:41:42.120 INFO   [6F6966\E2E3AC] Auto-router pass #563 on board '685662339e6947855bdf92df157cc3f2' was completed in 0.07 seconds with the score of 984.94 (1 unrouted), using 9297.78 CPU seconds and 117748 MB memory.
2026-10-02 14:41:42.437 INFO   [6F6966\E2E3AC] Restoring an earlier board that has the score of 987.43 (1 unrouted).
2026-10-02 14:41:42.437 INFO   [6F6966\E2E3AC] Auto-router pass #564 on board '5c093c6369ba300ad8db010952613f58' was completed in 0.30 seconds with the score of 975.74 (2 unrouted), using 9297.78 CPU seconds and 117748 MB memory.
2026-10-02 14:41:42.494 INFO   [6F6966\E2E3AC] Auto-router pass #565 on board 'f5aeda95b68c808a831c3c82265b1e44' was completed in 0.05 seconds with the score of 985.85 (1 unrouted), using 9297.78 CPU seconds and 117748 MB memory.
2026-10-02 14:41:42.608 INFO   [6F6966\E2E3AC] Auto-router pass #566 on board 'b6a3af9d4923202b56c6390ca7e8779d' was completed in 0.11 seconds with the score of 975.58 (2 unrouted), using 9297.78 CPU seconds and 117748 MB memory.
2026-10-02 14:41:42.765 INFO   [6F6966\E2E3AC] Auto-router pass #567 on board '685662339e6947855bdf92df157cc3f2' was completed in 0.15 seconds with the score of 976.19 (2 unrouted), using 9297.78 CPU seconds and 117748 MB memory.
2026-10-02 14:41:43.186 INFO   [6F6966\E2E3AC] Restoring an earlier board that has the score of 987.43 (1 unrouted).
2026-10-02 14:41:43.187 INFO   [6F6966\E2E3AC] Auto-router pass #568 on board 'f539e0506d8f90a765196c14fce8b2c3' was completed in 0.41 seconds with the score of 984.98 (1 unrouted), using 9433.31 CPU seconds and 118700 MB memory.
2026-10-02 14:41:43.246 INFO   [6F6966\E2E3AC] Auto-router pass #569 on board 'f5aeda95b68c808a831c3c82265b1e44' was completed in 0.05 seconds with the score of 985.85 (1 unrouted), using 9433.31 CPU seconds and 118700 MB memory.
2026-10-02 14:41:43.360 INFO   [6F6966\E2E3AC] Auto-router pass #570 on board 'b6a3af9d4923202b56c6390ca7e8779d' was completed in 0.11 seconds with the score of 975.58 (2 unrouted), using 9433.31 CPU seconds and 118700 MB memory.
2026-10-02 14:41:43.497 INFO   [6F6966\E2E3AC] Auto-router pass #571 on board '685662339e6947855bdf92df157cc3f2' was completed in 0.13 seconds with the score of 977.58 (2 unrouted), using 9433.31 CPU seconds and 118700 MB memory.
2026-10-02 14:41:43.793 INFO   [6F6966\E2E3AC] Restoring an earlier board that has the score of 987.43 (1 unrouted).
2026-10-02 14:41:43.793 INFO   [6F6966\E2E3AC] Auto-router pass #572 on board '96ddbbb82267802c7e4a675772a80b9f' was completed in 0.29 seconds with the score of 985.39 (1 unrouted), using 9433.31 CPU seconds and 118700 MB memory.
2026-10-02 14:41:43.849 INFO   [6F6966\E2E3AC] Auto-router pass #573 on board 'f5aeda95b68c808a831c3c82265b1e44' was completed in 0.05 seconds with the score of 985.85 (1 unrouted), using 9433.31 CPU seconds and 118700 MB memory.
2026-10-02 14:41:43.956 INFO   [6F6966\E2E3AC] Auto-router pass #574 on board 'b6a3af9d4923202b56c6390ca7e8779d' was completed in 0.10 seconds with the score of 975.58 (2 unrouted), using 9433.31 CPU seconds and 118700 MB memory.
2026-10-02 14:41:44.063 INFO   [6F6966\E2E3AC] Auto-router pass #575 on board '685662339e6947855bdf92df157cc3f2' was completed in 0.10 seconds with the score of 984.94 (1 unrouted), using 9433.31 CPU seconds and 118700 MB memory.
2026-10-02 14:41:44.368 INFO   [6F6966\E2E3AC] Restoring an earlier board that has the score of 986.71 (1 unrouted).
2026-10-02 14:41:44.368 INFO   [6F6966\E2E3AC] Auto-router pass #576 on board 'f98c26610ed1a4410c3b683eed87db46' was completed in 0.29 seconds with the score of 975.74 (2 unrouted), using 9569.83 CPU seconds and 119732 MB memory.
2026-10-02 14:41:44.495 INFO   [6F6966\E2E3AC] Auto-router pass #577 on board 'c16465cd01893eb92ba638cb09526bcd' was completed in 0.12 seconds with the score of 986.68 (1 unrouted), using 9569.83 CPU seconds and 119732 MB memory.
2026-10-02 14:41:44.563 INFO   [6F6966\E2E3AC] Auto-router pass #578 on board 'f0207dbc7ddd48393d845e422d038c2e' was completed in 0.06 seconds with the score of 980.54 (2 unrouted), using 9569.83 CPU seconds and 119732 MB memory.
2026-10-02 14:41:44.702 INFO   [6F6966\E2E3AC] Auto-router pass #579 on board '8261c5edb406c19046cef18872c42719' was completed in 0.13 seconds with the score of 979.70 (2 unrouted), using 9569.83 CPU seconds and 119732 MB memory.
2026-10-02 14:41:45.157 INFO   [6F6966\E2E3AC] Restoring an earlier board that has the score of 986.68 (1 unrouted).
2026-10-02 14:41:45.157 INFO   [6F6966\E2E3AC] Auto-router pass #580 on board 'cf1c21edd124aa054d24985ae8ed6f82' was completed in 0.44 seconds with the score of 960.62 (3 unrouted), using 9707.33 CPU seconds and 120772 MB memory.
2026-10-02 14:41:45.211 INFO   [6F6966\E2E3AC] Auto-router pass #581 on board 'f2fe95be2177ff61976804476443927b' was completed in 0.05 seconds with the score of 986.55 (1 unrouted), using 9707.33 CPU seconds and 120772 MB memory.
2026-10-02 14:41:45.330 INFO   [6F6966\E2E3AC] Auto-router pass #582 on board '4abb8f5655e1e25488c83a9ce21ee2af' was completed in 0.11 seconds with the score of 977.81 (2 unrouted), using 9707.33 CPU seconds and 120772 MB memory.
2026-10-02 14:41:45.465 INFO   [6F6966\E2E3AC] Auto-router pass #583 on board '77b090f56125e6fd51f4a216e2030f01' was completed in 0.12 seconds with the score of 961.07 (3 unrouted), using 9707.33 CPU seconds and 120772 MB memory.
2026-10-02 14:41:45.795 INFO   [6F6966\E2E3AC] Restoring an earlier board that has the score of 986.68 (1 unrouted).
2026-10-02 14:41:45.795 INFO   [6F6966\E2E3AC] Auto-router pass #584 on board '49f20a2df780ebb9a87c0d36cac625c9' was completed in 0.32 seconds with the score of 942.91 (4 unrouted), using 9707.33 CPU seconds and 120772 MB memory.
2026-10-02 14:41:45.910 INFO   [6F6966\E2E3AC] Auto-router pass #585 on board 'f2fe95be2177ff61976804476443927b' was completed in 0.11 seconds with the score of 987.08 (1 unrouted), using 9707.33 CPU seconds and 120772 MB memory.
2026-10-02 14:41:46.051 INFO   [6F6966\E2E3AC] Auto-router pass #586 on board '9e678aab159e2b15b12cc6e2bc4f2b94' was completed in 0.13 seconds with the score of 987.06 (1 unrouted), using 9707.33 CPU seconds and 120772 MB memory.
2026-10-02 14:41:46.117 INFO   [6F6966\E2E3AC] Auto-router pass #587 on board 'a2c8edf273669f0066e60d14ac2e906d' was completed in 0.06 seconds with the score of 985.59 (1 unrouted), using 9845.81 CPU seconds and 121886 MB memory.
2026-10-02 14:41:46.184 INFO   [6F6966\E2E3AC] Restoring an earlier board that has the score of 987.08 (1 unrouted).
2026-10-02 14:41:46.185 INFO   [6F6966\E2E3AC] Auto-router pass #588 on board 'efe0a778fea4cc760bad309c7e4b6290' was completed in 0.06 seconds with the score of 985.13 (1 unrouted), using 9845.81 CPU seconds and 121886 MB memory.
2026-10-02 14:41:46.322 INFO   [6F6966\E2E3AC] Auto-router pass #589 on board '9e678aab159e2b15b12cc6e2bc4f2b94' was completed in 0.13 seconds with the score of 987.06 (1 unrouted), using 9845.81 CPU seconds and 121886 MB memory.
2026-10-02 14:41:46.398 INFO   [6F6966\E2E3AC] Auto-router pass #590 on board '99448e9bb2da27b08ca590050da84c62' was completed in 0.07 seconds with the score of 981.06 (2 unrouted), using 9845.81 CPU seconds and 121886 MB memory.
2026-10-02 14:41:46.471 INFO   [6F6966\E2E3AC] Auto-router pass #591 on board '445ad5594d41338e95c6e73a0416a8fd' was completed in 0.06 seconds with the score of 980.61 (2 unrouted), using 9845.81 CPU seconds and 121886 MB memory.
2026-10-02 14:41:46.771 INFO   [6F6966\E2E3AC] Restoring an earlier board that has the score of 987.08 (1 unrouted).
2026-10-02 14:41:46.771 INFO   [6F6966\E2E3AC] Auto-router pass #592 on board '63f77b95ad9e8a50dfe38e47db90e368' was completed in 0.29 seconds with the score of 984.04 (1 unrouted), using 9845.81 CPU seconds and 121886 MB memory.
2026-10-02 14:41:46.804 INFO   [6F6966\E2E3AC] Auto-router pass #593 on board '9e678aab159e2b15b12cc6e2bc4f2b94' was completed in 0.03 seconds with the score of 987.06 (1 unrouted), using 9845.81 CPU seconds and 121886 MB memory.
2026-10-02 14:41:46.928 INFO   [6F6966\E2E3AC] Auto-router pass #594 on board '018f73ad066b9a93aa38af8b5ed626cc' was completed in 0.11 seconds with the score of 987.26 (1 unrouted), using 9845.81 CPU seconds and 121886 MB memory.
2026-10-02 14:41:47.074 INFO   [6F6966\E2E3AC] Auto-router pass #595 on board 'cfcf3b75191f65f854c5355cb4d424bc' was completed in 0.13 seconds with the score of 987.24 (1 unrouted), using 9845.81 CPU seconds and 121886 MB memory.
2026-10-02 14:41:47.173 INFO   [6F6966\E2E3AC] Auto-router pass #596 on board '5a00bf129af72f56e006cf708e5e2fcd' was completed in 0.09 seconds with the score of 987.70 (1 unrouted), using 9985.27 CPU seconds and 122998 MB memory.
2026-10-02 14:41:47.213 INFO   [6F6966\E2E3AC] Auto-router pass #597 on board 'faa2e60785445fa55323b71847ac337f' was completed in 0.03 seconds with the score of 987.66 (1 unrouted), using 9985.27 CPU seconds and 122998 MB memory.
2026-10-02 14:41:47.282 INFO   [6F6966\E2E3AC] Auto-router pass #598 on board 'e29a48808d1023ad2e7e29ee8efccad4' was completed in 0.06 seconds with the score of 987.58 (1 unrouted), using 9985.27 CPU seconds and 122998 MB memory.
2026-10-02 14:41:47.419 INFO   [6F6966\E2E3AC] Auto-router pass #599 on board 'fe2eded98d485523f2bd38da98166b47' was completed in 0.12 seconds with the score of 979.46 (2 unrouted), using 9985.27 CPU seconds and 122998 MB memory.
2026-10-02 14:41:47.652 INFO   [6F6966\E2E3AC] Restoring an earlier board that has the score of 987.70 (1 unrouted).
2026-10-02 14:41:47.652 INFO   [6F6966\E2E3AC] Auto-router pass #600 on board 'ac2dc80d80a3926a0b4b2365f4597612' was completed in 0.22 seconds with the score of 980.02 (2 unrouted), using 9985.27 CPU seconds and 122998 MB memory.
2026-10-02 14:41:47.790 INFO   [6F6966\E2E3AC] Auto-router pass #601 on board 'faa2e60785445fa55323b71847ac337f' was completed in 0.13 seconds with the score of 987.66 (1 unrouted), using 9985.27 CPU seconds and 122998 MB memory.
2026-10-02 14:41:47.863 INFO   [6F6966\E2E3AC] Auto-router pass #602 on board 'f35768d079362763d193823892aa55e2' was completed in 0.06 seconds with the score of 981.79 (2 unrouted), using 9985.27 CPU seconds and 122998 MB memory.
2026-10-02 14:41:47.968 INFO   [6F6966\E2E3AC] Auto-router pass #603 on board '45c4a9cb723db4d1c60454abeb138f36' was completed in 0.09 seconds with the score of 976.23 (2 unrouted), using 9985.27 CPU seconds and 122998 MB memory.
2026-10-02 14:41:48.063 INFO   [6F6966\E2E3AC] Restoring an earlier board that has the score of 987.70 (1 unrouted).
2026-10-02 14:41:48.063 INFO   [6F6966\E2E3AC] Auto-router pass #604 on board 'fab65e42229a3f969c68d2da709811e5' was completed in 0.08 seconds with the score of 976.33 (2 unrouted), using 9985.27 CPU seconds and 122998 MB memory.
2026-10-02 14:41:48.100 INFO   [6F6966\E2E3AC] Auto-router pass #605 on board 'faa2e60785445fa55323b71847ac337f' was completed in 0.03 seconds with the score of 987.66 (1 unrouted), using 10125.70 CPU seconds and 124057 MB memory.
2026-10-02 14:41:48.222 INFO   [6F6966\E2E3AC] Auto-router pass #606 on board 'e29a48808d1023ad2e7e29ee8efccad4' was completed in 0.12 seconds with the score of 975.11 (2 unrouted), using 10125.70 CPU seconds and 124057 MB memory.
2026-10-02 14:41:48.301 INFO   [6F6966\E2E3AC] Auto-router pass #607 on board '77dfdcf92aa545a8fb5b46d20e7f9b49' was completed in 0.07 seconds with the score of 982.19 (1 unrouted), using 10125.70 CPU seconds and 124057 MB memory.
2026-10-02 14:41:48.542 INFO   [6F6966\E2E3AC] Restoring an earlier board that has the score of 987.70 (1 unrouted).
2026-10-02 14:41:48.542 INFO   [6F6966\E2E3AC] Auto-router pass #608 on board 'c0833ef4f8839ac3f27cbcef548d0503' was completed in 0.23 seconds with the score of 971.34 (2 unrouted), using 10125.70 CPU seconds and 124057 MB memory.
2026-10-02 14:41:48.576 INFO   [6F6966\E2E3AC] Auto-router pass #609 on board 'faa2e60785445fa55323b71847ac337f' was completed in 0.03 seconds with the score of 987.66 (1 unrouted), using 10125.70 CPU seconds and 124057 MB memory.
2026-10-02 14:41:48.634 INFO   [6F6966\E2E3AC] Auto-router pass #610 on board 'e29a48808d1023ad2e7e29ee8efccad4' was completed in 0.05 seconds with the score of 987.58 (1 unrouted), using 10125.70 CPU seconds and 124057 MB memory.
2026-10-02 14:41:48.746 INFO   [6F6966\E2E3AC] Auto-router pass #611 on board 'fe2eded98d485523f2bd38da98166b47' was completed in 0.10 seconds with the score of 979.46 (2 unrouted), using 10125.70 CPU seconds and 124057 MB memory.
2026-10-02 14:41:49.059 INFO   [6F6966\E2E3AC] Restoring an earlier board that has the score of 987.70 (1 unrouted).
2026-10-02 14:41:49.060 INFO   [6F6966\E2E3AC] Auto-router pass #612 on board 'd748834d8d86f1f5010d90378a234791' was completed in 0.30 seconds with the score of 963.36 (3 unrouted), using 10125.70 CPU seconds and 124057 MB memory.
2026-10-02 14:41:49.193 INFO   [6F6966\E2E3AC] Auto-router pass #613 on board 'faa2e60785445fa55323b71847ac337f' was completed in 0.13 seconds with the score of 987.66 (1 unrouted), using 10267.10 CPU seconds and 125073 MB memory.
2026-10-02 14:41:49.311 INFO   [6F6966\E2E3AC] Auto-router pass #614 on board 'f35768d079362763d193823892aa55e2' was completed in 0.11 seconds with the score of 975.11 (2 unrouted), using 10267.10 CPU seconds and 125073 MB memory.
2026-10-02 14:41:49.367 INFO   [6F6966\E2E3AC] Auto-router pass #615 on board '2c22f106f88e39a312549eeeff4df19d' was completed in 0.04 seconds with the score of 982.18 (1 unrouted), using 10267.10 CPU seconds and 125073 MB memory.
2026-10-02 14:41:49.612 INFO   [6F6966\E2E3AC] Restoring an earlier board that has the score of 987.66 (1 unrouted).
2026-10-02 14:41:49.613 INFO   [6F6966\E2E3AC] Auto-router pass #616 on board 'ece8eada988a852b14d5cf53d1f0cba9' was completed in 0.23 seconds with the score of 971.90 (2 unrouted), using 10267.10 CPU seconds and 125073 MB memory.
2026-10-02 14:41:49.673 INFO   [6F6966\E2E3AC] Auto-router pass #617 on board 'e29a48808d1023ad2e7e29ee8efccad4' was completed in 0.06 seconds with the score of 987.58 (1 unrouted), using 10267.10 CPU seconds and 125073 MB memory.
2026-10-02 14:41:49.809 INFO   [6F6966\E2E3AC] Auto-router pass #618 on board 'bba7a45f881ac1569d360dcf89736502' was completed in 0.12 seconds with the score of 979.46 (2 unrouted), using 10267.10 CPU seconds and 125073 MB memory.
2026-10-02 14:41:49.910 INFO   [6F6966\E2E3AC] Auto-router pass #619 on board '637b001f18c78d23e1be7363cefd31f8' was completed in 0.09 seconds with the score of 987.40 (1 unrouted), using 10267.10 CPU seconds and 125073 MB memory.
2026-10-02 14:41:50.267 INFO   [6F6966\E2E3AC] Restoring an earlier board that has the score of 987.66 (1 unrouted).
2026-10-02 14:41:50.267 INFO   [6F6966\E2E3AC] Auto-router pass #620 on board '2e5f70bb5740ada10f1ef909600fd61b' was completed in 0.34 seconds with the score of 986.01 (1 unrouted), using 10409.48 CPU seconds and 126128 MB memory.
2026-10-02 14:41:50.332 INFO   [6F6966\E2E3AC] Auto-router pass #621 on board 'e29a48808d1023ad2e7e29ee8efccad4' was completed in 0.06 seconds with the score of 987.58 (1 unrouted), using 10409.48 CPU seconds and 126128 MB memory.
2026-10-02 14:41:50.450 INFO   [6F6966\E2E3AC] Auto-router pass #622 on board 'bba7a45f881ac1569d360dcf89736502' was completed in 0.11 seconds with the score of 979.46 (2 unrouted), using 10409.48 CPU seconds and 126128 MB memory.
2026-10-02 14:41:50.524 INFO   [6F6966\E2E3AC] Auto-router pass #623 on board 'd748834d8d86f1f5010d90378a234791' was completed in 0.07 seconds with the score of 987.42 (1 unrouted), using 10409.48 CPU seconds and 126128 MB memory.
2026-10-02 14:41:50.848 INFO   [6F6966\E2E3AC] Restoring an earlier board that has the score of 987.66 (1 unrouted).
2026-10-02 14:41:50.848 INFO   [6F6966\E2E3AC] Auto-router pass #624 on board '76d0d67da2cf64aed9aa5892cfda644c' was completed in 0.31 seconds with the score of 987.35 (1 unrouted), using 10409.48 CPU seconds and 126128 MB memory.
2026-10-02 14:41:51.014 INFO   [6F6966\E2E3AC] Auto-router pass #625 on board 'e29a48808d1023ad2e7e29ee8efccad4' was completed in 0.16 seconds with the score of 975.11 (2 unrouted), using 10409.48 CPU seconds and 126128 MB memory.
2026-10-02 14:41:51.089 INFO   [6F6966\E2E3AC] Auto-router pass #626 on board '69b3fbfe6765e5db0674158df7cc23c8' was completed in 0.06 seconds with the score of 981.43 (1 unrouted), using 10409.48 CPU seconds and 126128 MB memory.
2026-10-02 14:41:51.154 INFO   [6F6966\E2E3AC] Auto-router pass #627 on board '80deac7998bc8e7521ff04ab2642a1e0' was completed in 0.05 seconds with the score of 981.34 (1 unrouted), using 10552.84 CPU seconds and 127130 MB memory.
2026-10-02 14:41:51.381 INFO   [6F6966\E2E3AC] Restoring an earlier board that has the score of 987.66 (1 unrouted).
2026-10-02 14:41:51.382 INFO   [6F6966\E2E3AC] Auto-router pass #628 on board 'ecc60aa855a29a9c0e54b26ca26dc4fc' was completed in 0.22 seconds with the score of 959.10 (3 unrouted), using 10552.84 CPU seconds and 127130 MB memory.
2026-10-02 14:41:51.443 INFO   [6F6966\E2E3AC] Auto-router pass #629 on board 'e29a48808d1023ad2e7e29ee8efccad4' was completed in 0.06 seconds with the score of 987.58 (1 unrouted), using 10552.84 CPU seconds and 127130 MB memory.
2026-10-02 14:41:51.556 INFO   [6F6966\E2E3AC] Auto-router pass #630 on board 'bba7a45f881ac1569d360dcf89736502' was completed in 0.11 seconds with the score of 979.46 (2 unrouted), using 10552.84 CPU seconds and 127130 MB memory.
2026-10-02 14:41:51.687 INFO   [6F6966\E2E3AC] Auto-router pass #631 on board 'd748834d8d86f1f5010d90378a234791' was completed in 0.12 seconds with the score of 963.36 (3 unrouted), using 10552.84 CPU seconds and 127130 MB memory.
2026-10-02 14:41:52.174 INFO   [6F6966\E2E3AC] Restoring an earlier board that has the score of 987.66 (1 unrouted).
2026-10-02 14:41:52.175 INFO   [6F6966\E2E3AC] Auto-router pass #632 on board 'd470f43c20eeeaa9bd8b80b470c36974' was completed in 0.48 seconds with the score of 938.46 (4 unrouted), using 10697.18 CPU seconds and 128140 MB memory.
2026-10-02 14:41:52.242 INFO   [6F6966\E2E3AC] Auto-router pass #633 on board 'f35768d079362763d193823892aa55e2' was completed in 0.06 seconds with the score of 981.79 (2 unrouted), using 10697.18 CPU seconds and 128140 MB memory.
2026-10-02 14:41:52.449 INFO   [6F6966\E2E3AC] Auto-router pass #634 on board '480f21a8cd245d86809a08e9c523079a' was completed in 0.19 seconds with the score of 982.48 (2 unrouted), using 10697.18 CPU seconds and 128140 MB memory.
2026-10-02 14:41:52.548 INFO   [6F6966\E2E3AC] Auto-router pass #635 on board '43f0e6a470f0519d4605e5b3cc8e11c4' was completed in 0.08 seconds with the score of 986.02 (1 unrouted), using 10697.18 CPU seconds and 128140 MB memory.
2026-10-02 14:41:52.737 INFO   [6F6966\E2E3AC] Restoring an earlier board that has the score of 987.66 (1 unrouted).
2026-10-02 14:41:52.737 INFO   [6F6966\E2E3AC] Auto-router pass #636 on board '80ffb3ed96e07bc3b5870fc180420a4d' was completed in 0.18 seconds with the score of 985.62 (1 unrouted), using 10697.18 CPU seconds and 128140 MB memory.
2026-10-02 14:41:52.861 INFO   [6F6966\E2E3AC] Auto-router pass #637 on board 'f35768d079362763d193823892aa55e2' was completed in 0.12 seconds with the score of 975.11 (2 unrouted), using 10697.18 CPU seconds and 128140 MB memory.
2026-10-02 14:41:52.915 INFO   [6F6966\E2E3AC] Auto-router pass #638 on board 'f4bec071ae1e9422e6ccde89bc99f135' was completed in 0.04 seconds with the score of 982.18 (1 unrouted), using 10697.18 CPU seconds and 128140 MB memory.
2026-10-02 14:41:52.954 INFO   [6F6966\E2E3AC] Auto-router pass #639 on board '2a4e10133a705f1b71420aef3f0a9d14' was completed in 0.03 seconds with the score of 981.99 (1 unrouted), using 10697.18 CPU seconds and 128140 MB memory.
2026-10-02 14:41:53.213 INFO   [6F6966\E2E3AC] Restoring an earlier board that has the score of 987.66 (1 unrouted).
2026-10-02 14:41:53.213 INFO   [6F6966\E2E3AC] Auto-router pass #640 on board '47d89bee5933a04403f063c2cea6197e' was completed in 0.25 seconds with the score of 972.24 (2 unrouted), using 10842.50 CPU seconds and 129185 MB memory.
2026-10-02 14:41:53.283 INFO   [6F6966\E2E3AC] Auto-router pass #641 on board 'f35768d079362763d193823892aa55e2' was completed in 0.06 seconds with the score of 981.79 (2 unrouted), using 10842.50 CPU seconds and 129185 MB memory.
2026-10-02 14:41:53.433 INFO   [6F6966\E2E3AC] Auto-router pass #642 on board '480f21a8cd245d86809a08e9c523079a' was completed in 0.14 seconds with the score of 988.38 (1 unrouted), using 10842.50 CPU seconds and 129185 MB memory.
2026-10-02 14:41:53.484 INFO   [6F6966\E2E3AC] Auto-router pass #643 on board '21d06ce3bd9b14b95948a20cb18a46c1' was completed in 0.04 seconds with the score of 981.12 (2 unrouted), using 10842.50 CPU seconds and 129185 MB memory.
2026-10-02 14:41:53.980 INFO   [6F6966\E2E3AC] Restoring an earlier board that has the score of 988.38 (1 unrouted).
2026-10-02 14:41:53.981 INFO   [6F6966\E2E3AC] Auto-router pass #644 on board 'eea80ff6e251e66d20b5ca29644a5bc6' was completed in 0.48 seconds with the score of 977.56 (2 unrouted), using 10842.50 CPU seconds and 129185 MB memory.
2026-10-02 14:41:54.024 INFO   [6F6966\E2E3AC] Auto-router pass #645 on board '21d06ce3bd9b14b95948a20cb18a46c1' was completed in 0.04 seconds with the score of 981.12 (2 unrouted), using 10842.50 CPU seconds and 129185 MB memory.
2026-10-02 14:41:54.177 INFO   [6F6966\E2E3AC] Auto-router pass #646 on board '44358a816296ec45cd78f63940348bd4' was completed in 0.14 seconds with the score of 970.66 (3 unrouted), using 10988.79 CPU seconds and 130223 MB memory.
2026-10-02 14:41:54.292 INFO   [6F6966\E2E3AC] Auto-router pass #647 on board 'eeba37d74d206b1a92bdf9fb4870cbdd' was completed in 0.10 seconds with the score of 981.29 (1 unrouted), using 10988.79 CPU seconds and 130223 MB memory.
2026-10-02 14:41:54.367 INFO   [6F6966\E2E3AC] Restoring an earlier board that has the score of 988.38 (1 unrouted).
2026-10-02 14:41:54.367 INFO   [6F6966\E2E3AC] Auto-router pass #648 on board '599553812f4216c4134a84fba84ee022' was completed in 0.06 seconds with the score of 981.25 (1 unrouted), using 10988.79 CPU seconds and 130223 MB memory.
2026-10-02 14:41:54.414 INFO   [6F6966\E2E3AC] Auto-router pass #649 on board '21d06ce3bd9b14b95948a20cb18a46c1' was completed in 0.04 seconds with the score of 981.12 (2 unrouted), using 10988.79 CPU seconds and 130223 MB memory.
2026-10-02 14:41:54.648 INFO   [6F6966\E2E3AC] Auto-router pass #650 on board '44358a816296ec45cd78f63940348bd4' was completed in 0.23 seconds with the score of 972.29 (3 unrouted), using 10988.79 CPU seconds and 130223 MB memory.
2026-10-02 14:41:54.962 INFO   [6F6966\E2E3AC] Auto-router pass #651 on board '630995dac1afd7773046a8cacc990cad' was completed in 0.30 seconds with the score of 930.42 (5 unrouted), using 10988.79 CPU seconds and 130223 MB memory.
2026-10-02 14:41:55.481 INFO   [6F6966\E2E3AC] Restoring an earlier board that has the score of 988.38 (1 unrouted).
2026-10-02 14:41:55.482 INFO   [6F6966\E2E3AC] Auto-router pass #652 on board '73e9c7ba78077cf39ea74965ca1d1b2d' was completed in 0.51 seconds with the score of 913.23 (5 unrouted), using 11136.07 CPU seconds and 131332 MB memory.
2026-10-02 14:41:55.610 INFO   [6F6966\E2E3AC] Auto-router pass #653 on board '21d06ce3bd9b14b95948a20cb18a46c1' was completed in 0.12 seconds with the score of 988.07 (1 unrouted), using 11136.07 CPU seconds and 131332 MB memory.
2026-10-02 14:41:55.654 INFO   [6F6966\E2E3AC] Auto-router pass #654 on board '9f51667725ef93333a4c6ca55ba4cb87' was completed in 0.03 seconds with the score of 988.04 (1 unrouted), using 11136.07 CPU seconds and 131332 MB memory.
2026-10-02 14:41:55.723 INFO   [6F6966\E2E3AC] Auto-router pass #655 on board '0d00a32670e05e86da381293c8db9596' was completed in 0.06 seconds with the score of 988.23 (1 unrouted), using 11136.07 CPU seconds and 131332 MB memory.
2026-10-02 14:41:56.105 INFO   [6F6966\E2E3AC] Restoring an earlier board that has the score of 988.38 (1 unrouted).
2026-10-02 14:41:56.105 INFO   [6F6966\E2E3AC] Auto-router pass #656 on board '6cbac6fba40e844465eac4af4117f181' was completed in 0.37 seconds with the score of 965.28 (3 unrouted), using 11284.32 CPU seconds and 132267 MB memory.
2026-10-02 14:41:56.165 INFO   [6F6966\E2E3AC] Auto-router pass #657 on board '21d06ce3bd9b14b95948a20cb18a46c1' was completed in 0.05 seconds with the score of 981.12 (2 unrouted), using 11284.32 CPU seconds and 132267 MB memory.
2026-10-02 14:41:56.469 INFO   [6F6966\E2E3AC] Auto-router pass #658 on board '44358a816296ec45cd78f63940348bd4' was completed in 0.29 seconds with the score of 972.29 (3 unrouted), using 11284.32 CPU seconds and 132267 MB memory.
2026-10-02 14:41:56.984 INFO   [6F6966\E2E3AC] Auto-router pass #659 on board '630995dac1afd7773046a8cacc990cad' was completed in 0.51 seconds with the score of 943.78 (6 unrouted), using 11284.32 CPU seconds and 132267 MB memory.
2026-10-02 14:41:57.431 INFO   [6F6966\E2E3AC] Restoring an earlier board that has the score of 988.23 (1 unrouted).
2026-10-02 14:41:57.432 INFO   [6F6966\E2E3AC] Auto-router pass #660 on board 'd7c1c9cc46cd9510c2e1ad068cfed29c' was completed in 0.43 seconds with the score of 938.64 (4 unrouted), using 11433.56 CPU seconds and 133130 MB memory.
2026-10-02 14:41:57.553 INFO   [6F6966\E2E3AC] Auto-router pass #661 on board '6cbac6fba40e844465eac4af4117f181' was completed in 0.12 seconds with the score of 977.40 (2 unrouted), using 11433.56 CPU seconds and 133130 MB memory.
2026-10-02 14:41:57.694 INFO   [6F6966\E2E3AC] Auto-router pass #662 on board '5ca4e49fdb1b2c8f8e62b465bfd290c1' was completed in 0.13 seconds with the score of 984.99 (1 unrouted), using 11433.56 CPU seconds and 133130 MB memory.
2026-10-02 14:41:57.737 INFO   [6F6966\E2E3AC] Auto-router pass #663 on board '835e38ffeea60e2070d8e15d340d6eb9' was completed in 0.03 seconds with the score of 984.93 (1 unrouted), using 11433.56 CPU seconds and 133130 MB memory.
2026-10-02 14:41:57.814 INFO   [6F6966\E2E3AC] Restoring an earlier board that has the score of 988.23 (1 unrouted).
2026-10-02 14:41:57.814 INFO   [6F6966\E2E3AC] Auto-router pass #664 on board '16ce4fd46b53b26103637d5ea4e19905' was completed in 0.07 seconds with the score of 985.41 (1 unrouted), using 11433.56 CPU seconds and 133130 MB memory.
2026-10-02 14:41:57.935 INFO   [6F6966\E2E3AC] Auto-router pass #665 on board '6cbac6fba40e844465eac4af4117f181' was completed in 0.12 seconds with the score of 977.40 (2 unrouted), using 11433.56 CPU seconds and 133130 MB memory.
2026-10-02 14:41:58.055 INFO   [6F6966\E2E3AC] Auto-router pass #666 on board '5ca4e49fdb1b2c8f8e62b465bfd290c1' was completed in 0.12 seconds with the score of 981.25 (1 unrouted), using 11433.56 CPU seconds and 133130 MB memory.
2026-10-02 14:41:58.094 INFO   [6F6966\E2E3AC] Auto-router pass #667 on board '871bb5429abd49a2961141db728c1fae' was completed in 0.03 seconds with the score of 981.47 (1 unrouted), using 11433.56 CPU seconds and 133130 MB memory.
2026-10-02 14:41:58.359 INFO   [6F6966\E2E3AC] Restoring an earlier board that has the score of 988.23 (1 unrouted).
2026-10-02 14:41:58.359 INFO   [6F6966\E2E3AC] Auto-router pass #668 on board 'ff358bfd1caf9f019a98ae90937ecfb9' was completed in 0.26 seconds with the score of 973.14 (2 unrouted), using 11583.77 CPU seconds and 134183 MB memory.
2026-10-02 14:41:58.483 INFO   [6F6966\E2E3AC] Auto-router pass #669 on board '6cbac6fba40e844465eac4af4117f181' was completed in 0.12 seconds with the score of 977.40 (2 unrouted), using 11583.77 CPU seconds and 134183 MB memory.
2026-10-02 14:41:58.642 INFO   [6F6966\E2E3AC] Auto-router pass #670 on board '5ca4e49fdb1b2c8f8e62b465bfd290c1' was completed in 0.15 seconds with the score of 985.12 (1 unrouted), using 11583.77 CPU seconds and 134183 MB memory.
2026-10-02 14:41:58.764 INFO   [6F6966\E2E3AC] Auto-router pass #671 on board 'a8544c4d162615c757e656d0bd327cc3' was completed in 0.11 seconds with the score of 984.57 (1 unrouted), using 11583.77 CPU seconds and 134183 MB memory.
2026-10-02 14:41:58.834 INFO   [6F6966\E2E3AC] Restoring an earlier board that has the score of 988.23 (1 unrouted).
2026-10-02 14:41:58.835 INFO   [6F6966\E2E3AC] Auto-router pass #672 on board 'd7316219c67a3987a8b4c77060682be4' was completed in 0.06 seconds with the score of 985.40 (1 unrouted), using 11583.77 CPU seconds and 134183 MB memory.
2026-10-02 14:41:58.964 INFO   [6F6966\E2E3AC] Auto-router pass #673 on board '6cbac6fba40e844465eac4af4117f181' was completed in 0.12 seconds with the score of 977.40 (2 unrouted), using 11583.77 CPU seconds and 134183 MB memory.
2026-10-02 14:41:59.122 INFO   [6F6966\E2E3AC] Auto-router pass #674 on board '5ca4e49fdb1b2c8f8e62b465bfd290c1' was completed in 0.15 seconds with the score of 985.12 (1 unrouted), using 11734.97 CPU seconds and 135271 MB memory.
2026-10-02 14:41:59.161 INFO   [6F6966\E2E3AC] Auto-router pass #675 on board 'a8544c4d162615c757e656d0bd327cc3' was completed in 0.04 seconds with the score of 984.15 (1 unrouted), using 11734.97 CPU seconds and 135271 MB memory.
2026-10-02 14:41:59.439 INFO   [6F6966\E2E3AC] Restoring an earlier board that has the score of 988.07 (1 unrouted).
2026-10-02 14:41:59.439 INFO   [6F6966\E2E3AC] Auto-router pass #676 on board '0d0686f6d5e1dfee003cce5dee2fa572' was completed in 0.27 seconds with the score of 975.03 (2 unrouted), using 11734.97 CPU seconds and 135271 MB memory.
2026-10-02 14:41:59.576 INFO   [6F6966\E2E3AC] Auto-router pass #677 on board '9f51667725ef93333a4c6ca55ba4cb87' was completed in 0.13 seconds with the score of 988.04 (1 unrouted), using 11734.97 CPU seconds and 135271 MB memory.
2026-10-02 14:41:59.643 INFO   [6F6966\E2E3AC] Auto-router pass #678 on board '9a65822e5523cbe89ec86a4a083c70d2' was completed in 0.05 seconds with the score of 988.23 (1 unrouted), using 11734.97 CPU seconds and 135271 MB memory.
2026-10-02 14:41:59.780 INFO   [6F6966\E2E3AC] Auto-router pass #679 on board 'c20a10d17c1596b0c8e94ac7ceca6ba6' was completed in 0.12 seconds with the score of 977.40 (2 unrouted), using 11734.97 CPU seconds and 135271 MB memory.
2026-10-02 14:42:00.083 INFO   [6F6966\E2E3AC] Restoring an earlier board that has the score of 988.23 (1 unrouted).
2026-10-02 14:42:00.083 INFO   [6F6966\E2E3AC] Auto-router pass #680 on board '74337459cd6e40f656d19fbb3651015d' was completed in 0.29 seconds with the score of 982.00 (1 unrouted), using 11734.97 CPU seconds and 135271 MB memory.
2026-10-02 14:42:00.200 INFO   [6F6966\E2E3AC] Auto-router pass #681 on board 'c20a10d17c1596b0c8e94ac7ceca6ba6' was completed in 0.11 seconds with the score of 977.40 (2 unrouted), using 11887.14 CPU seconds and 136320 MB memory.
2026-10-02 14:42:00.327 INFO   [6F6966\E2E3AC] Auto-router pass #682 on board '683194e9952edb26610e9b5a0e9ad325' was completed in 0.12 seconds with the score of 981.25 (1 unrouted), using 11887.14 CPU seconds and 136320 MB memory.
2026-10-02 14:42:00.389 INFO   [6F6966\E2E3AC] Auto-router pass #683 on board '5840f645285dbbd7f95d506dbc003a0e' was completed in 0.05 seconds with the score of 969.84 (2 unrouted), using 11887.14 CPU seconds and 136320 MB memory.
2026-10-02 14:42:00.800 INFO   [6F6966\E2E3AC] Restoring an earlier board that has the score of 988.23 (1 unrouted).
2026-10-02 14:42:00.801 INFO   [6F6966\E2E3AC] Auto-router pass #684 on board '7cd3ff108b416890735fa100f687c5b2' was completed in 0.40 seconds with the score of 960.88 (3 unrouted), using 11887.14 CPU seconds and 136320 MB memory.
2026-10-02 14:42:00.918 INFO   [6F6966\E2E3AC] Auto-router pass #685 on board 'c20a10d17c1596b0c8e94ac7ceca6ba6' was completed in 0.11 seconds with the score of 977.40 (2 unrouted), using 11887.14 CPU seconds and 136320 MB memory.
2026-10-02 14:42:01.038 INFO   [6F6966\E2E3AC] Auto-router pass #686 on board '683194e9952edb26610e9b5a0e9ad325' was completed in 0.12 seconds with the score of 981.25 (1 unrouted), using 11887.14 CPU seconds and 136320 MB memory.
2026-10-02 14:42:01.075 INFO   [6F6966\E2E3AC] Auto-router pass #687 on board '5840f645285dbbd7f95d506dbc003a0e' was completed in 0.03 seconds with the score of 981.47 (1 unrouted), using 11887.14 CPU seconds and 136320 MB memory.
2026-10-02 14:42:01.336 INFO   [6F6966\E2E3AC] Restoring an earlier board that has the score of 988.23 (1 unrouted).
2026-10-02 14:42:01.336 INFO   [6F6966\E2E3AC] Auto-router pass #688 on board '0db86e103f91edabb929f25d1aea99e7' was completed in 0.25 seconds with the score of 973.14 (2 unrouted), using 12040.29 CPU seconds and 137389 MB memory.
2026-10-02 14:42:01.460 INFO   [6F6966\E2E3AC] Auto-router pass #689 on board 'c20a10d17c1596b0c8e94ac7ceca6ba6' was completed in 0.12 seconds with the score of 977.40 (2 unrouted), using 12040.29 CPU seconds and 137389 MB memory.
2026-10-02 14:42:01.602 INFO   [6F6966\E2E3AC] Auto-router pass #690 on board 'c3f2e49c1f109301818006ba583ba1d9' was completed in 0.13 seconds with the score of 984.99 (1 unrouted), using 12040.29 CPU seconds and 137389 MB memory.
2026-10-02 14:42:01.720 INFO   [6F6966\E2E3AC] Auto-router pass #691 on board '4bdf57285ceb2267a28dc0650fd04e55' was completed in 0.11 seconds with the score of 976.31 (2 unrouted), using 12040.29 CPU seconds and 137389 MB memory.
2026-10-02 14:42:02.027 INFO   [6F6966\E2E3AC] Restoring an earlier board that has the score of 988.23 (1 unrouted).
2026-10-02 14:42:02.027 INFO   [6F6966\E2E3AC] Auto-router pass #692 on board 'db1c7fcc5232a1a3287fcf564a36fb6e' was completed in 0.30 seconds with the score of 985.83 (1 unrouted), using 12040.29 CPU seconds and 137389 MB memory.
2026-10-02 14:42:02.153 INFO   [6F6966\E2E3AC] Auto-router pass #693 on board 'c20a10d17c1596b0c8e94ac7ceca6ba6' was completed in 0.12 seconds with the score of 977.40 (2 unrouted), using 12194.42 CPU seconds and 138432 MB memory.
2026-10-02 14:42:02.276 INFO   [6F6966\E2E3AC] Auto-router pass #694 on board '683194e9952edb26610e9b5a0e9ad325' was completed in 0.12 seconds with the score of 981.25 (1 unrouted), using 12194.42 CPU seconds and 138432 MB memory.
2026-10-02 14:42:02.311 INFO   [6F6966\E2E3AC] Auto-router pass #695 on board '5840f645285dbbd7f95d506dbc003a0e' was completed in 0.03 seconds with the score of 981.47 (1 unrouted), using 12194.42 CPU seconds and 138432 MB memory.
2026-10-02 14:42:02.567 INFO   [6F6966\E2E3AC] Restoring an earlier board that has the score of 988.07 (1 unrouted).
2026-10-02 14:42:02.567 INFO   [6F6966\E2E3AC] Auto-router pass #696 on board '0db86e103f91edabb929f25d1aea99e7' was completed in 0.25 seconds with the score of 973.14 (2 unrouted), using 12194.42 CPU seconds and 138432 MB memory.
2026-10-02 14:42:02.603 INFO   [6F6966\E2E3AC] Auto-router pass #697 on board '9f51667725ef93333a4c6ca55ba4cb87' was completed in 0.03 seconds with the score of 988.04 (1 unrouted), using 12194.42 CPU seconds and 138432 MB memory.
2026-10-02 14:42:02.722 INFO   [6F6966\E2E3AC] Auto-router pass #698 on board '0d00a32670e05e86da381293c8db9596' was completed in 0.11 seconds with the score of 974.22 (2 unrouted), using 12194.42 CPU seconds and 138432 MB memory.
2026-10-02 14:42:02.805 INFO   [6F6966\E2E3AC] Auto-router pass #699 on board 'adcfc514449292ccd12e41bc92265615' was completed in 0.07 seconds with the score of 981.87 (1 unrouted), using 12194.42 CPU seconds and 138432 MB memory.
2026-10-02 14:42:02.864 INFO   [6F6966\E2E3AC] Restoring an earlier board that has the score of 988.07 (1 unrouted).
2026-10-02 14:42:02.865 INFO   [6F6966\E2E3AC] Auto-router pass #700 on board '96370a5ccfbbaffda1e4e94aaab273d7' was completed in 0.05 seconds with the score of 981.26 (1 unrouted), using 12194.42 CPU seconds and 138432 MB memory.
2026-10-02 14:42:02.900 INFO   [6F6966\E2E3AC] Auto-router pass #701 on board '9f51667725ef93333a4c6ca55ba4cb87' was completed in 0.03 seconds with the score of 988.04 (1 unrouted), using 12194.42 CPU seconds and 138432 MB memory.
2026-10-02 14:42:02.963 INFO   [6F6966\E2E3AC] Auto-router pass #702 on board '0d00a32670e05e86da381293c8db9596' was completed in 0.06 seconds with the score of 988.23 (1 unrouted), using 12194.42 CPU seconds and 138432 MB memory.
2026-10-02 14:42:03.078 INFO   [6F6966\E2E3AC] Auto-router pass #703 on board '6cbac6fba40e844465eac4af4117f181' was completed in 0.11 seconds with the score of 977.40 (2 unrouted), using 12194.42 CPU seconds and 138432 MB memory.
2026-10-02 14:42:03.499 INFO   [6F6966\E2E3AC] Restoring an earlier board that has the score of 988.07 (1 unrouted).
2026-10-02 14:42:03.500 INFO   [6F6966\E2E3AC] Auto-router pass #704 on board 'f6a0ec17a4d76c893e26c8e1df24f001' was completed in 0.41 seconds with the score of 986.06 (1 unrouted), using 12349.53 CPU seconds and 139512 MB memory.
2026-10-02 14:42:03.634 INFO   [6F6966\E2E3AC] Auto-router pass #705 on board '9f51667725ef93333a4c6ca55ba4cb87' was completed in 0.13 seconds with the score of 988.04 (1 unrouted), using 12349.53 CPU seconds and 139512 MB memory.
2026-10-02 14:42:03.757 INFO   [6F6966\E2E3AC] Auto-router pass #706 on board '9a65822e5523cbe89ec86a4a083c70d2' was completed in 0.12 seconds with the score of 974.22 (2 unrouted), using 12349.53 CPU seconds and 139512 MB memory.
2026-10-02 14:42:03.839 INFO   [6F6966\E2E3AC] Auto-router pass #707 on board '37d3d0802578cb95fd4a18d43e1b1871' was completed in 0.07 seconds with the score of 981.87 (1 unrouted), using 12349.53 CPU seconds and 139512 MB memory.
2026-10-02 14:42:03.890 INFO   [6F6966\E2E3AC] Restoring an earlier board that has the score of 988.04 (1 unrouted).
2026-10-02 14:42:03.890 INFO   [6F6966\E2E3AC] Auto-router pass #708 on board '8403034dda07dc8d7b65a380e56cdd44' was completed in 0.04 seconds with the score of 981.46 (1 unrouted), using 12349.53 CPU seconds and 139512 MB memory.
2026-10-02 14:42:03.953 INFO   [6F6966\E2E3AC] Auto-router pass #709 on board '0d00a32670e05e86da381293c8db9596' was completed in 0.06 seconds with the score of 988.23 (1 unrouted), using 12349.53 CPU seconds and 139512 MB memory.
2026-10-02 14:42:04.073 INFO   [6F6966\E2E3AC] Auto-router pass #710 on board '7709bc8c0995c5dc006f50b7ade05059' was completed in 0.11 seconds with the score of 977.40 (2 unrouted), using 12349.53 CPU seconds and 139512 MB memory.
2026-10-02 14:42:04.150 INFO   [6F6966\E2E3AC] Auto-router pass #711 on board '3126fb609a85b0d5eaee972ad537ffc7' was completed in 0.07 seconds with the score of 985.20 (1 unrouted), using 12505.61 CPU seconds and 140564 MB memory.
2026-10-02 14:42:04.456 INFO   [6F6966\E2E3AC] Restoring an earlier board that has the score of 988.23 (1 unrouted).
2026-10-02 14:42:04.456 INFO   [6F6966\E2E3AC] Auto-router pass #712 on board 'f90a615e6843a02daf33e27defa59f60' was completed in 0.29 seconds with the score of 985.26 (1 unrouted), using 12505.61 CPU seconds and 140564 MB memory.
2026-10-02 14:42:04.578 INFO   [6F6966\E2E3AC] Auto-router pass #713 on board '7709bc8c0995c5dc006f50b7ade05059' was completed in 0.12 seconds with the score of 977.40 (2 unrouted), using 12505.61 CPU seconds and 140564 MB memory.
2026-10-02 14:42:04.727 INFO   [6F6966\E2E3AC] Auto-router pass #714 on board 'fa23a5a36df4bc3992336f5cf08ba59a' was completed in 0.14 seconds with the score of 984.99 (1 unrouted), using 12505.61 CPU seconds and 140564 MB memory.
2026-10-02 14:42:04.767 INFO   [6F6966\E2E3AC] Auto-router pass #715 on board 'de4a0693da1ba2732bf163cd06fdc0f8' was completed in 0.03 seconds with the score of 984.93 (1 unrouted), using 12505.61 CPU seconds and 140564 MB memory.
2026-10-02 14:42:05.031 INFO   [6F6966\E2E3AC] Restoring an earlier board that has the score of 988.23 (1 unrouted).
2026-10-02 14:42:05.031 INFO   [6F6966\E2E3AC] Auto-router pass #716 on board '4482c960f3bc588a115ed21684646f4f' was completed in 0.25 seconds with the score of 985.62 (1 unrouted), using 12505.61 CPU seconds and 140564 MB memory.
2026-10-02 14:42:05.149 INFO   [6F6966\E2E3AC] Auto-router pass #717 on board '7709bc8c0995c5dc006f50b7ade05059' was completed in 0.11 seconds with the score of 977.40 (2 unrouted), using 12662.67 CPU seconds and 141590 MB memory.
2026-10-02 14:42:05.203 INFO   [6F6966\E2E3AC] Auto-router pass #718 on board '4175420745e0d9d7b85398dc88e8cec8' was completed in 0.04 seconds with the score of 981.54 (1 unrouted), using 12662.67 CPU seconds and 141590 MB memory.
2026-10-02 14:42:05.243 INFO   [6F6966\E2E3AC] Auto-router pass #719 on board 'eaa111f00785052d0ef85b7a5778b2a4' was completed in 0.03 seconds with the score of 969.54 (2 unrouted), using 12662.67 CPU seconds and 141590 MB memory.
2026-10-02 14:42:05.466 INFO   [6F6966\E2E3AC] Restoring an earlier board that has the score of 988.23 (1 unrouted).
2026-10-02 14:42:05.466 INFO   [6F6966\E2E3AC] Auto-router pass #720 on board 'b318118668f34a974ec6819ece65b293' was completed in 0.21 seconds with the score of 955.79 (3 unrouted), using 12662.67 CPU seconds and 141590 MB memory.
2026-10-02 14:42:05.582 INFO   [6F6966\E2E3AC] Auto-router pass #721 on board '7709bc8c0995c5dc006f50b7ade05059' was completed in 0.11 seconds with the score of 977.40 (2 unrouted), using 12662.67 CPU seconds and 141590 MB memory.
2026-10-02 14:42:05.724 INFO   [6F6966\E2E3AC] Auto-router pass #722 on board '4175420745e0d9d7b85398dc88e8cec8' was completed in 0.13 seconds with the score of 985.59 (1 unrouted), using 12662.67 CPU seconds and 141590 MB memory.
2026-10-02 14:42:05.760 INFO   [6F6966\E2E3AC] Auto-router pass #723 on board 'b9595676fc28ccaf331daba7eec8166c' was completed in 0.03 seconds with the score of 985.28 (1 unrouted), using 12662.67 CPU seconds and 141590 MB memory.
2026-10-02 14:42:05.832 INFO   [6F6966\E2E3AC] Restoring an earlier board that has the score of 988.23 (1 unrouted).
2026-10-02 14:42:05.832 INFO   [6F6966\E2E3AC] Auto-router pass #724 on board 'aa06bca8fbecd5a398453a0e2270dacd' was completed in 0.06 seconds with the score of 985.58 (1 unrouted), using 12662.67 CPU seconds and 141590 MB memory.
2026-10-02 14:42:05.959 INFO   [6F6966\E2E3AC] Auto-router pass #725 on board '7709bc8c0995c5dc006f50b7ade05059' was completed in 0.12 seconds with the score of 977.40 (2 unrouted), using 12662.67 CPU seconds and 141590 MB memory.
2026-10-02 14:42:06.042 INFO   [6F6966\E2E3AC] Auto-router pass #726 on board '94506de5bcc2fec94597924505c64763' was completed in 0.07 seconds with the score of 985.55 (1 unrouted), using 12662.67 CPU seconds and 141590 MB memory.
2026-10-02 14:42:06.089 INFO   [6F6966\E2E3AC] Auto-router pass #727 on board '67cddddd15d75f8d3a2d812bb3f57826' was completed in 0.04 seconds with the score of 985.93 (1 unrouted), using 12662.67 CPU seconds and 141590 MB memory.
2026-10-02 14:42:06.155 INFO   [6F6966\E2E3AC] Restoring an earlier board that has the score of 988.04 (1 unrouted).
2026-10-02 14:42:06.155 INFO   [6F6966\E2E3AC] Auto-router pass #728 on board '9e6a13ae46bab59afafa54e0ea2f1ead' was completed in 0.06 seconds with the score of 985.99 (1 unrouted), using 12820.71 CPU seconds and 142678 MB memory.
2026-10-02 14:42:06.221 INFO   [6F6966\E2E3AC] Auto-router pass #729 on board '0d00a32670e05e86da381293c8db9596' was completed in 0.06 seconds with the score of 988.23 (1 unrouted), using 12820.71 CPU seconds and 142678 MB memory.
2026-10-02 14:42:06.393 INFO   [6F6966\E2E3AC] Auto-router pass #730 on board '7709bc8c0995c5dc006f50b7ade05059' was completed in 0.17 seconds with the score of 977.38 (2 unrouted), using 12820.71 CPU seconds and 142678 MB memory.
2026-10-02 14:42:06.521 INFO   [6F6966\E2E3AC] Auto-router pass #731 on board '0b301dce1998a6089f09ca229f9053e3' was completed in 0.12 seconds with the score of 971.28 (2 unrouted), using 12820.71 CPU seconds and 142678 MB memory.
2026-10-02 14:42:06.854 INFO   [6F6966\E2E3AC] Restoring an earlier board that has the score of 988.04 (1 unrouted).
2026-10-02 14:42:06.854 INFO   [6F6966\E2E3AC] Auto-router pass #732 on board 'f3a7755509de56687315854507b01c25' was completed in 0.32 seconds with the score of 942.86 (4 unrouted), using 12820.71 CPU seconds and 142678 MB memory.
2026-10-02 14:42:06.981 INFO   [6F6966\E2E3AC] Auto-router pass #733 on board '0d00a32670e05e86da381293c8db9596' was completed in 0.12 seconds with the score of 974.22 (2 unrouted), using 12820.71 CPU seconds and 142678 MB memory.
2026-10-02 14:42:07.069 INFO   [6F6966\E2E3AC] Auto-router pass #734 on board '52826df1d74fecaecb5c3de0aa7ab86e' was completed in 0.08 seconds with the score of 981.83 (1 unrouted), using 12820.71 CPU seconds and 142678 MB memory.
2026-10-02 14:42:07.102 INFO   [6F6966\E2E3AC] Auto-router pass #735 on board 'd49290676dfddc72428343ed5167d91f' was completed in 0.02 seconds with the score of 981.43 (1 unrouted), using 12820.71 CPU seconds and 142678 MB memory.
2026-10-02 14:42:07.330 INFO   [6F6966\E2E3AC] Restoring an earlier board that has the score of 988.04 (1 unrouted).
2026-10-02 14:42:07.330 INFO   [6F6966\E2E3AC] Auto-router pass #736 on board 'f2145a4ba26784895659c8fa0ad41f40' was completed in 0.22 seconds with the score of 971.70 (2 unrouted), using 12979.72 CPU seconds and 143691 MB memory.
2026-10-02 14:42:07.458 INFO   [6F6966\E2E3AC] Auto-router pass #737 on board '0d00a32670e05e86da381293c8db9596' was completed in 0.12 seconds with the score of 974.22 (2 unrouted), using 12979.72 CPU seconds and 143691 MB memory.
2026-10-02 14:42:07.535 INFO   [6F6966\E2E3AC] Auto-router pass #738 on board '52826df1d74fecaecb5c3de0aa7ab86e' was completed in 0.07 seconds with the score of 969.48 (2 unrouted), using 12979.72 CPU seconds and 143691 MB memory.
2026-10-02 14:42:07.658 INFO   [6F6966\E2E3AC] Auto-router pass #739 on board '805e812c31e86f3de5f935125e10b061' was completed in 0.11 seconds with the score of 973.78 (2 unrouted), using 12979.72 CPU seconds and 143691 MB memory.
2026-10-02 14:42:07.799 INFO   [6F6966\E2E3AC] Restoring an earlier board that has the score of 988.04 (1 unrouted).
2026-10-02 14:42:07.799 INFO   [6F6966\E2E3AC] Auto-router pass #740 on board '028c600112632bbeb12d03fb943ecc41' was completed in 0.13 seconds with the score of 983.16 (1 unrouted), using 12979.72 CPU seconds and 143691 MB memory.
2026-10-02 14:42:07.866 INFO   [6F6966\E2E3AC] Auto-router pass #741 on board '9a65822e5523cbe89ec86a4a083c70d2' was completed in 0.06 seconds with the score of 988.23 (1 unrouted), using 12979.72 CPU seconds and 143691 MB memory.
2026-10-02 14:42:07.986 INFO   [6F6966\E2E3AC] Auto-router pass #742 on board 'c20a10d17c1596b0c8e94ac7ceca6ba6' was completed in 0.11 seconds with the score of 977.40 (2 unrouted), using 12979.72 CPU seconds and 143691 MB memory.
2026-10-02 14:42:08.043 INFO   [6F6966\E2E3AC] Auto-router pass #743 on board '6754b960b6ffcce8b6261d7d667a33b4' was completed in 0.04 seconds with the score of 981.54 (1 unrouted), using 12979.72 CPU seconds and 143691 MB memory.
2026-10-02 14:42:08.160 INFO   [6F6966\E2E3AC] Restoring an earlier board that has the score of 988.04 (1 unrouted).
2026-10-02 14:42:08.160 INFO   [6F6966\E2E3AC] Auto-router pass #744 on board '301c473ffcd9e2f93af4be2564358e22' was completed in 0.11 seconds with the score of 969.96 (2 unrouted), using 13139.70 CPU seconds and 144727 MB memory.
2026-10-02 14:42:08.229 INFO   [6F6966\E2E3AC] Auto-router pass #745 on board '9a65822e5523cbe89ec86a4a083c70d2' was completed in 0.06 seconds with the score of 988.23 (1 unrouted), using 13139.70 CPU seconds and 144727 MB memory.
2026-10-02 14:42:08.349 INFO   [6F6966\E2E3AC] Auto-router pass #746 on board 'c20a10d17c1596b0c8e94ac7ceca6ba6' was completed in 0.11 seconds with the score of 977.40 (2 unrouted), using 13139.70 CPU seconds and 144727 MB memory.
2026-10-02 14:42:08.399 INFO   [6F6966\E2E3AC] Auto-router pass #747 on board '6754b960b6ffcce8b6261d7d667a33b4' was completed in 0.04 seconds with the score of 981.54 (1 unrouted), using 13139.70 CPU seconds and 144727 MB memory.
2026-10-02 14:42:08.507 INFO   [6F6966\E2E3AC] Restoring an earlier board that has the score of 988.04 (1 unrouted).
2026-10-02 14:42:08.507 INFO   [6F6966\E2E3AC] Auto-router pass #748 on board '301c473ffcd9e2f93af4be2564358e22' was completed in 0.10 seconds with the score of 969.96 (2 unrouted), using 13139.70 CPU seconds and 144727 MB memory.
2026-10-02 14:42:08.571 INFO   [6F6966\E2E3AC] Auto-router pass #749 on board '9a65822e5523cbe89ec86a4a083c70d2' was completed in 0.06 seconds with the score of 988.23 (1 unrouted), using 13139.70 CPU seconds and 144727 MB memory.
2026-10-02 14:42:08.700 INFO   [6F6966\E2E3AC] Auto-router pass #750 on board 'c20a10d17c1596b0c8e94ac7ceca6ba6' was completed in 0.12 seconds with the score of 977.40 (2 unrouted), using 13139.70 CPU seconds and 144727 MB memory.
2026-10-02 14:42:08.753 INFO   [6F6966\E2E3AC] Auto-router pass #751 on board '13d55513292bccbc7f7497e9fdb25b0c' was completed in 0.04 seconds with the score of 981.76 (1 unrouted), using 13139.70 CPU seconds and 144727 MB memory.
2026-10-02 14:42:08.882 INFO   [6F6966\E2E3AC] Restoring an earlier board that has the score of 988.04 (1 unrouted).
2026-10-02 14:42:08.883 INFO   [6F6966\E2E3AC] Auto-router pass #752 on board '01f6205a77806ec16881c870db127e7e' was completed in 0.12 seconds with the score of 970.32 (2 unrouted), using 13139.70 CPU seconds and 144727 MB memory.
2026-10-02 14:42:09.007 INFO   [6F6966\E2E3AC] Auto-router pass #753 on board '9a65822e5523cbe89ec86a4a083c70d2' was completed in 0.12 seconds with the score of 974.22 (2 unrouted), using 13139.70 CPU seconds and 144727 MB memory.
2026-10-02 14:42:09.135 INFO   [6F6966\E2E3AC] Auto-router pass #754 on board 'b2ef35b2c0eddd3074a894a755d0faf2' was completed in 0.12 seconds with the score of 963.25 (3 unrouted), using 13300.66 CPU seconds and 145798 MB memory.
2026-10-02 14:42:09.429 INFO   [6F6966\E2E3AC] Auto-router pass #755 on board '3de53ff55da43da2a358f0f94ceca673' was completed in 0.28 seconds with the score of 955.18 (4 unrouted), using 13300.66 CPU seconds and 145798 MB memory.
2026-10-02 14:42:09.918 INFO   [6F6966\E2E3AC] Restoring an earlier board that has the score of 987.66 (1 unrouted).
2026-10-02 14:42:09.918 INFO   [6F6966\E2E3AC] Auto-router pass #756 on board 'e9c29aa7c12e82e411349108e7599768' was completed in 0.48 seconds with the score of 960.26 (3 unrouted), using 13300.66 CPU seconds and 145798 MB memory.
2026-10-02 14:42:10.042 INFO   [6F6966\E2E3AC] Auto-router pass #757 on board 'f35768d079362763d193823892aa55e2' was completed in 0.12 seconds with the score of 975.11 (2 unrouted), using 13300.66 CPU seconds and 145798 MB memory.
2026-10-02 14:42:10.093 INFO   [6F6966\E2E3AC] Auto-router pass #758 on board 'f4bec071ae1e9422e6ccde89bc99f135' was completed in 0.05 seconds with the score of 982.18 (1 unrouted), using 13300.66 CPU seconds and 145798 MB memory.
2026-10-02 14:42:10.203 INFO   [6F6966\E2E3AC] Auto-router pass #759 on board '2a4e10133a705f1b71420aef3f0a9d14' was completed in 0.10 seconds with the score of 969.19 (2 unrouted), using 13462.61 CPU seconds and 146832 MB memory.
2026-10-02 14:42:10.519 INFO   [6F6966\E2E3AC] Restoring an earlier board that has the score of 987.58 (1 unrouted).
2026-10-02 14:42:10.520 INFO   [6F6966\E2E3AC] Auto-router pass #760 on board 'f4dc3132e373c0ac82417afa3ba8e840' was completed in 0.31 seconds with the score of 959.95 (3 unrouted), using 13462.61 CPU seconds and 146832 MB memory.
2026-10-02 14:42:10.664 INFO   [6F6966\E2E3AC] Auto-router pass #761 on board 'fe2eded98d485523f2bd38da98166b47' was completed in 0.14 seconds with the score of 979.46 (2 unrouted), using 13462.61 CPU seconds and 146832 MB memory.
2026-10-02 14:42:10.744 INFO   [6F6966\E2E3AC] Auto-router pass #762 on board 'c0549480569c5e46c0b21cdff7d64766' was completed in 0.07 seconds with the score of 987.40 (1 unrouted), using 13462.61 CPU seconds and 146832 MB memory.
2026-10-02 14:42:10.795 INFO   [6F6966\E2E3AC] Auto-router pass #763 on board 'c6857b3117bcd9080e416693e62c31dc' was completed in 0.04 seconds with the score of 986.90 (1 unrouted), using 13462.61 CPU seconds and 146832 MB memory.
2026-10-02 14:42:10.969 INFO   [6F6966\E2E3AC] Restoring an earlier board that has the score of 987.58 (1 unrouted).
2026-10-02 14:42:10.969 INFO   [6F6966\E2E3AC] Auto-router pass #764 on board 'c4a1cd074f0d3bf2f99af7cdc8e553d1' was completed in 0.16 seconds with the score of 987.32 (1 unrouted), using 13462.61 CPU seconds and 146832 MB memory.
2026-10-02 14:42:11.088 INFO   [6F6966\E2E3AC] Auto-router pass #765 on board 'fe2eded98d485523f2bd38da98166b47' was completed in 0.11 seconds with the score of 979.46 (2 unrouted), using 13462.61 CPU seconds and 146832 MB memory.
2026-10-02 14:42:11.252 INFO   [6F6966\E2E3AC] Auto-router pass #766 on board 'd748834d8d86f1f5010d90378a234791' was completed in 0.16 seconds with the score of 987.25 (1 unrouted), using 13625.53 CPU seconds and 147855 MB memory.
2026-10-02 14:42:11.305 INFO   [6F6966\E2E3AC] Auto-router pass #767 on board '03e0f032f3105ace7ffe5d83fb2b87eb' was completed in 0.04 seconds with the score of 986.86 (1 unrouted), using 13625.53 CPU seconds and 147855 MB memory.
2026-10-02 14:42:11.920 INFO   [6F6966\E2E3AC] Restoring an earlier board that has the score of 987.58 (1 unrouted).
2026-10-02 14:42:11.920 INFO   [6F6966\E2E3AC] Auto-router pass #768 on board '2c66b7b5af0acce85374151adc49b635' was completed in 0.60 seconds with the score of 987.00 (1 unrouted), using 13625.53 CPU seconds and 147855 MB memory.
2026-10-02 14:42:12.265 INFO   [6F6966\E2E3AC] Auto-router pass #769 on board 'fe2eded98d485523f2bd38da98166b47' was completed in 0.33 seconds with the score of 979.46 (2 unrouted), using 13789.42 CPU seconds and 148529 MB memory.
2026-10-02 14:42:12.764 INFO   [6F6966\E2E3AC] Auto-router pass #770 on board 'd748834d8d86f1f5010d90378a234791' was completed in 0.49 seconds with the score of 964.34 (3 unrouted), using 13789.42 CPU seconds and 148529 MB memory.
2026-10-02 14:42:13.091 INFO   [6F6966\E2E3AC] Auto-router pass #771 on board 'ec730ad6ba0f79d2279b53c77ffb5a1d' was completed in 0.30 seconds with the score of 928.74 (5 unrouted), using 13789.42 CPU seconds and 148529 MB memory.
2026-10-02 14:42:13.679 INFO   [6F6966\E2E3AC] Restoring an earlier board that has the score of 987.58 (1 unrouted).
2026-10-02 14:42:13.679 INFO   [6F6966\E2E3AC] Auto-router pass #772 on board 'c61528cfe0950bb2f938269f56bc654b' was completed in 0.58 seconds with the score of 953.52 (4 unrouted), using 13954.30 CPU seconds and 149020 MB memory.
2026-10-02 14:42:13.796 INFO   [6F6966\E2E3AC] Auto-router pass #773 on board 'fe2eded98d485523f2bd38da98166b47' was completed in 0.11 seconds with the score of 979.46 (2 unrouted), using 13954.30 CPU seconds and 149020 MB memory.
2026-10-02 14:42:13.981 INFO   [6F6966\E2E3AC] Auto-router pass #774 on board 'd748834d8d86f1f5010d90378a234791' was completed in 0.18 seconds with the score of 987.56 (1 unrouted), using 13954.30 CPU seconds and 149020 MB memory.
2026-10-02 14:42:14.146 INFO   [6F6966\E2E3AC] Auto-router pass #775 on board '0c0b520987ae43103e9480b1371f9a87' was completed in 0.15 seconds with the score of 987.49 (1 unrouted), using 14120.16 CPU seconds and 150048 MB memory.
2026-10-02 14:42:14.405 INFO   [6F6966\E2E3AC] Restoring an earlier board that has the score of 987.58 (1 unrouted).
2026-10-02 14:42:14.405 INFO   [6F6966\E2E3AC] Auto-router pass #776 on board 'bed4f3f47f2cc46f6d1df0908225130b' was completed in 0.25 seconds with the score of 987.12 (1 unrouted), using 14120.16 CPU seconds and 150048 MB memory.
2026-10-02 14:42:14.549 INFO   [6F6966\E2E3AC] Auto-router pass #777 on board 'bba7a45f881ac1569d360dcf89736502' was completed in 0.14 seconds with the score of 979.46 (2 unrouted), using 14120.16 CPU seconds and 150048 MB memory.
2026-10-02 14:42:14.722 INFO   [6F6966\E2E3AC] Auto-router pass #778 on board '540f5293f171f13ea06ba8188ea7082b' was completed in 0.16 seconds with the score of 957.06 (4 unrouted), using 14120.16 CPU seconds and 150048 MB memory.
2026-10-02 14:42:14.995 INFO   [6F6966\E2E3AC] Auto-router pass #779 on board '3f5754b68f0bde58e4e19fb51a10716e' was completed in 0.26 seconds with the score of 931.80 (5 unrouted), using 14120.16 CPU seconds and 150048 MB memory.
2026-10-02 14:42:15.352 INFO   [6F6966\E2E3AC] Restoring an earlier board that has the score of 987.58 (1 unrouted).
2026-10-02 14:42:15.352 INFO   [6F6966\E2E3AC] Auto-router pass #780 on board 'f81cb36b2fba969768dc773cae93b1d0' was completed in 0.35 seconds with the score of 965.75 (3 unrouted), using 14286.99 CPU seconds and 151089 MB memory.
2026-10-02 14:42:15.486 INFO   [6F6966\E2E3AC] Auto-router pass #781 on board 'bba7a45f881ac1569d360dcf89736502' was completed in 0.13 seconds with the score of 979.46 (2 unrouted), using 14286.99 CPU seconds and 151089 MB memory.
2026-10-02 14:42:15.664 INFO   [6F6966\E2E3AC] Auto-router pass #782 on board '540f5293f171f13ea06ba8188ea7082b' was completed in 0.17 seconds with the score of 957.06 (4 unrouted), using 14286.99 CPU seconds and 151089 MB memory.
2026-10-02 14:42:15.916 INFO   [6F6966\E2E3AC] Auto-router pass #783 on board '3f5754b68f0bde58e4e19fb51a10716e' was completed in 0.25 seconds with the score of 946.76 (4 unrouted), using 14286.99 CPU seconds and 151089 MB memory.
2026-10-02 14:42:16.668 INFO   [6F6966\E2E3AC] Restoring an earlier board that has the score of 987.58 (1 unrouted).
2026-10-02 14:42:16.668 INFO   [6F6966\E2E3AC] Auto-router pass #784 on board 'a65093e9e459f862fcbbae0634995248' was completed in 0.74 seconds with the score of 941.90 (5 unrouted), using 14454.80 CPU seconds and 152113 MB memory.
2026-10-02 14:42:16.783 INFO   [6F6966\E2E3AC] Auto-router pass #785 on board 'bba7a45f881ac1569d360dcf89736502' was completed in 0.11 seconds with the score of 979.46 (2 unrouted), using 14454.80 CPU seconds and 152113 MB memory.
2026-10-02 14:42:16.969 INFO   [6F6966\E2E3AC] Auto-router pass #786 on board 'e422e7cee658a2410b2e4ae24d07b8f7' was completed in 0.17 seconds with the score of 987.56 (1 unrouted), using 14454.80 CPU seconds and 152113 MB memory.
2026-10-02 14:42:17.129 INFO   [6F6966\E2E3AC] Auto-router pass #787 on board '5c84b4dceca36376d8fdc49382a352fc' was completed in 0.15 seconds with the score of 987.49 (1 unrouted), using 14623.60 CPU seconds and 153147 MB memory.
2026-10-02 14:42:17.185 INFO   [6F6966\E2E3AC] Restoring an earlier board that has the score of 987.58 (1 unrouted).
2026-10-02 14:42:17.186 INFO   [6F6966\E2E3AC] Auto-router pass #788 on board '27ea4020c72f9ed7c9497c4225ecba49' was completed in 0.04 seconds with the score of 986.82 (1 unrouted), using 14623.60 CPU seconds and 153147 MB memory.
2026-10-02 14:42:17.301 INFO   [6F6966\E2E3AC] Auto-router pass #789 on board 'bba7a45f881ac1569d360dcf89736502' was completed in 0.11 seconds with the score of 979.46 (2 unrouted), using 14623.60 CPU seconds and 153147 MB memory.
2026-10-02 14:42:17.437 INFO   [6F6966\E2E3AC] Auto-router pass #790 on board 'e422e7cee658a2410b2e4ae24d07b8f7' was completed in 0.13 seconds with the score of 962.93 (3 unrouted), using 14623.60 CPU seconds and 153147 MB memory.
2026-10-02 14:42:17.608 INFO   [6F6966\E2E3AC] Auto-router pass #791 on board 'b7c76c6c148df7d4c424fc457e9de6b8' was completed in 0.16 seconds with the score of 957.39 (3 unrouted), using 14623.60 CPU seconds and 153147 MB memory.
2026-10-02 14:42:18.107 INFO   [6F6966\E2E3AC] Restoring an earlier board that has the score of 987.56 (1 unrouted).
2026-10-02 14:42:18.107 INFO   [6F6966\E2E3AC] Auto-router pass #792 on board '3e13f75fe28995cf096c3ac2d8021adc' was completed in 0.49 seconds with the score of 951.86 (4 unrouted), using 14623.60 CPU seconds and 153147 MB memory.
2026-10-02 14:42:18.156 INFO   [6F6966\E2E3AC] Auto-router pass #793 on board '0c0b520987ae43103e9480b1371f9a87' was completed in 0.04 seconds with the score of 987.16 (1 unrouted), using 14793.37 CPU seconds and 154191 MB memory.
2026-10-02 14:42:18.208 INFO   [6F6966\E2E3AC] Auto-router pass #794 on board '8acd69deee86ca78b59600b17b4bd295' was completed in 0.04 seconds with the score of 987.49 (1 unrouted), using 14793.37 CPU seconds and 154191 MB memory.
2026-10-02 14:42:18.400 INFO   [6F6966\E2E3AC] Auto-router pass #795 on board 'a822fa388d0695be60988f5effee55ba' was completed in 0.18 seconds with the score of 988.47 (1 unrouted), using 14793.37 CPU seconds and 154191 MB memory.
2026-10-02 14:42:18.685 INFO   [6F6966\E2E3AC] Restoring an earlier board that has the score of 988.47 (1 unrouted).
2026-10-02 14:42:18.685 INFO   [6F6966\E2E3AC] Auto-router pass #796 on board '76657c158aeb0462667aa292b3ae9c42' was completed in 0.27 seconds with the score of 981.11 (2 unrouted), using 14793.37 CPU seconds and 154191 MB memory.
2026-10-02 14:42:18.726 INFO   [6F6966\E2E3AC] Auto-router pass #797 on board '76657c158aeb0462667aa292b3ae9c42' was completed in 0.04 seconds with the score of 987.93 (1 unrouted), using 14793.37 CPU seconds and 154191 MB memory.
2026-10-02 14:42:18.777 INFO   [6F6966\E2E3AC] Auto-router pass #798 on board '7131c047112a8011c3a12cd2edc4fd40' was completed in 0.04 seconds with the score of 987.56 (1 unrouted), using 14793.37 CPU seconds and 154191 MB memory.
2026-10-02 14:42:18.853 INFO   [6F6966\E2E3AC] Auto-router pass #799 on board '46be29a9b226aca5dc68b87486e5e9a2' was completed in 0.06 seconds with the score of 987.89 (1 unrouted), using 14793.37 CPU seconds and 154191 MB memory.
2026-10-02 14:42:18.952 INFO   [6F6966\E2E3AC] Restoring an earlier board that has the score of 988.47 (1 unrouted).
2026-10-02 14:42:18.953 INFO   [6F6966\E2E3AC] Auto-router pass #800 on board '803d57af6ef821567e678c33d904f3bd' was completed in 0.08 seconds with the score of 987.75 (1 unrouted), using 14793.37 CPU seconds and 154191 MB memory.
2026-10-02 14:42:19.164 INFO   [6F6966\E2E3AC] Auto-router pass #801 on board '76657c158aeb0462667aa292b3ae9c42' was completed in 0.20 seconds with the score of 988.01 (1 unrouted), using 14964.12 CPU seconds and 155110 MB memory.
2026-10-02 14:42:19.234 INFO   [6F6966\E2E3AC] Auto-router pass #802 on board '37f7cb5f19f48ff215307579015b3e09' was completed in 0.05 seconds with the score of 987.65 (1 unrouted), using 14964.12 CPU seconds and 155110 MB memory.
2026-10-02 14:42:19.418 INFO   [6F6966\E2E3AC] Auto-router pass #803 on board 'a6cf90f2e7dbe64ffa70f0b5b0248d01' was completed in 0.16 seconds with the score of 978.86 (2 unrouted), using 14964.12 CPU seconds and 155110 MB memory.
2026-10-02 14:42:19.607 INFO   [6F6966\E2E3AC] Restoring an earlier board that has the score of 988.47 (1 unrouted).
2026-10-02 14:42:19.607 INFO   [6F6966\E2E3AC] Auto-router pass #804 on board '9cf19a691b760f287f938c474fcea44a' was completed in 0.18 seconds with the score of 966.98 (3 unrouted), using 14964.12 CPU seconds and 155110 MB memory.
2026-10-02 14:42:19.794 INFO   [6F6966\E2E3AC] Auto-router pass #805 on board '76657c158aeb0462667aa292b3ae9c42' was completed in 0.18 seconds with the score of 988.01 (1 unrouted), using 14964.12 CPU seconds and 155110 MB memory.
2026-10-02 14:42:19.865 INFO   [6F6966\E2E3AC] Auto-router pass #806 on board 'ba115b7bea604a5c5b31b33803e2673a' was completed in 0.05 seconds with the score of 987.65 (1 unrouted), using 14964.12 CPU seconds and 155110 MB memory.
2026-10-02 14:42:19.937 INFO   [6F6966\E2E3AC] Auto-router pass #807 on board '330bef4461c2a93348afac58df3da599' was completed in 0.05 seconds with the score of 988.02 (1 unrouted), using 14964.12 CPU seconds and 155110 MB memory.
2026-10-02 14:42:20.039 INFO   [6F6966\E2E3AC] Restoring an earlier board that has the score of 988.47 (1 unrouted).
2026-10-02 14:42:20.039 INFO   [6F6966\E2E3AC] Auto-router pass #808 on board 'd97448198c675c40fca0f743e42a074d' was completed in 0.08 seconds with the score of 987.95 (1 unrouted), using 14964.12 CPU seconds and 155110 MB memory.
2026-10-02 14:42:20.199 INFO   [6F6966\E2E3AC] Auto-router pass #809 on board '76657c158aeb0462667aa292b3ae9c42' was completed in 0.15 seconds with the score of 988.01 (1 unrouted), using 15135.84 CPU seconds and 155922 MB memory.
2026-10-02 14:42:20.329 INFO   [6F6966\E2E3AC] Auto-router pass #810 on board 'ba115b7bea604a5c5b31b33803e2673a' was completed in 0.12 seconds with the score of 987.54 (1 unrouted), using 15135.84 CPU seconds and 155922 MB memory.
2026-10-02 14:42:20.471 INFO   [6F6966\E2E3AC] Auto-router pass #811 on board '0b64fa406656d1eac9e9340877bfc7f7' was completed in 0.13 seconds with the score of 988.33 (1 unrouted), using 15135.84 CPU seconds and 155922 MB memory.
2026-10-02 14:42:20.778 INFO   [6F6966\E2E3AC] Restoring an earlier board that has the score of 988.33 (1 unrouted).
2026-10-02 14:42:20.778 INFO   [6F6966\E2E3AC] Auto-router pass #812 on board '92d6c3c03675bcd6a631dc868431613d' was completed in 0.29 seconds with the score of 987.66 (1 unrouted), using 15135.84 CPU seconds and 155922 MB memory.
2026-10-02 14:42:20.817 INFO   [6F6966\E2E3AC] Auto-router pass #813 on board '92d6c3c03675bcd6a631dc868431613d' was completed in 0.03 seconds with the score of 988.04 (1 unrouted), using 15135.84 CPU seconds and 155922 MB memory.
2026-10-02 14:42:20.963 INFO   [6F6966\E2E3AC] Auto-router pass #814 on board '87c81a6195e036c70ab3e88c3528d32d' was completed in 0.13 seconds with the score of 977.69 (2 unrouted), using 15135.84 CPU seconds and 155922 MB memory.
2026-10-02 14:42:21.109 INFO   [6F6966\E2E3AC] Auto-router pass #815 on board '3a6b9ebb08f242197f304dc66c75c70e' was completed in 0.13 seconds with the score of 976.55 (2 unrouted), using 15135.84 CPU seconds and 155922 MB memory.
2026-10-02 14:42:21.582 INFO   [6F6966\E2E3AC] Restoring an earlier board that has the score of 988.33 (1 unrouted).
2026-10-02 14:42:21.582 INFO   [6F6966\E2E3AC] Auto-router pass #816 on board 'aeb492d345cf73305ed574e3eadecb63' was completed in 0.46 seconds with the score of 977.33 (2 unrouted), using 15308.53 CPU seconds and 156963 MB memory.
2026-10-02 14:42:21.621 INFO   [6F6966\E2E3AC] Auto-router pass #817 on board '92d6c3c03675bcd6a631dc868431613d' was completed in 0.03 seconds with the score of 988.04 (1 unrouted), using 15308.53 CPU seconds and 156963 MB memory.
2026-10-02 14:42:21.664 INFO   [6F6966\E2E3AC] Auto-router pass #818 on board '87c81a6195e036c70ab3e88c3528d32d' was completed in 0.04 seconds with the score of 988.09 (1 unrouted), using 15308.53 CPU seconds and 156963 MB memory.
2026-10-02 14:42:21.708 INFO   [6F6966\E2E3AC] Auto-router pass #819 on board '94ba5e186f255b7136b7a92118d0ce38' was completed in 0.03 seconds with the score of 988.32 (1 unrouted), using 15308.53 CPU seconds and 156963 MB memory.
2026-10-02 14:42:21.768 INFO   [6F6966\E2E3AC] Restoring an earlier board that has the score of 988.33 (1 unrouted).
2026-10-02 14:42:21.768 INFO   [6F6966\E2E3AC] Auto-router pass #820 on board '6a29a4df7be756d0505e1dff076d137f' was completed in 0.05 seconds with the score of 988.07 (1 unrouted), using 15308.53 CPU seconds and 156963 MB memory.
2026-10-02 14:42:21.892 INFO   [6F6966\E2E3AC] Auto-router pass #821 on board '92d6c3c03675bcd6a631dc868431613d' was completed in 0.12 seconds with the score of 988.04 (1 unrouted), using 15308.53 CPU seconds and 156963 MB memory.
2026-10-02 14:42:22.019 INFO   [6F6966\E2E3AC] Auto-router pass #822 on board '7582cf0c7cbd106c02bb586781a08fea' was completed in 0.11 seconds with the score of 988.27 (1 unrouted), using 15308.53 CPU seconds and 156963 MB memory.
2026-10-02 14:42:22.071 INFO   [6F6966\E2E3AC] Auto-router pass #823 on board 'ef824837cdf0c43aeaa690728c25df65' was completed in 0.04 seconds with the score of 985.70 (1 unrouted), using 15308.53 CPU seconds and 156963 MB memory.
2026-10-02 14:42:22.142 INFO   [6F6966\E2E3AC] Restoring an earlier board that has the score of 988.33 (1 unrouted).
2026-10-02 14:42:22.142 INFO   [6F6966\E2E3AC] Auto-router pass #824 on board 'b3bcc3be48626d9a66770e8a8798d199' was completed in 0.06 seconds with the score of 986.01 (1 unrouted), using 15482.20 CPU seconds and 157963 MB memory.
2026-10-02 14:42:22.182 INFO   [6F6966\E2E3AC] Auto-router pass #825 on board '92d6c3c03675bcd6a631dc868431613d' was completed in 0.03 seconds with the score of 988.04 (1 unrouted), using 15482.20 CPU seconds and 157963 MB memory.
2026-10-02 14:42:22.322 INFO   [6F6966\E2E3AC] Auto-router pass #826 on board '87c81a6195e036c70ab3e88c3528d32d' was completed in 0.13 seconds with the score of 977.69 (2 unrouted), using 15482.20 CPU seconds and 157963 MB memory.
2026-10-02 14:42:22.457 INFO   [6F6966\E2E3AC] Auto-router pass #827 on board '3a6b9ebb08f242197f304dc66c75c70e' was completed in 0.13 seconds with the score of 976.96 (2 unrouted), using 15482.20 CPU seconds and 157963 MB memory.
2026-10-02 14:42:22.774 INFO   [6F6966\E2E3AC] Restoring an earlier board that has the score of 988.32 (1 unrouted).
2026-10-02 14:42:22.774 INFO   [6F6966\E2E3AC] Auto-router pass #828 on board 'df289a2c4cbb4251d003fa23921511e6' was completed in 0.31 seconds with the score of 976.87 (2 unrouted), using 15482.20 CPU seconds and 157963 MB memory.
2026-10-02 14:42:22.810 INFO   [6F6966\E2E3AC] Auto-router pass #829 on board '6a29a4df7be756d0505e1dff076d137f' was completed in 0.03 seconds with the score of 988.07 (1 unrouted), using 15482.20 CPU seconds and 157963 MB memory.
2026-10-02 14:42:22.853 INFO   [6F6966\E2E3AC] Auto-router pass #830 on board 'a96e0b132bdea63d4cffeb492e20d7b1' was completed in 0.03 seconds with the score of 988.01 (1 unrouted), using 15482.20 CPU seconds and 157963 MB memory.
2026-10-02 14:42:22.894 INFO   [6F6966\E2E3AC] Auto-router pass #831 on board 'f651684b1c0f4c9eed3ec085527f30ec' was completed in 0.03 seconds with the score of 988.07 (1 unrouted), using 15482.20 CPU seconds and 157963 MB memory.
2026-10-02 14:42:22.967 INFO   [6F6966\E2E3AC] Restoring an earlier board that has the score of 988.32 (1 unrouted).
2026-10-02 14:42:22.967 INFO   [6F6966\E2E3AC] Auto-router pass #832 on board '41ea548ef591c063a90dbbba788cbc44' was completed in 0.06 seconds with the score of 988.32 (1 unrouted), using 15482.20 CPU seconds and 157963 MB memory.
2026-10-02 14:42:23.006 INFO   [6F6966\E2E3AC] Auto-router pass #833 on board '6a29a4df7be756d0505e1dff076d137f' was completed in 0.03 seconds with the score of 988.07 (1 unrouted), using 15482.20 CPU seconds and 157963 MB memory.
2026-10-02 14:42:23.042 INFO   [6F6966\E2E3AC] Auto-router pass #834 on board 'a96e0b132bdea63d4cffeb492e20d7b1' was completed in 0.03 seconds with the score of 988.01 (1 unrouted), using 15482.20 CPU seconds and 157963 MB memory.
2026-10-02 14:42:23.171 INFO   [6F6966\E2E3AC] Auto-router pass #835 on board 'f651684b1c0f4c9eed3ec085527f30ec' was completed in 0.12 seconds with the score of 988.34 (1 unrouted), using 15656.84 CPU seconds and 158981 MB memory.
2026-10-02 14:42:23.246 INFO   [6F6966\E2E3AC] Restoring an earlier board that has the score of 988.34 (1 unrouted).
2026-10-02 14:42:23.246 INFO   [6F6966\E2E3AC] Auto-router pass #836 on board 'ac471839189eeecae62f24c93bf44eb3' was completed in 0.06 seconds with the score of 987.80 (1 unrouted), using 15656.84 CPU seconds and 158981 MB memory.
2026-10-02 14:42:23.370 INFO   [6F6966\E2E3AC] Auto-router pass #837 on board 'ac471839189eeecae62f24c93bf44eb3' was completed in 0.12 seconds with the score of 987.80 (1 unrouted), using 15656.84 CPU seconds and 158981 MB memory.
2026-10-02 14:42:23.431 INFO   [6F6966\E2E3AC] Auto-router pass #838 on board '1327773080dc709185a30c263d11f532' was completed in 0.04 seconds with the score of 988.12 (1 unrouted), using 15656.84 CPU seconds and 158981 MB memory.
2026-10-02 14:42:23.587 INFO   [6F6966\E2E3AC] Auto-router pass #839 on board '8a4cb317f430c0c2cb7a721f459a324d' was completed in 0.14 seconds with the score of 985.70 (1 unrouted), using 15656.84 CPU seconds and 158981 MB memory.
2026-10-02 14:42:23.669 INFO   [6F6966\E2E3AC] Restoring an earlier board that has the score of 988.34 (1 unrouted).
2026-10-02 14:42:23.669 INFO   [6F6966\E2E3AC] Auto-router pass #840 on board 'ae8dac04f60c08655232f93ac8b1aab3' was completed in 0.07 seconds with the score of 986.12 (1 unrouted), using 15656.84 CPU seconds and 158981 MB memory.
2026-10-02 14:42:23.792 INFO   [6F6966\E2E3AC] Auto-router pass #841 on board 'ac471839189eeecae62f24c93bf44eb3' was completed in 0.12 seconds with the score of 987.80 (1 unrouted), using 15656.84 CPU seconds and 158981 MB memory.
2026-10-02 14:42:23.904 INFO   [6F6966\E2E3AC] Auto-router pass #842 on board '1327773080dc709185a30c263d11f532' was completed in 0.11 seconds with the score of 988.18 (1 unrouted), using 15656.84 CPU seconds and 158981 MB memory.
2026-10-02 14:42:23.954 INFO   [6F6966\E2E3AC] Auto-router pass #843 on board 'd4595d40ed8301f5156994dc56987448' was completed in 0.04 seconds with the score of 988.16 (1 unrouted), using 15656.84 CPU seconds and 158981 MB memory.
2026-10-02 14:42:24.012 INFO   [6F6966\E2E3AC] Restoring an earlier board that has the score of 988.34 (1 unrouted).
2026-10-02 14:42:24.012 INFO   [6F6966\E2E3AC] Auto-router pass #844 on board '7716cd9590d19696ee96a88ce1858e5c' was completed in 0.05 seconds with the score of 988.18 (1 unrouted), using 15656.84 CPU seconds and 158981 MB memory.
2026-10-02 14:42:24.049 INFO   [6F6966\E2E3AC] Auto-router pass #845 on board 'ac471839189eeecae62f24c93bf44eb3' was completed in 0.03 seconds with the score of 987.80 (1 unrouted), using 15656.84 CPU seconds and 158981 MB memory.
2026-10-02 14:42:24.170 INFO   [6F6966\E2E3AC] Auto-router pass #846 on board '01a253fb1929eff1e71bfd6024b16a32' was completed in 0.11 seconds with the score of 988.12 (1 unrouted), using 15832.45 CPU seconds and 160015 MB memory.
2026-10-02 14:42:24.303 INFO   [6F6966\E2E3AC] Auto-router pass #847 on board '5d0129ea828d0402fae117a7e9a07c56' was completed in 0.12 seconds with the score of 987.88 (1 unrouted), using 15832.45 CPU seconds and 160015 MB memory.
2026-10-02 14:42:24.600 INFO   [6F6966\E2E3AC] Restoring an earlier board that has the score of 988.34 (1 unrouted).
2026-10-02 14:42:24.600 INFO   [6F6966\E2E3AC] Auto-router pass #848 on board 'f22665657567084868168a6781811740' was completed in 0.28 seconds with the score of 988.41 (1 unrouted), using 15832.45 CPU seconds and 160015 MB memory.
2026-10-02 14:42:24.727 INFO   [6F6966\E2E3AC] Auto-router pass #849 on board 'ac471839189eeecae62f24c93bf44eb3' was completed in 0.12 seconds with the score of 987.80 (1 unrouted), using 15832.45 CPU seconds and 160015 MB memory.
2026-10-02 14:42:24.844 INFO   [6F6966\E2E3AC] Auto-router pass #850 on board '1327773080dc709185a30c263d11f532' was completed in 0.11 seconds with the score of 988.18 (1 unrouted), using 15832.45 CPU seconds and 160015 MB memory.
2026-10-02 14:42:24.962 INFO   [6F6966\E2E3AC] Auto-router pass #851 on board 'd4595d40ed8301f5156994dc56987448' was completed in 0.11 seconds with the score of 988.16 (1 unrouted), using 15832.45 CPU seconds and 160015 MB memory.
2026-10-02 14:42:25.025 INFO   [6F6966\E2E3AC] Restoring an earlier board that has the score of 988.32 (1 unrouted).
2026-10-02 14:42:25.025 INFO   [6F6966\E2E3AC] Auto-router pass #852 on board '37c50759a290f4b8d69941739fedac2a' was completed in 0.05 seconds with the score of 988.18 (1 unrouted), using 15832.45 CPU seconds and 160015 MB memory.
2026-10-02 14:42:25.061 INFO   [6F6966\E2E3AC] Auto-router pass #853 on board '6a29a4df7be756d0505e1dff076d137f' was completed in 0.03 seconds with the score of 988.07 (1 unrouted), using 15832.45 CPU seconds and 160015 MB memory.
2026-10-02 14:42:25.097 INFO   [6F6966\E2E3AC] Auto-router pass #854 on board 'a96e0b132bdea63d4cffeb492e20d7b1' was completed in 0.03 seconds with the score of 988.01 (1 unrouted), using 15832.45 CPU seconds and 160015 MB memory.
2026-10-02 14:42:25.220 INFO   [6F6966\E2E3AC] Auto-router pass #855 on board 'f651684b1c0f4c9eed3ec085527f30ec' was completed in 0.12 seconds with the score of 988.34 (1 unrouted), using 16009.03 CPU seconds and 161035 MB memory.
2026-10-02 14:42:25.284 INFO   [6F6966\E2E3AC] Restoring an earlier board that has the score of 988.32 (1 unrouted).
2026-10-02 14:42:25.284 INFO   [6F6966\E2E3AC] Auto-router pass #856 on board 'ac471839189eeecae62f24c93bf44eb3' was completed in 0.06 seconds with the score of 987.80 (1 unrouted), using 16009.03 CPU seconds and 161035 MB memory.
2026-10-02 14:42:25.321 INFO   [6F6966\E2E3AC] Auto-router pass #857 on board '6a29a4df7be756d0505e1dff076d137f' was completed in 0.03 seconds with the score of 988.07 (1 unrouted), using 16009.03 CPU seconds and 161035 MB memory.
2026-10-02 14:42:25.452 INFO   [6F6966\E2E3AC] Auto-router pass #858 on board 'a96e0b132bdea63d4cffeb492e20d7b1' was completed in 0.12 seconds with the score of 988.01 (1 unrouted), using 16009.03 CPU seconds and 161035 MB memory.
2026-10-02 14:42:25.497 INFO   [6F6966\E2E3AC] Auto-router pass #859 on board '4c6429c4c7fb0a2d133a46d8c7e6b2e3' was completed in 0.03 seconds with the score of 988.07 (1 unrouted), using 16009.03 CPU seconds and 161035 MB memory.
2026-10-02 14:42:25.574 INFO   [6F6966\E2E3AC] Restoring an earlier board that has the score of 988.27 (1 unrouted).
2026-10-02 14:42:25.574 INFO   [6F6966\E2E3AC] Auto-router pass #860 on board 'fa1e4d7c0b71cc8b1404f57f44bb404a' was completed in 0.06 seconds with the score of 988.32 (1 unrouted), using 16009.03 CPU seconds and 161035 MB memory.
2026-10-02 14:42:25.619 INFO   [6F6966\E2E3AC] Auto-router pass #861 on board 'ef824837cdf0c43aeaa690728c25df65' was completed in 0.04 seconds with the score of 985.70 (1 unrouted), using 16009.03 CPU seconds and 161035 MB memory.
2026-10-02 14:42:25.713 INFO   [6F6966\E2E3AC] Auto-router pass #862 on board 'b3bcc3be48626d9a66770e8a8798d199' was completed in 0.09 seconds with the score of 977.52 (2 unrouted), using 16009.03 CPU seconds and 161035 MB memory.
2026-10-02 14:42:25.824 INFO   [6F6966\E2E3AC] Auto-router pass #863 on board 'cc6c0c524ce4a9436400f65bdd4d7de0' was completed in 0.10 seconds with the score of 967.50 (3 unrouted), using 16009.03 CPU seconds and 161035 MB memory.
2026-10-02 14:42:26.325 INFO   [6F6966\E2E3AC] Restoring an earlier board that has the score of 988.27 (1 unrouted).
2026-10-02 14:42:26.325 INFO   [6F6966\E2E3AC] Auto-router pass #864 on board '51b347768bd194592ff23f686a6233b8' was completed in 0.49 seconds with the score of 926.80 (5 unrouted), using 16186.59 CPU seconds and 162005 MB memory.
2026-10-02 14:42:26.374 INFO   [6F6966\E2E3AC] Auto-router pass #865 on board 'ef824837cdf0c43aeaa690728c25df65' was completed in 0.04 seconds with the score of 985.70 (1 unrouted), using 16186.59 CPU seconds and 162005 MB memory.
2026-10-02 14:42:26.416 INFO   [6F6966\E2E3AC] Auto-router pass #866 on board 'b3bcc3be48626d9a66770e8a8798d199' was completed in 0.04 seconds with the score of 985.38 (1 unrouted), using 16186.59 CPU seconds and 162005 MB memory.
2026-10-02 14:42:26.525 INFO   [6F6966\E2E3AC] Auto-router pass #867 on board 'ab22af42dd0f29a45c00eb6e0c744d2d' was completed in 0.10 seconds with the score of 982.24 (1 unrouted), using 16186.59 CPU seconds and 162005 MB memory.
2026-10-02 14:42:26.576 INFO   [6F6966\E2E3AC] Restoring an earlier board that has the score of 988.27 (1 unrouted).
2026-10-02 14:42:26.577 INFO   [6F6966\E2E3AC] Auto-router pass #868 on board '85abcee7d7f267d3e339902edf6ab918' was completed in 0.04 seconds with the score of 982.62 (1 unrouted), using 16186.59 CPU seconds and 162005 MB memory.
2026-10-02 14:42:26.701 INFO   [6F6966\E2E3AC] Auto-router pass #869 on board 'ef824837cdf0c43aeaa690728c25df65' was completed in 0.12 seconds with the score of 985.59 (1 unrouted), using 16186.59 CPU seconds and 162005 MB memory.
2026-10-02 14:42:26.785 INFO   [6F6966\E2E3AC] Auto-router pass #870 on board '2fb592eac89f516c8c7564c5ce4cf280' was completed in 0.07 seconds with the score of 977.52 (2 unrouted), using 16186.59 CPU seconds and 162005 MB memory.
2026-10-02 14:42:26.849 INFO   [6F6966\E2E3AC] Auto-router pass #871 on board '68fb48fe1cabdbdb009c8816c299eb0c' was completed in 0.05 seconds with the score of 986.03 (1 unrouted), using 16186.59 CPU seconds and 162005 MB memory.
2026-10-02 14:42:26.913 INFO   [6F6966\E2E3AC] Restoring an earlier board that has the score of 988.27 (1 unrouted).
2026-10-02 14:42:26.913 INFO   [6F6966\E2E3AC] Auto-router pass #872 on board '25cc24b610b82d6df7dd5d0330a70c00' was completed in 0.05 seconds with the score of 985.57 (1 unrouted), using 16186.59 CPU seconds and 162005 MB memory.
2026-10-02 14:42:26.962 INFO   [6F6966\E2E3AC] Auto-router pass #873 on board 'ef824837cdf0c43aeaa690728c25df65' was completed in 0.04 seconds with the score of 985.70 (1 unrouted), using 16186.59 CPU seconds and 162005 MB memory.
2026-10-02 14:42:27.004 INFO   [6F6966\E2E3AC] Auto-router pass #874 on board 'b3bcc3be48626d9a66770e8a8798d199' was completed in 0.04 seconds with the score of 985.38 (1 unrouted), using 16186.59 CPU seconds and 162005 MB memory.
2026-10-02 14:42:27.098 INFO   [6F6966\E2E3AC] Auto-router pass #875 on board 'ab22af42dd0f29a45c00eb6e0c744d2d' was completed in 0.09 seconds with the score of 982.96 (1 unrouted), using 16186.59 CPU seconds and 162005 MB memory.
2026-10-02 14:42:27.156 INFO   [6F6966\E2E3AC] Restoring an earlier board that has the score of 988.18 (1 unrouted).
2026-10-02 14:42:27.156 INFO   [6F6966\E2E3AC] Auto-router pass #876 on board '2f07f1b24b9c4a181ea1a9daf0b254f0' was completed in 0.05 seconds with the score of 981.62 (1 unrouted), using 16365.14 CPU seconds and 163039 MB memory.
2026-10-02 14:42:27.283 INFO   [6F6966\E2E3AC] Auto-router pass #877 on board 'd4595d40ed8301f5156994dc56987448' was completed in 0.12 seconds with the score of 988.16 (1 unrouted), using 16365.14 CPU seconds and 163039 MB memory.
2026-10-02 14:42:27.326 INFO   [6F6966\E2E3AC] Auto-router pass #878 on board '3f016488fd246451c7909cf884c8f139' was completed in 0.03 seconds with the score of 988.18 (1 unrouted), using 16365.14 CPU seconds and 163039 MB memory.
2026-10-02 14:42:27.373 INFO   [6F6966\E2E3AC] Auto-router pass #879 on board '2f24cd3acc826073531e1c83ac309725' was completed in 0.04 seconds with the score of 988.16 (1 unrouted), using 16365.14 CPU seconds and 163039 MB memory.
2026-10-02 14:42:27.438 INFO   [6F6966\E2E3AC] Restoring an earlier board that has the score of 988.18 (1 unrouted).
2026-10-02 14:42:27.438 INFO   [6F6966\E2E3AC] Auto-router pass #880 on board '82f1353099c6755ea9fbaf1fe49117e3' was completed in 0.05 seconds with the score of 988.18 (1 unrouted), using 16365.14 CPU seconds and 163039 MB memory.
2026-10-02 14:42:27.481 INFO   [6F6966\E2E3AC] Auto-router pass #881 on board 'd4595d40ed8301f5156994dc56987448' was completed in 0.04 seconds with the score of 988.16 (1 unrouted), using 16365.14 CPU seconds and 163039 MB memory.
2026-10-02 14:42:27.624 INFO   [6F6966\E2E3AC] Auto-router pass #882 on board 'bcf9af04c9089de80548b355c722be9c' was completed in 0.13 seconds with the score of 978.31 (2 unrouted), using 16365.14 CPU seconds and 163039 MB memory.
2026-10-02 14:42:27.699 INFO   [6F6966\E2E3AC] Auto-router pass #883 on board 'd300c11d9cf47475bd193f796e4dbefd' was completed in 0.06 seconds with the score of 984.73 (1 unrouted), using 16365.14 CPU seconds and 163039 MB memory.
2026-10-02 14:42:27.968 INFO   [6F6966\E2E3AC] Restoring an earlier board that has the score of 988.18 (1 unrouted).
2026-10-02 14:42:27.968 INFO   [6F6966\E2E3AC] Auto-router pass #884 on board 'fc5c3126e3f40dd4207c9b490b226efd' was completed in 0.26 seconds with the score of 985.27 (1 unrouted), using 16365.14 CPU seconds and 163039 MB memory.
2026-10-02 14:42:28.090 INFO   [6F6966\E2E3AC] Auto-router pass #885 on board 'd4595d40ed8301f5156994dc56987448' was completed in 0.12 seconds with the score of 988.16 (1 unrouted), using 16365.14 CPU seconds and 163039 MB memory.
2026-10-02 14:42:28.209 INFO   [6F6966\E2E3AC] Auto-router pass #886 on board '3f016488fd246451c7909cf884c8f139' was completed in 0.11 seconds with the score of 988.26 (1 unrouted), using 16544.66 CPU seconds and 164052 MB memory.
2026-10-02 14:42:28.255 INFO   [6F6966\E2E3AC] Auto-router pass #887 on board 'ca7e514c45892a61a44c27c3a580e366' was completed in 0.03 seconds with the score of 988.24 (1 unrouted), using 16544.66 CPU seconds and 164052 MB memory.
2026-10-02 14:42:28.316 INFO   [6F6966\E2E3AC] Restoring an earlier board that has the score of 988.26 (1 unrouted).
2026-10-02 14:42:28.316 INFO   [6F6966\E2E3AC] Auto-router pass #888 on board 'e26e205b991c50d5fe3cfbf5cf3d97c5' was completed in 0.05 seconds with the score of 988.26 (1 unrouted), using 16544.66 CPU seconds and 164052 MB memory.
2026-10-02 14:42:28.357 INFO   [6F6966\E2E3AC] Auto-router pass #889 on board 'ca7e514c45892a61a44c27c3a580e366' was completed in 0.04 seconds with the score of 988.24 (1 unrouted), using 16544.66 CPU seconds and 164052 MB memory.
2026-10-02 14:42:28.488 INFO   [6F6966\E2E3AC] Auto-router pass #890 on board 'e26e205b991c50d5fe3cfbf5cf3d97c5' was completed in 0.12 seconds with the score of 978.31 (2 unrouted), using 16544.66 CPU seconds and 164052 MB memory.
2026-10-02 14:42:28.589 INFO   [6F6966\E2E3AC] Auto-router pass #891 on board 'd3f4362517ddba3fcaf85b334f1d866c' was completed in 0.09 seconds with the score of 976.00 (2 unrouted), using 16544.66 CPU seconds and 164052 MB memory.
2026-10-02 14:42:28.891 INFO   [6F6966\E2E3AC] Restoring an earlier board that has the score of 988.26 (1 unrouted).
2026-10-02 14:42:28.891 INFO   [6F6966\E2E3AC] Auto-router pass #892 on board '4985aa3d442b22b571b73513fd42fb98' was completed in 0.29 seconds with the score of 979.49 (2 unrouted), using 16544.66 CPU seconds and 164052 MB memory.
2026-10-02 14:42:29.018 INFO   [6F6966\E2E3AC] Auto-router pass #893 on board 'ca7e514c45892a61a44c27c3a580e366' was completed in 0.12 seconds with the score of 988.24 (1 unrouted), using 16544.66 CPU seconds and 164052 MB memory.
2026-10-02 14:42:29.066 INFO   [6F6966\E2E3AC] Auto-router pass #894 on board '4199b683f0e8d42786c21948d13f14a5' was completed in 0.04 seconds with the score of 988.26 (1 unrouted), using 16544.66 CPU seconds and 164052 MB memory.
2026-10-02 14:42:29.118 INFO   [6F6966\E2E3AC] Auto-router pass #895 on board '59091191f28594ea3dce6f7865054ed9' was completed in 0.04 seconds with the score of 988.24 (1 unrouted), using 16725.16 CPU seconds and 165078 MB memory.
2026-10-02 14:42:29.408 INFO   [6F6966\E2E3AC] Restoring an earlier board that has the score of 988.26 (1 unrouted).
2026-10-02 14:42:29.408 INFO   [6F6966\E2E3AC] Auto-router pass #896 on board '06ab313381f07fe8778ea17db289da83' was completed in 0.28 seconds with the score of 981.84 (2 unrouted), using 16725.16 CPU seconds and 165078 MB memory.
2026-10-02 14:42:29.531 INFO   [6F6966\E2E3AC] Auto-router pass #897 on board '59091191f28594ea3dce6f7865054ed9' was completed in 0.12 seconds with the score of 988.24 (1 unrouted), using 16725.16 CPU seconds and 165078 MB memory.
2026-10-02 14:42:29.573 INFO   [6F6966\E2E3AC] Auto-router pass #898 on board 'f5da0ada40c53c4e1dec332ee02b331e' was completed in 0.03 seconds with the score of 988.26 (1 unrouted), using 16725.16 CPU seconds and 165078 MB memory.
2026-10-02 14:42:29.623 INFO   [6F6966\E2E3AC] Auto-router pass #899 on board '9f34b80163582b3bb792cb74602cdb75' was completed in 0.04 seconds with the score of 988.24 (1 unrouted), using 16725.16 CPU seconds and 165078 MB memory.
2026-10-02 14:42:29.896 INFO   [6F6966\E2E3AC] Restoring an earlier board that has the score of 988.26 (1 unrouted).
2026-10-02 14:42:29.897 INFO   [6F6966\E2E3AC] Auto-router pass #900 on board '2c6b67067b13f5bc576097768d8ece31' was completed in 0.26 seconds with the score of 981.84 (2 unrouted), using 16725.16 CPU seconds and 165078 MB memory.
2026-10-02 14:42:29.938 INFO   [6F6966\E2E3AC] Auto-router pass #901 on board '59091191f28594ea3dce6f7865054ed9' was completed in 0.04 seconds with the score of 988.24 (1 unrouted), using 16725.16 CPU seconds and 165078 MB memory.
2026-10-02 14:42:30.098 INFO   [6F6966\E2E3AC] Auto-router pass #902 on board 'fee75dc407993b1a4310eaf80dd6741b' was completed in 0.15 seconds with the score of 978.31 (2 unrouted), using 16725.16 CPU seconds and 165078 MB memory.
2026-10-02 14:42:30.402 INFO   [6F6966\E2E3AC] Auto-router pass #903 on board 'c3a299c74544ad7b98f79e6047e7f63b' was completed in 0.29 seconds with the score of 977.96 (2 unrouted), using 16906.63 CPU seconds and 166043 MB memory.
2026-10-02 14:42:31.065 INFO   [6F6966\E2E3AC] Restoring an earlier board that has the score of 988.26 (1 unrouted).
2026-10-02 14:42:31.065 INFO   [6F6966\E2E3AC] Auto-router pass #904 on board 'f439b54ca49db53d08330759d2e11770' was completed in 0.65 seconds with the score of 973.27 (2 unrouted), using 16906.63 CPU seconds and 166043 MB memory.
2026-10-02 14:42:31.249 INFO   [6F6966\E2E3AC] Auto-router pass #905 on board '59091191f28594ea3dce6f7865054ed9' was completed in 0.18 seconds with the score of 988.24 (1 unrouted), using 17089.08 CPU seconds and 166703 MB memory.
2026-10-02 14:42:31.307 INFO   [6F6966\E2E3AC] Auto-router pass #906 on board 'f5da0ada40c53c4e1dec332ee02b331e' was completed in 0.05 seconds with the score of 988.26 (1 unrouted), using 17089.08 CPU seconds and 166703 MB memory.
2026-10-02 14:42:31.368 INFO   [6F6966\E2E3AC] Auto-router pass #907 on board '9f34b80163582b3bb792cb74602cdb75' was completed in 0.05 seconds with the score of 988.24 (1 unrouted), using 17089.08 CPU seconds and 166703 MB memory.
2026-10-02 14:42:31.445 INFO   [6F6966\E2E3AC] Restoring an earlier board that has the score of 988.26 (1 unrouted).
2026-10-02 14:42:31.445 INFO   [6F6966\E2E3AC] Auto-router pass #908 on board '2c6b67067b13f5bc576097768d8ece31' was completed in 0.07 seconds with the score of 988.26 (1 unrouted), using 17089.08 CPU seconds and 166703 MB memory.
2026-10-02 14:42:31.631 INFO   [6F6966\E2E3AC] Auto-router pass #909 on board '59091191f28594ea3dce6f7865054ed9' was completed in 0.18 seconds with the score of 988.24 (1 unrouted), using 17089.08 CPU seconds and 166703 MB memory.
2026-10-02 14:42:31.685 INFO   [6F6966\E2E3AC] Auto-router pass #910 on board 'f5da0ada40c53c4e1dec332ee02b331e' was completed in 0.05 seconds with the score of 988.26 (1 unrouted), using 17089.08 CPU seconds and 166703 MB memory.
2026-10-02 14:42:31.860 INFO   [6F6966\E2E3AC] Auto-router pass #911 on board '9f34b80163582b3bb792cb74602cdb75' was completed in 0.17 seconds with the score of 988.24 (1 unrouted), using 17089.08 CPU seconds and 166703 MB memory.
2026-10-02 14:42:32.256 INFO   [6F6966\E2E3AC] Restoring an earlier board that has the score of 988.26 (1 unrouted).
2026-10-02 14:42:32.256 INFO   [6F6966\E2E3AC] Auto-router pass #912 on board 'ef66554d8e9f7a9e3adab3fcc54a1f0b' was completed in 0.38 seconds with the score of 988.33 (1 unrouted), using 17272.51 CPU seconds and 167397 MB memory.
2026-10-02 14:42:32.322 INFO   [6F6966\E2E3AC] Auto-router pass #913 on board '9f34b80163582b3bb792cb74602cdb75' was completed in 0.06 seconds with the score of 988.24 (1 unrouted), using 17272.51 CPU seconds and 167397 MB memory.
2026-10-02 14:42:32.372 INFO   [6F6966\E2E3AC] Auto-router pass #914 on board '2c6b67067b13f5bc576097768d8ece31' was completed in 0.04 seconds with the score of 988.26 (1 unrouted), using 17272.51 CPU seconds and 167397 MB memory.
2026-10-02 14:42:32.444 INFO   [6F6966\E2E3AC] Auto-router pass #915 on board 'cb4200cb2a4efc9123f5b0386e90b2c6' was completed in 0.05 seconds with the score of 988.24 (1 unrouted), using 17272.51 CPU seconds and 167397 MB memory.
2026-10-02 14:42:32.853 INFO   [6F6966\E2E3AC] Restoring an earlier board that has the score of 988.26 (1 unrouted).
2026-10-02 14:42:32.853 INFO   [6F6966\E2E3AC] Auto-router pass #916 on board 'fb612380552fa2fab69bb1875414627b' was completed in 0.39 seconds with the score of 981.84 (2 unrouted), using 17272.51 CPU seconds and 167397 MB memory.
2026-10-02 14:42:33.019 INFO   [6F6966\E2E3AC] Auto-router pass #917 on board '9f34b80163582b3bb792cb74602cdb75' was completed in 0.16 seconds with the score of 988.24 (1 unrouted), using 17272.51 CPU seconds and 167397 MB memory.
2026-10-02 14:42:33.060 INFO   [6F6966\E2E3AC] Auto-router pass #918 on board 'c11130d68f2ca4533a7fd2b990db46dc' was completed in 0.03 seconds with the score of 988.26 (1 unrouted), using 17272.51 CPU seconds and 167397 MB memory.
2026-10-02 14:42:33.129 INFO   [6F6966\E2E3AC] Auto-router pass #919 on board 'efb09449377f42a3078b6671dee1b107' was completed in 0.06 seconds with the score of 988.24 (1 unrouted), using 17456.92 CPU seconds and 168104 MB memory.
2026-10-02 14:42:33.436 INFO   [6F6966\E2E3AC] Restoring an earlier board that has the score of 988.26 (1 unrouted).
2026-10-02 14:42:33.436 INFO   [6F6966\E2E3AC] Auto-router pass #920 on board '3b63a63ff11e20ddefd30429363724a5' was completed in 0.29 seconds with the score of 981.84 (2 unrouted), using 17456.92 CPU seconds and 168104 MB memory.
2026-10-02 14:42:33.568 INFO   [6F6966\E2E3AC] Auto-router pass #921 on board '9f34b80163582b3bb792cb74602cdb75' was completed in 0.13 seconds with the score of 988.24 (1 unrouted), using 17456.92 CPU seconds and 168104 MB memory.
2026-10-02 14:42:33.602 INFO   [6F6966\E2E3AC] Auto-router pass #922 on board 'c11130d68f2ca4533a7fd2b990db46dc' was completed in 0.03 seconds with the score of 988.26 (1 unrouted), using 17456.92 CPU seconds and 168104 MB memory.
2026-10-02 14:42:33.649 INFO   [6F6966\E2E3AC] Auto-router pass #923 on board 'efb09449377f42a3078b6671dee1b107' was completed in 0.04 seconds with the score of 988.24 (1 unrouted), using 17456.92 CPU seconds and 168104 MB memory.
2026-10-02 14:42:33.913 INFO   [6F6966\E2E3AC] Restoring an earlier board that has the score of 988.26 (1 unrouted).
2026-10-02 14:42:33.913 INFO   [6F6966\E2E3AC] Auto-router pass #924 on board '3b63a63ff11e20ddefd30429363724a5' was completed in 0.26 seconds with the score of 981.84 (2 unrouted), using 17456.92 CPU seconds and 168104 MB memory.
2026-10-02 14:42:33.954 INFO   [6F6966\E2E3AC] Auto-router pass #925 on board '9f34b80163582b3bb792cb74602cdb75' was completed in 0.04 seconds with the score of 988.24 (1 unrouted), using 17456.92 CPU seconds and 168104 MB memory.
2026-10-02 14:42:34.084 INFO   [6F6966\E2E3AC] Auto-router pass #926 on board '2c6b67067b13f5bc576097768d8ece31' was completed in 0.12 seconds with the score of 978.31 (2 unrouted), using 17456.92 CPU seconds and 168104 MB memory.
2026-10-02 14:42:34.155 INFO   [6F6966\E2E3AC] Auto-router pass #927 on board '41f0724ec0daf04959bba05cf217e45c' was completed in 0.06 seconds with the score of 985.56 (1 unrouted), using 17642.32 CPU seconds and 169069 MB memory.
2026-10-02 14:42:34.335 INFO   [6F6966\E2E3AC] Restoring an earlier board that has the score of 988.26 (1 unrouted).
2026-10-02 14:42:34.335 INFO   [6F6966\E2E3AC] Auto-router pass #928 on board '0a8c12271fdecd84fa55522b59080faa' was completed in 0.17 seconds with the score of 958.08 (3 unrouted), using 17642.32 CPU seconds and 169069 MB memory.
2026-10-02 14:42:34.382 INFO   [6F6966\E2E3AC] Auto-router pass #929 on board 'cb4200cb2a4efc9123f5b0386e90b2c6' was completed in 0.04 seconds with the score of 988.24 (1 unrouted), using 17642.32 CPU seconds and 169069 MB memory.
2026-10-02 14:42:34.420 INFO   [6F6966\E2E3AC] Auto-router pass #930 on board 'fb612380552fa2fab69bb1875414627b' was completed in 0.03 seconds with the score of 988.26 (1 unrouted), using 17642.32 CPU seconds and 169069 MB memory.
2026-10-02 14:42:34.562 INFO   [6F6966\E2E3AC] Auto-router pass #931 on board 'f620d4003be985b7c0cf6032533be50d' was completed in 0.13 seconds with the score of 988.24 (1 unrouted), using 17642.32 CPU seconds and 169069 MB memory.
2026-10-02 14:42:34.869 INFO   [6F6966\E2E3AC] Restoring an earlier board that has the score of 988.26 (1 unrouted).
2026-10-02 14:42:34.869 INFO   [6F6966\E2E3AC] Auto-router pass #932 on board '8c47678ca40bdc80d9a63b0b2d32f623' was completed in 0.29 seconds with the score of 988.33 (1 unrouted), using 17642.32 CPU seconds and 169069 MB memory.
2026-10-02 14:42:34.992 INFO   [6F6966\E2E3AC] Auto-router pass #933 on board 'cb4200cb2a4efc9123f5b0386e90b2c6' was completed in 0.12 seconds with the score of 988.24 (1 unrouted), using 17642.32 CPU seconds and 169069 MB memory.
2026-10-02 14:42:35.036 INFO   [6F6966\E2E3AC] Auto-router pass #934 on board '9a6f712f3e364bcdaa598133523cb55f' was completed in 0.03 seconds with the score of 988.26 (1 unrouted), using 17642.32 CPU seconds and 169069 MB memory.
2026-10-02 14:42:35.090 INFO   [6F6966\E2E3AC] Auto-router pass #935 on board '356cb82079a01598b34c4067837293be' was completed in 0.04 seconds with the score of 988.24 (1 unrouted), using 17642.32 CPU seconds and 169069 MB memory.
2026-10-02 14:42:35.153 INFO   [6F6966\E2E3AC] Restoring an earlier board that has the score of 988.26 (1 unrouted).
2026-10-02 14:42:35.153 INFO   [6F6966\E2E3AC] Auto-router pass #936 on board '7ebaf685a4bc167269bb66801c5c9672' was completed in 0.05 seconds with the score of 988.26 (1 unrouted), using 17828.69 CPU seconds and 170005 MB memory.
2026-10-02 14:42:35.280 INFO   [6F6966\E2E3AC] Auto-router pass #937 on board 'cb4200cb2a4efc9123f5b0386e90b2c6' was completed in 0.12 seconds with the score of 988.24 (1 unrouted), using 17828.69 CPU seconds and 170005 MB memory.
2026-10-02 14:42:35.406 INFO   [6F6966\E2E3AC] Auto-router pass #938 on board '9a6f712f3e364bcdaa598133523cb55f' was completed in 0.12 seconds with the score of 988.33 (1 unrouted), using 17828.69 CPU seconds and 170005 MB memory.
2026-10-02 14:42:35.454 INFO   [6F6966\E2E3AC] Auto-router pass #939 on board '19c97646ebb63035c077ef28ec3df9e1' was completed in 0.04 seconds with the score of 988.32 (1 unrouted), using 17828.69 CPU seconds and 170005 MB memory.
2026-10-02 14:42:35.734 INFO   [6F6966\E2E3AC] Restoring an earlier board that has the score of 988.33 (1 unrouted).
2026-10-02 14:42:35.735 INFO   [6F6966\E2E3AC] Auto-router pass #940 on board '788521398d37652a0cb3ed0f454e606b' was completed in 0.27 seconds with the score of 981.96 (2 unrouted), using 17828.69 CPU seconds and 170005 MB memory.
2026-10-02 14:42:35.776 INFO   [6F6966\E2E3AC] Auto-router pass #941 on board '19c97646ebb63035c077ef28ec3df9e1' was completed in 0.04 seconds with the score of 988.32 (1 unrouted), using 17828.69 CPU seconds and 170005 MB memory.
2026-10-02 14:42:35.822 INFO   [6F6966\E2E3AC] Auto-router pass #942 on board '0a61f0a93648128048ee86d71b740003' was completed in 0.03 seconds with the score of 988.33 (1 unrouted), using 17828.69 CPU seconds and 170005 MB memory.
2026-10-02 14:42:35.873 INFO   [6F6966\E2E3AC] Auto-router pass #943 on board 'a0234e032448802b9528baed066d61a4' was completed in 0.04 seconds with the score of 988.32 (1 unrouted), using 17828.69 CPU seconds and 170005 MB memory.
2026-10-02 14:42:35.935 INFO   [6F6966\E2E3AC] Restoring an earlier board that has the score of 988.33 (1 unrouted).
2026-10-02 14:42:35.936 INFO   [6F6966\E2E3AC] Auto-router pass #944 on board 'c9593523daedd315055dca9e6b7a457b' was completed in 0.05 seconds with the score of 988.33 (1 unrouted), using 17828.69 CPU seconds and 170005 MB memory.
2026-10-02 14:42:36.063 INFO   [6F6966\E2E3AC] Auto-router pass #945 on board 'a0234e032448802b9528baed066d61a4' was completed in 0.12 seconds with the score of 988.32 (1 unrouted), using 17828.69 CPU seconds and 170005 MB memory.
2026-10-02 14:42:36.193 INFO   [6F6966\E2E3AC] Auto-router pass #946 on board '2959fdf3e43472e24294e3c5dc32f75c' was completed in 0.12 seconds with the score of 988.41 (1 unrouted), using 18016.04 CPU seconds and 171021 MB memory.
2026-10-02 14:42:36.320 INFO   [6F6966\E2E3AC] Auto-router pass #947 on board '33acce7cad1fae9e3e221b4287bdab92' was completed in 0.11 seconds with the score of 988.39 (1 unrouted), using 18016.04 CPU seconds and 171021 MB memory.
2026-10-02 14:42:36.385 INFO   [6F6966\E2E3AC] Restoring an earlier board that has the score of 988.41 (1 unrouted).
2026-10-02 14:42:36.385 INFO   [6F6966\E2E3AC] Auto-router pass #948 on board '13185a911a6f7f766f21a448cadf018f' was completed in 0.05 seconds with the score of 988.41 (1 unrouted), using 18016.04 CPU seconds and 171021 MB memory.
2026-10-02 14:42:36.508 INFO   [6F6966\E2E3AC] Auto-router pass #949 on board '33acce7cad1fae9e3e221b4287bdab92' was completed in 0.12 seconds with the score of 988.39 (1 unrouted), using 18016.04 CPU seconds and 171021 MB memory.
2026-10-02 14:42:36.543 INFO   [6F6966\E2E3AC] Auto-router pass #950 on board '13185a911a6f7f766f21a448cadf018f' was completed in 0.03 seconds with the score of 988.41 (1 unrouted), using 18016.04 CPU seconds and 171021 MB memory.
2026-10-02 14:42:36.595 INFO   [6F6966\E2E3AC] Auto-router pass #951 on board '2b6a0a2a761c8f9569c6f8463b0339e5' was completed in 0.04 seconds with the score of 988.39 (1 unrouted), using 18016.04 CPU seconds and 171021 MB memory.
2026-10-02 14:42:36.870 INFO   [6F6966\E2E3AC] Restoring an earlier board that has the score of 988.41 (1 unrouted).
2026-10-02 14:42:36.870 INFO   [6F6966\E2E3AC] Auto-router pass #952 on board 'b8fbab7a64a22dd46cad0855988be9b3' was completed in 0.26 seconds with the score of 982.07 (2 unrouted), using 18016.04 CPU seconds and 171021 MB memory.
2026-10-02 14:42:36.989 INFO   [6F6966\E2E3AC] Auto-router pass #953 on board '2b6a0a2a761c8f9569c6f8463b0339e5' was completed in 0.11 seconds with the score of 988.39 (1 unrouted), using 18016.04 CPU seconds and 171021 MB memory.
2026-10-02 14:42:37.035 INFO   [6F6966\E2E3AC] Auto-router pass #954 on board '0d31abcee342d9f9be5f314b9b49e600' was completed in 0.03 seconds with the score of 988.41 (1 unrouted), using 18016.04 CPU seconds and 171021 MB memory.
2026-10-02 14:42:37.083 INFO   [6F6966\E2E3AC] Auto-router pass #955 on board 'f5bfa0780e1f0a79949811b3c8c9adc1' was completed in 0.04 seconds with the score of 988.39 (1 unrouted), using 18016.04 CPU seconds and 171021 MB memory.
2026-10-02 14:42:37.357 INFO   [6F6966\E2E3AC] Restoring an earlier board that has the score of 988.41 (1 unrouted).
2026-10-02 14:42:37.358 INFO   [6F6966\E2E3AC] Auto-router pass #956 on board 'd599648e4825fc77367ed1f7d6756777' was completed in 0.26 seconds with the score of 982.07 (2 unrouted), using 18204.36 CPU seconds and 172056 MB memory.
2026-10-02 14:42:37.481 INFO   [6F6966\E2E3AC] Auto-router pass #957 on board '2b6a0a2a761c8f9569c6f8463b0339e5' was completed in 0.12 seconds with the score of 988.39 (1 unrouted), using 18204.36 CPU seconds and 172056 MB memory.
2026-10-02 14:42:37.517 INFO   [6F6966\E2E3AC] Auto-router pass #958 on board '0d31abcee342d9f9be5f314b9b49e600' was completed in 0.03 seconds with the score of 988.41 (1 unrouted), using 18204.36 CPU seconds and 172056 MB memory.
2026-10-02 14:42:37.562 INFO   [6F6966\E2E3AC] Auto-router pass #959 on board 'f5bfa0780e1f0a79949811b3c8c9adc1' was completed in 0.04 seconds with the score of 988.39 (1 unrouted), using 18204.36 CPU seconds and 172056 MB memory.
2026-10-02 14:42:37.842 INFO   [6F6966\E2E3AC] Restoring an earlier board that has the score of 988.41 (1 unrouted).
2026-10-02 14:42:37.843 INFO   [6F6966\E2E3AC] Auto-router pass #960 on board 'd599648e4825fc77367ed1f7d6756777' was completed in 0.28 seconds with the score of 982.07 (2 unrouted), using 18204.36 CPU seconds and 172056 MB memory.
2026-10-02 14:42:37.961 INFO   [6F6966\E2E3AC] Auto-router pass #961 on board '2b6a0a2a761c8f9569c6f8463b0339e5' was completed in 0.11 seconds with the score of 988.39 (1 unrouted), using 18204.36 CPU seconds and 172056 MB memory.
2026-10-02 14:42:38.079 INFO   [6F6966\E2E3AC] Auto-router pass #962 on board '0d31abcee342d9f9be5f314b9b49e600' was completed in 0.11 seconds with the score of 988.48 (1 unrouted), using 18204.36 CPU seconds and 172056 MB memory.
2026-10-02 14:42:38.207 INFO   [6F6966\E2E3AC] Auto-router pass #963 on board 'c2507432edf1d13aab92fbabaf502aee' was completed in 0.11 seconds with the score of 988.46 (1 unrouted), using 18393.65 CPU seconds and 173067 MB memory.
2026-10-02 14:42:38.267 INFO   [6F6966\E2E3AC] Restoring an earlier board that has the score of 988.48 (1 unrouted).
2026-10-02 14:42:38.267 INFO   [6F6966\E2E3AC] Auto-router pass #964 on board '161479f276ee5cb166b976c09c4bcb41' was completed in 0.05 seconds with the score of 988.48 (1 unrouted), using 18393.65 CPU seconds and 173067 MB memory.
2026-10-02 14:42:38.384 INFO   [6F6966\E2E3AC] Auto-router pass #965 on board 'c2507432edf1d13aab92fbabaf502aee' was completed in 0.11 seconds with the score of 988.46 (1 unrouted), using 18393.65 CPU seconds and 173067 MB memory.
2026-10-02 14:42:38.504 INFO   [6F6966\E2E3AC] Auto-router pass #966 on board '161479f276ee5cb166b976c09c4bcb41' was completed in 0.11 seconds with the score of 988.55 (1 unrouted), using 18393.65 CPU seconds and 173067 MB memory.
2026-10-02 14:42:38.629 INFO   [6F6966\E2E3AC] Auto-router pass #967 on board 'c1e69a019116d241513ebf799ee4206f' was completed in 0.11 seconds with the score of 988.54 (1 unrouted), using 18393.65 CPU seconds and 173067 MB memory.
2026-10-02 14:42:38.889 INFO   [6F6966\E2E3AC] Auto-router pass #968 on board 'e6ec89c198a07b4f57eccc21b14c3aab' was completed in 0.25 seconds with the score of 988.62 (1 unrouted), using 18393.65 CPU seconds and 173067 MB memory.
2026-10-02 14:42:39.016 INFO   [6F6966\E2E3AC] Auto-router pass #969 on board '5769a8a7aa083e6cab3b664c5f6aea13' was completed in 0.12 seconds with the score of 988.61 (1 unrouted), using 18393.65 CPU seconds and 173067 MB memory.
2026-10-02 14:42:39.063 INFO   [6F6966\E2E3AC] Auto-router pass #970 on board 'da4741f410f4de6e30e57cd4cc369088' was completed in 0.03 seconds with the score of 988.62 (1 unrouted), using 18393.65 CPU seconds and 173067 MB memory.
2026-10-02 14:42:39.193 INFO   [6F6966\E2E3AC] Auto-router pass #971 on board '4e5a6e49d987b365935f99bb01fbdc91' was completed in 0.12 seconds with the score of 988.61 (1 unrouted), using 18583.92 CPU seconds and 174138 MB memory.
2026-10-02 14:42:39.260 INFO   [6F6966\E2E3AC] Restoring an earlier board that has the score of 988.62 (1 unrouted).
2026-10-02 14:42:39.260 INFO   [6F6966\E2E3AC] Auto-router pass #972 on board '172ed379c863869047f2579c9eb54e13' was completed in 0.05 seconds with the score of 988.62 (1 unrouted), using 18583.92 CPU seconds and 174138 MB memory.
2026-10-02 14:42:39.384 INFO   [6F6966\E2E3AC] Auto-router pass #973 on board '4e5a6e49d987b365935f99bb01fbdc91' was completed in 0.12 seconds with the score of 988.61 (1 unrouted), using 18583.92 CPU seconds and 174138 MB memory.
2026-10-02 14:42:39.430 INFO   [6F6966\E2E3AC] Auto-router pass #974 on board '7fbebd49a60528624571bf4903134a57' was completed in 0.03 seconds with the score of 988.62 (1 unrouted), using 18583.92 CPU seconds and 174138 MB memory.
2026-10-02 14:42:39.480 INFO   [6F6966\E2E3AC] Auto-router pass #975 on board 'fe9ecffeb7e322b6f17aba1517612f84' was completed in 0.04 seconds with the score of 988.61 (1 unrouted), using 18583.92 CPU seconds and 174138 MB memory.
2026-10-02 14:42:39.544 INFO   [6F6966\E2E3AC] Restoring an earlier board that has the score of 988.62 (1 unrouted).
2026-10-02 14:42:39.544 INFO   [6F6966\E2E3AC] Auto-router pass #976 on board 'acfd88a8271f15fdb147fad0087f3fd7' was completed in 0.05 seconds with the score of 988.62 (1 unrouted), using 18583.92 CPU seconds and 174138 MB memory.
2026-10-02 14:42:39.684 INFO   [6F6966\E2E3AC] Auto-router pass #977 on board '4e5a6e49d987b365935f99bb01fbdc91' was completed in 0.13 seconds with the score of 988.61 (1 unrouted), using 18583.92 CPU seconds and 174138 MB memory.
2026-10-02 14:42:39.721 INFO   [6F6966\E2E3AC] Auto-router pass #978 on board '7fbebd49a60528624571bf4903134a57' was completed in 0.03 seconds with the score of 988.62 (1 unrouted), using 18583.92 CPU seconds and 174138 MB memory.
2026-10-02 14:42:39.845 INFO   [6F6966\E2E3AC] Auto-router pass #979 on board 'fe9ecffeb7e322b6f17aba1517612f84' was completed in 0.12 seconds with the score of 988.61 (1 unrouted), using 18583.92 CPU seconds and 174138 MB memory.
2026-10-02 14:42:40.118 INFO   [6F6966\E2E3AC] Restoring an earlier board that has the score of 988.62 (1 unrouted).
2026-10-02 14:42:40.118 INFO   [6F6966\E2E3AC] Auto-router pass #980 on board 'a945fe06b0e1f4d4941335078f91a500' was completed in 0.26 seconds with the score of 988.62 (1 unrouted), using 18775.16 CPU seconds and 175147 MB memory.
2026-10-02 14:42:40.160 INFO   [6F6966\E2E3AC] Auto-router pass #981 on board '4e5a6e49d987b365935f99bb01fbdc91' was completed in 0.04 seconds with the score of 988.61 (1 unrouted), using 18775.16 CPU seconds and 175147 MB memory.
2026-10-02 14:42:40.208 INFO   [6F6966\E2E3AC] Auto-router pass #982 on board '8ec5e6287fefff1957fe693c8f836cb8' was completed in 0.03 seconds with the score of 988.62 (1 unrouted), using 18775.16 CPU seconds and 175147 MB memory.
2026-10-02 14:42:40.255 INFO   [6F6966\E2E3AC] Auto-router pass #983 on board '07909f965b648bca2160fd2c49224602' was completed in 0.04 seconds with the score of 988.61 (1 unrouted), using 18775.16 CPU seconds and 175147 MB memory.
2026-10-02 14:42:40.533 INFO   [6F6966\E2E3AC] Restoring an earlier board that has the score of 988.62 (1 unrouted).
2026-10-02 14:42:40.533 INFO   [6F6966\E2E3AC] Auto-router pass #984 on board '074a41bfb5f54b71656b75d6c83bc090' was completed in 0.27 seconds with the score of 982.41 (2 unrouted), using 18775.16 CPU seconds and 175147 MB memory.
2026-10-02 14:42:40.663 INFO   [6F6966\E2E3AC] Auto-router pass #985 on board '4e5a6e49d987b365935f99bb01fbdc91' was completed in 0.12 seconds with the score of 988.61 (1 unrouted), using 18775.16 CPU seconds and 175147 MB memory.
2026-10-02 14:42:40.700 INFO   [6F6966\E2E3AC] Auto-router pass #986 on board '7fbebd49a60528624571bf4903134a57' was completed in 0.03 seconds with the score of 988.62 (1 unrouted), using 18775.16 CPU seconds and 175147 MB memory.
2026-10-02 14:42:40.741 INFO   [6F6966\E2E3AC] Auto-router pass #987 on board 'fe9ecffeb7e322b6f17aba1517612f84' was completed in 0.04 seconds with the score of 988.61 (1 unrouted), using 18775.16 CPU seconds and 175147 MB memory.
2026-10-02 14:42:40.798 INFO   [6F6966\E2E3AC] Restoring an earlier board that has the score of 988.62 (1 unrouted).
2026-10-02 14:42:40.799 INFO   [6F6966\E2E3AC] Auto-router pass #988 on board 'acfd88a8271f15fdb147fad0087f3fd7' was completed in 0.05 seconds with the score of 988.62 (1 unrouted), using 18775.16 CPU seconds and 175147 MB memory.
2026-10-02 14:42:40.846 INFO   [6F6966\E2E3AC] Auto-router pass #989 on board 'fe9ecffeb7e322b6f17aba1517612f84' was completed in 0.04 seconds with the score of 988.61 (1 unrouted), using 18775.16 CPU seconds and 175147 MB memory.
2026-10-02 14:42:40.982 INFO   [6F6966\E2E3AC] Auto-router pass #990 on board 'acfd88a8271f15fdb147fad0087f3fd7' was completed in 0.13 seconds with the score of 978.31 (2 unrouted), using 18775.16 CPU seconds and 175147 MB memory.
2026-10-02 14:42:41.084 INFO   [6F6966\E2E3AC] Auto-router pass #991 on board '9bd721f1b19f21556290bed09de13bd8' was completed in 0.09 seconds with the score of 976.90 (2 unrouted), using 18775.16 CPU seconds and 175147 MB memory.
2026-10-02 14:42:41.245 INFO   [6F6966\E2E3AC] Restoring an earlier board that has the score of 988.62 (1 unrouted).
2026-10-02 14:42:41.245 INFO   [6F6966\E2E3AC] Auto-router pass #992 on board '632277c3697185b69b2d5c3f70ad95c2' was completed in 0.15 seconds with the score of 977.55 (2 unrouted), using 18967.38 CPU seconds and 176164 MB memory.
2026-10-02 14:42:41.290 INFO   [6F6966\E2E3AC] Auto-router pass #993 on board 'fe9ecffeb7e322b6f17aba1517612f84' was completed in 0.04 seconds with the score of 988.61 (1 unrouted), using 18967.38 CPU seconds and 176164 MB memory.
2026-10-02 14:42:41.326 INFO   [6F6966\E2E3AC] Auto-router pass #994 on board 'acfd88a8271f15fdb147fad0087f3fd7' was completed in 0.03 seconds with the score of 988.62 (1 unrouted), using 18967.38 CPU seconds and 176164 MB memory.
2026-10-02 14:42:41.375 INFO   [6F6966\E2E3AC] Auto-router pass #995 on board '6c88254b6a288e2bedc4608b620083b2' was completed in 0.04 seconds with the score of 988.61 (1 unrouted), using 18967.38 CPU seconds and 176164 MB memory.
2026-10-02 14:42:41.661 INFO   [6F6966\E2E3AC] Restoring an earlier board that has the score of 988.62 (1 unrouted).
2026-10-02 14:42:41.661 INFO   [6F6966\E2E3AC] Auto-router pass #996 on board '3d915e85162c39a4aca8c1f1663f1f33' was completed in 0.27 seconds with the score of 982.41 (2 unrouted), using 18967.38 CPU seconds and 176164 MB memory.
2026-10-02 14:42:41.781 INFO   [6F6966\E2E3AC] Auto-router pass #997 on board 'fe9ecffeb7e322b6f17aba1517612f84' was completed in 0.11 seconds with the score of 988.61 (1 unrouted), using 18967.38 CPU seconds and 176164 MB memory.
2026-10-02 14:42:41.827 INFO   [6F6966\E2E3AC] Auto-router pass #998 on board 'b370ab6ada5172313f47e7d383a519fd' was completed in 0.03 seconds with the score of 988.62 (1 unrouted), using 18967.38 CPU seconds and 176164 MB memory.
2026-10-02 14:42:41.953 INFO   [6F6966\E2E3AC] Auto-router pass #999 on board '6f1bb6c5d86b3415346bbc7185d0fc5a' was completed in 0.11 seconds with the score of 988.61 (1 unrouted), using 18967.38 CPU seconds and 176164 MB memory.
{
  "host": "KiCad's Pcbnew,9.0.2+dfsg-1",
  "unit": "mm",
  "board": {
    "bounding_box": {
      "x": 1332.07,
      "y": -955.0,
      "width": 939.0,
      "height": -1045.0
    },
    "size": {
      "x": 0.0,
      "y": 0.0,
      "width": 393.07,
      "height": 90.0
    }
  },
  "layers": {
    "total_count": 2,
    "signal_count": 2
  },
  "items": {
    "total_count": 283,
    "trace_count": 136,
    "via_count": 19,
    "conduction_area_count": 0,
    "drill_item_count": 89,
    "pin_count": 0,
    "component_count": 26,
    "other_count": 13
  },
  "components": {
    "total_count": 4
  },
  "pads": {
    "total_count": 89
  },
  "nets": {
    "total_count": 15,
    "class_count": 3
  },
  "connections": {
    "maximum_count": 160,
    "incomplete_count": 1
  },
  "traces": {
    "total_count": 136,
    "total_segment_count": 217,
    "total_length": 1530.7396,
    "total_weighted_length": 1943822.2,
    "average_length": 11.255439,
    "total_vertical_length": 612.504,
    "total_horizontal_length": 720.679,
    "total_angled_length": 428.60477
  },
  "bends": {
    "total_count": 81,
    "90_degree_count": 0,
    "45_degree_count": 81,
    "other_angle_count": 0
  },
  "vias": {
    "total_count": 19,
    "through_hole_count": 19,
    "blind_count": 0,
    "buried_count": 0
  },
  "clearance_violations": {
    "total_count": 0
  }
}
2026-10-02 14:41:17.961 ERROR  AutorouteEngine.autoroute_connection: Exception in maze_search_algo.find_connection
java.lang.NullPointerException: Cannot read field "item" because "p_other" is null
	at app.freerouting.autoroute.ObstacleExpansionRoom.create_overlap_door(ObstacleExpansionRoom.java:98) ~[fr-2.1.0.jar:unspecified]
	at app.freerouting.autoroute.SortedRoomNeighbours.calculate_neighbours(SortedRoomNeighbours.java:178) ~[fr-2.1.0.jar:unspecified]
	at app.freerouting.autoroute.SortedRoomNeighbours.calculate(SortedRoomNeighbours.java:45) ~[fr-2.1.0.jar:unspecified]
	at app.freerouting.autoroute.AutorouteEngine.calculate_doors(AutorouteEngine.java:520) ~[fr-2.1.0.jar:unspecified]
	at app.freerouting.autoroute.AutorouteEngine.complete_neighbour_rooms(AutorouteEngine.java:560) ~[fr-2.1.0.jar:unspecified]
	at app.freerouting.autoroute.MazeSearchAlgo.expand_to_room_doors(MazeSearchAlgo.java:335) ~[fr-2.1.0.jar:unspecified]
	at app.freerouting.autoroute.MazeSearchAlgo.occupy_next_element(MazeSearchAlgo.java:286) ~[fr-2.1.0.jar:unspecified]
	at app.freerouting.autoroute.MazeSearchAlgo.find_connection(MazeSearchAlgo.java:206) ~[fr-2.1.0.jar:unspecified]
	at app.freerouting.autoroute.AutorouteEngine.autoroute_connection(AutorouteEngine.java:155) [fr-2.1.0.jar:unspecified]
	at app.freerouting.autoroute.BatchAutorouter.autoroute_item(BatchAutorouter.java:610) [fr-2.1.0.jar:unspecified]
	at app.freerouting.autoroute.BatchAutorouter.autoroute_pass(BatchAutorouter.java:332) [fr-2.1.0.jar:unspecified]
	at app.freerouting.autoroute.BatchAutorouter.runBatchLoop(BatchAutorouter.java:447) [fr-2.1.0.jar:unspecified]
	at app.freerouting.management.RoutingJobSchedulerActionThread.thread_action(RoutingJobSchedulerActionThread.java:131) [fr-2.1.0.jar:unspecified]
	at app.freerouting.core.StoppableThread.run(StoppableThread.java:26) [fr-2.1.0.jar:unspecified]
2026-10-02 14:41:18.015 ERROR  AutorouteEngine.autoroute_connection: Exception in maze_search_algo.find_connection
java.lang.NullPointerException: Cannot invoke "app.freerouting.geometry.planar.TileShape.nearest_point_approx(app.freerouting.geometry.planar.FloatPoint)" because "target_shape" is null
	at app.freerouting.autoroute.MazeSearchAlgo.expand_to_target_doors(MazeSearchAlgo.java:534) ~[fr-2.1.0.jar:unspecified]
	at app.freerouting.autoroute.MazeSearchAlgo.expand_to_room_doors(MazeSearchAlgo.java:398) ~[fr-2.1.0.jar:unspecified]
	at app.freerouting.autoroute.MazeSearchAlgo.occupy_next_element(MazeSearchAlgo.java:286) ~[fr-2.1.0.jar:unspecified]
	at app.freerouting.autoroute.MazeSearchAlgo.find_connection(MazeSearchAlgo.java:206) ~[fr-2.1.0.jar:unspecified]
	at app.freerouting.autoroute.AutorouteEngine.autoroute_connection(AutorouteEngine.java:155) [fr-2.1.0.jar:unspecified]
	at app.freerouting.autoroute.BatchAutorouter.autoroute_item(BatchAutorouter.java:610) [fr-2.1.0.jar:unspecified]
	at app.freerouting.autoroute.BatchAutorouter.autoroute_pass(BatchAutorouter.java:332) [fr-2.1.0.jar:unspecified]
	at app.freerouting.autoroute.BatchAutorouter.runBatchLoop(BatchAutorouter.java:447) [fr-2.1.0.jar:unspecified]
	at app.freerouting.management.RoutingJobSchedulerActionThread.thread_action(RoutingJobSchedulerActionThread.java:131) [fr-2.1.0.jar:unspecified]
	at app.freerouting.core.StoppableThread.run(StoppableThread.java:26) [fr-2.1.0.jar:unspecified]
